Row ID,Order ID,Order Date,Ship Date,Customer Name,Segment,Region,Category,Sub-Category,Product Name,Sales,Quantity,Discount,Profit
1,US-2022-102435,2022-02-06,"February 11, 2022",Amit King,Consumer,West,Office Supplies,Fasteners,Bostitch Staples Deluxe,20.01,3.0,0.0,13.95
2,US-2023-103040,2023-11-10,"November 16, 2023",Carlos Wright,Corporate,Central,Office Supplies,Art,Prismacolor Pencils Deluxe,67.94,6.0,0.15,36.32
3,US-2022-102226,02-Jun-2022,2022-06-07,Priya Lee,Corporate,East,Office Supplies,Paper,HP Premium Paper Deluxe,23.47,2.0,0.0,15.0
4,US-2023-100888,29/09/2023,03-Oct-2023,Grace Smith,Corporate,South,Office Supplies,Binders,Acco Binder Deluxe,50.78,2.0,0.0,29.5
5,US-2022-101978,01/31/2022,02/02/2022,Daniel Garcia,Corporate,East,Office Supplies,Labels,Sharpie Label Tape Value,7.07,1.0,0.2,4.37
6,US-2022-101129,14/09/2022,18-Sep-2022,Olivia Nair,Corporate,West,Furniture,Furnishings,Eldon Desk Lamp Pro,190.71,3.0,0.0,92.06
7,US-2024-100616,09-Jan-2024,2024-01-10,Noah Wilson,Consumer,South,Office Supplies,Art,Prismacolor Pencils Deluxe,53.94,4.0,0.0,28.47
8,US-2021-102588,2021-06-21,"June 23, 2021",Ethan Smith,Consumer,East,Furniture,Bookcases,Sauder Bookcase Value,203.82,1.0,0.2,10.53
9,US-2021-102422,05/02/2021,09-Feb-2021,Zoe Anderson,Corporate,East,Furniture,Bookcases,Bush Classic Bookcase Classic,745.4,2.0,0.0,190.52
10,US-2024-100992,20/10/2024,23-Oct-2024,James Kumar,Consumer,East,Office Supplies,Art,Prismacolor Pencils Pro,14.82,1.0,0.0,8.57
11,US-2022-102644,14-Apr-2022,2022-04-18,Carlos Nair,Consumer,South,Furniture,Tables,Bretford Conference Table Classic,132.92,1.0,0.3,-4.7
12,US-2024-100403,12/27/2024,28/12/2024,Mateo Davis,Corporate,South,Office Supplies,Fasteners,ACCO Fasteners Standard,6.0,2.0,0.0,4.3
13,US-2023-102911,14-Jul-2023,2023-07-17,Kavya Chen,Home Office,South,Furniture,Bookcases,Sauder Bookcase Standard,229.32,1.0,0.2,18.96
14,US-2023-102826,23-Mar-2023,2023-03-26,Ananya Martinez,Consumer,Central,Office Supplies,Supplies,Stanley Hole Punch Standard,5.5,1.0,0.7,-3.1
15,US-2021-102210,18/10/2021,21-Oct-2021,Amit Clark,Consumer,Central,Technology,Accessories,Logitech Mouse Deluxe,112.46,3.0,0.2,45.66
16,US-2021-101503,24/08/2021,29-Aug-2021,Laura Brown,Consumer,Central,Office Supplies,Storage,SAFCO Storage Bin Deluxe,144.84,2.0,0.3,25.06
17,US-2024-102681,20-Apr-2024,2024-04-22,Mateo Patel,Consumer,South,Furniture,Bookcases,Sauder Bookcase Deluxe,1126.38,5.0,0.1,230.35
18,US-2023-102807,2023-08-02,"August 06, 2023",Arjun Wilson,Home Office,Central,Office Supplies,Fasteners,ACCO Fasteners Standard,4.82,1.0,0.2,3.25
19,US-2021-103042,2021-06-26,"June 27, 2021",Grace Thomas,Consumer,South,Office Supplies,Art,Sharpie Marker Set Deluxe,24.14,2.0,0.4,7.55
20,US-2023-100550,07/24/2023,25/07/2023,Arjun Lee,Corporate,West,Furniture,Bookcases,Sauder Bookcase Standard,328.83,1.0,0.0,86.57
21,US-2021-100058,05/24/2021,29/05/2021,Yusuf Thomas,Consumer,West,Office Supplies,Labels,Avery Label Set Pro,9.41,2.0,0.5,3.24
22,US-2024-100786,2024-11-26,"November 29, 2024",Mia Garcia,Home Office,East,Office Supplies,Fasteners,ACCO Fasteners Classic,7.22,3.0,0.7,0.21
23,US-2021-102369,03/24/2021,25/03/2021,Lucas Clark,Home Office,East,Office Supplies,Storage,Fellowes File Cart Pro,96.4,2.0,0.4,3.38
24,US-2022-102602,02-Oct-2022,2022-10-06,Liam Chen,Consumer,West,Office Supplies,Fasteners,ACCO Fasteners Deluxe,15.1,2.0,0.2,9.31
25,US-2024-100100,"November 14, 2024",11/18/2024,Sofia Brown,Consumer,West,Technology,Machines,Zebra Label Printer Classic,712.87,1.0,0.1,111.64
26,US-2021-102306,13-Dec-2021,2021-12-16,Carlos Walker,Consumer,West,Office Supplies,Supplies,Elmer's Glue Pack Value,100.04,4.0,0.0,56.04
27,US-2024-103016,2024-11-05,"November 12, 2024",Priya Brown,Consumer,West,Office Supplies,Envelopes,Kraft Clasp Envelope Classic,30.18,3.0,0.0,19.12
28,US-2021-101605,"September 18, 2021",09/23/2021,Omar Walker,Consumer,West,Office Supplies,Fasteners,ACCO Fasteners Standard,22.13,4.0,0.3,12.48
29,US-2024-101693,15/05/2024,19-May-2024,Isabella Davis,Consumer,East,Technology,Accessories,Belkin Cable Pro,126.45,3.0,0.15,50.44
30,US-2024-103117,2024-12-12,"December 18, 2024",Arjun Lee,Consumer,South,Office Supplies,Art,Sharpie Marker Set Deluxe,41.18,3.0,,21.74
31,US-2022-101215,19/06/2022,22-Jun-2022,James Anderson,Home Office,South,Office Supplies,Art,Prismacolor Pencils Standard,10.98,1.0,0.15,5.39
32,US-2021-101276,07-Oct-2021,2021-10-14,Hannah Nair,Consumer,East,Furniture,Bookcases,Sauder Bookcase Value,74.05,1.0,0.0,19.69
33,US-2021-100193,"December 29, 2021",12/31/2021,Nina Nair,Corporate,West,Office Supplies,Fasteners,Bostitch Staples Value,18.99,3.0,0.2,11.48
34,US-2024-101922,13/01/2024,20-Jan-2024,Daniel Clark,Home Office,East,Furniture,Furnishings,Tenex Chairmat Classic,152.97,2.0,0.0,67.76
35,US-2021-102405,2021-11-12,"November 15, 2021",Yusuf Rodriguez,Corporate,Central,Office Supplies,Envelopes,Kraft Clasp Envelope Pro,30.43,2.0,0.0,19.21
36,US-2024-102847,17-Sep-2024,2024-09-21,Wei Garcia,Consumer,East,Office Supplies,Paper,Boise Copy Paper Classic,,3.0,0.4,11.19
37,US-2021-103151,"July 26, 2021",07/31/2021,Maria Kumar,Consumer,Central,Office Supplies,Appliances,Hoover Vacuum Pro,166.47,1.0,0.0,68.47
38,US-2021-101700,27/11/2021,30-Nov-2021,Kenji Martinez,Corporate,Central,Office Supplies,Labels,Sharpie Label Tape Deluxe,7.9,1.0,0.0,5.0
39,US-2022-102290,08-Oct-2022,2022-10-11,Amit Rodriguez,Consumer,East,Technology,Phones,Apple iPhone Accessory Standard,576.61,2.0,0.0,181.03
40,US-2023-102758,03/06/2023,10-Jun-2023,Hannah Kumar,Consumer,Central,Furniture,Bookcases,O'Sullivan Bookcase Value,1105.95,4.0,0.1,222.04
41,US-2024-100922,"December 12, 2024",12/14/2024,Grace Smith,Home Office,East,Office Supplies,Supplies,Stanley Hole Punch Pro,110.64,4.0,0.0,58.79
42,US-2023-100626,10/02/2023,14-Feb-2023,Kenji Davis,Consumer,East,Technology,Phones,Cisco IP Phone Deluxe,1609.89,4.0,0.0,450.31
43,US-2024-102744,"July 20, 2024",07/27/2024,Chloe Smith,Consumer,West,Technology,Phones,Samsung Galaxy Dock Deluxe,301.04,3.0,0.6,-231.68
44,US-2024-101293,"September 24, 2024",10/01/2024,Ravi Lee,Home Office,South,Office Supplies,Appliances,Hoover Vacuum Classic,120.33,1.0,0.0,52.12
45,US-2021-100820,06/28/2021,30/06/2021,Mateo Rodriguez,Consumer,Central,Furniture,Bookcases,Sauder Bookcase Value,1476.37,4.0,0.0,366.76
46,US-2024-102969,"April 29, 2024",05/03/2024,Kavya Kumar,Consumer,West,Office Supplies,Labels,Sharpie Label Tape Deluxe,6.17,1.0,0.15,3.58
47,US-2021-101788,2021-09-06,"September 10, 2021",Amit Nair,Consumer,East,Furniture,Tables,Chromcraft Round Table Classic,799.51,2.0,0.0,196.64
48,US-2021-101901,14-Dec-2021,2021-12-17,Sofia Patel,Home Office,East,Technology,Phones,Samsung Galaxy Dock Standard,1528.56,6.0,0.2,243.7
49,US-2024-100325,"October 11, 2024",10/15/2024,Daniel Wright,Consumer,South,Furniture,Chairs,Global Deluxe Chair Deluxe,240.99,1.0,0.15,51.34
50,US-2024-101221,11-Sep-2024,2024-09-15,Zoe Martinez,Consumer,South,Furniture,Tables,Bretford Conference Table Classic,1179.19,5.0,0.2,102.45
51,US-2024-102317,25/10/2024,28-Oct-2024,Arjun Rodriguez,Consumer,Central,Office Supplies,Paper,HP Premium Paper Pro,15.5,1.0,0.0,10.53
52,US-2021-100481,08/03/2021,08/08/2021,Wei Thomas,Home Office,East,Technology,Phones,Cisco IP Phone Standard,303.13,1.0,0.0,95.43
53,US-2023-103243,2023-08-28,"September 04, 2023",Mateo Garcia,Home Office,South,Office Supplies,Supplies,Elmer's Glue Pack Pro,12.77,1.0,0.1,6.41
54,US-2023-102579,04/30/2023,03/05/2023,Ravi Wright,Home Office,East,Office Supplies,Supplies,Elmer's Glue Pack Standard,40.05,3.0,0.4,9.84
55,US-2022-102003,23-Jan-2022,2022-01-26,Nina Brown,Corporate,West,Office Supplies,Labels,Avery Label Set Value,36.55,4.0,0.0,23.87
56,US-2022-102253,2022-09-27,"October 01, 2022",Mateo Patel,Corporate,West,Office Supplies,Storage,IRIS Storage Box Standard,282.88,4.0,0.4,23.96
57,US-2024-101481,"June 16, 2024",06/20/2024,Kenji Clark,Consumer,East,Technology,Phones,Samsung Galaxy Dock Value,393.28,2.0,0.6,-298.32
58,US-2023-100045,02/11/2023,06-Nov-2023,Priya Wilson,Corporate,East,Office Supplies,Storage,Fellowes File Cart Classic,243.98,3.0,0.15,83.06
59,US-2021-101648,08-Jun-2021,2021-06-12,Lucas Rodriguez,Home Office,South,Furniture,Bookcases,O'Sullivan Bookcase Standard,967.2,4.0,0.0,267.28
60,US-2023-101888,29-Jun-2023,2023-07-02,Amit Brown,Corporate,West,Office Supplies,Art,Newell Scissors Classic,31.66,4.0,0.4,11.09
61,US-2022-102722,09/06/2022,08/09/2022,Kenji Young,Corporate,South,Furniture,Tables,Bretford Conference Table Pro,448.75,2.0,0.1,92.84
62,US-2023-100230,11/30/2023,05/12/2023,Arjun Chen,Consumer,West,Office Supplies,Art,Newell Scissors Classic,70.42,5.0,0.0,38.34
63,US-2022-102788,05-Dec-2022,2022-12-10,Grace Young,Consumer,Central,Office Supplies,Appliances,Avanti Refrigerator Value,76.34,1.0,0.15,21.91
64,US-2022-100700,27-May-2022,2022-05-30,Sofia Lee,Consumer,East,Office Supplies,Art,Newell Scissors Pro,18.45,2.0,0.2,9.47
65,US-2023-102159,2023-08-31,"September 04, 2023",Ravi Walker,Corporate,West,Technology,Machines,Cubify 3D Printer Standard,544.83,1.0,0.1,76.53
66,US-2022-100115,14/04/2022,17-Apr-2022,Yusuf King,Corporate,South,Office Supplies,Storage,Fellowes File Cart Classic,116.69,1.0,0.1,37.12
67,US-2024-102731,2024-10-29,"November 01, 2024",Sofia Smith,Home Office,East,Office Supplies,Binders,GBC Binding System Standard,18.07,1.0,0.2,9.01
68,US-2023-103086,21/07/2023,24-Jul-2023,Arjun Anderson,Consumer,West,Technology,Machines,Cubify 3D Printer Pro,837.33,2.0,0.3,-76.76
69,US-2024-101124,04/11/2024,18/04/2024,Priya Clark,Consumer,East,Office Supplies,Art,Newell Scissors Deluxe,7.66,3.0,0.8,-9.38
70,US-2024-103236,01/06/2024,10/01/2024,James Martinez,Consumer,South,Furniture,Chairs,Hon Task Chair Deluxe,129.06,1.0,0.5,-45.12
71,US-2023-101798,2023-11-19,"November 23, 2023",Mia Davis,Consumer,West,Furniture,Furnishings,Eldon Desk Lamp Classic,43.0,1.0,0.1,15.45
72,US-2023-100697,"December 08, 2023",12/12/2023,Zoe Garcia,Consumer,South,Office Supplies,Supplies,Stanley Hole Punch Classic,78.74,3.0,0.2,32.37
73,US-2021-100576,19/04/2021,21-Apr-2021,Yusuf Johnson,Corporate,Central,Office Supplies,Paper,HP Premium Paper Deluxe,26.79,3.0,0.2,16.45
74,US-2021-101862,04/24/2021,30/04/2021,Isabella Martinez,Consumer,East,Furniture,Bookcases,O'Sullivan Bookcase Deluxe,773.46,3.0,0.0,208.83
75,US-2023-100845,2023-05-05,"May 11, 2023",Liam Anderson,Home Office,West,Office Supplies,Appliances,Avanti Refrigerator Standard,80.55,1.0,0.2,24.26
76,US-2023-102221,2023-04-08,"April 12, 2023",Laura Walker,Consumer,West,Furniture,Furnishings,Fellowes Wall Clock Value,212.91,4.0,0.2,60.32
77,US-2024-102054,2024-07-25,"July 29, 2024",Zoe King,home office,East,Furniture,Tables,Chromcraft Round Table Deluxe,919.33,3.0,0.15,108.2
78,US-2023-100913,05/07/2023,11/05/2023,Sofia Thomas,Consumer,West,Office Supplies,Paper,HP Premium Paper Value,15.05,1.0,0.0,9.43
79,US-2023-102649,"January 12, 2023",01/16/2023,Omar Wilson,Consumer,East,Office Supplies,Envelopes,Kraft Clasp Envelope Pro,24.32,4.0,0.6,0.18
80,US-2024-101683,"April 15, 2024",04/19/2024,Ravi Davis,Corporate,West,Office Supplies,Binders,GBC Binding System Deluxe,33.49,4.0,0.4,10.87
81,US-2021-101286,07/18/2021,20/07/2021,Wei Clark,Corporate,West,Furniture,Chairs,Hon Task Chair Pro,148.41,1.0,0.1,36.37
82,US-2023-103242,04-Jul-2023,2023-07-06,Wei Davis,Consumer,East,Office Supplies,Appliances,Honeywell Fan Pro,779.25,4.0,0.0,318.47
83,US-2022-103319,21/04/2022,23-Apr-2022,Mia Walker,Consumer,South,Technology,Copiers,Canon imageCLASS Copier Classic,1261.11,1.0,0.0,255.62
84,US-2021-101083,24-Feb-2021,2021-02-27,Noah Nair,Consumer,South,Technology,Machines,Cubify 3D Printer Pro,733.94,1.0,0.15,55.6
85,US-2022-101214,02/15/2022,19/02/2022,Mateo Brown,Corporate,South,Office Supplies,Envelopes,Poly String Envelope Value,67.86,5.0,0.0,
86,US-2021-102334,31/07/2021,05-Aug-2021,Kavya Garcia,Consumer,West,Office Supplies,Paper,HP Premium Paper Standard,51.5,5.0,0.5,16.23
87,US-2024-102126,21/01/2024,23-Jan-2024,Sofia Martinez,Consumer,East,Technology,Accessories,Belkin Cable Value,25.06,1.0,0.2,9.95
88,US-2022-100099,09-Jul-2022,2022-07-13,Olivia Wilson,Corporate,Central,Office Supplies,Labels,Avery Label Set Value,9.16,1.0,0.2,5.35
89,US-2022-101584,14-Jan-2022,2022-01-17,Liam Davis,Consumer,West,Office Supplies,Binders,Wilson Jones Binder Value,19.02,2.0,0.5,2.78
90,US-2023-102639,03/11/2023,16/03/2023,James Patel,Corporate,East,Office Supplies,Appliances,Hoover Vacuum Pro,308.19,2.0,0.1,108.67
91,US-2022-100563,30/11/2022,03-Dec-2022,Chloe Johnson,Corporate,East,Technology,Machines,Lexmark Printer Pro,1178.94,2.0,0.2,-44.86
92,US-2022-101141,12-Oct-2022,2022-10-15,Ravi Wilson,Corporate,West,Furniture,Bookcases,Sauder Bookcase Standard,920.86,3.0,0.0,207.97
93,US-2023-100220,05/10/2023,17/05/2023,Grace Wright,Consumer,Central,Furniture,Furnishings,Eldon Desk Lamp Standard,82.43,2.0,0.0,35.27
94,US-2024-101683,15-Apr-2024,2024-04-19,Ravi Davis,Corporate,West,Technology,Machines,Lexmark Printer Classic,1145.51,2.0,0.3,-119.58
95,US-2021-100611,2021-09-20,"September 23, 2021",Yusuf Davis,Corporate,Central,Office Supplies,Appliances,Honeywell Fan Value,222.54,2.0,0.0,87.12
96,US-2024-100015,"January 09, 2024",01/12/2024,Arjun King,Home Office,East,Office Supplies,Labels,Avery Label Set Deluxe,9.92,2.0,0.4,4.39
97,US-2022-101698,24-Dec-2022,2022-12-27,Nina Young,Corporate,East,Technology,Machines,Lexmark Printer Value,1850.77,3.0,0.3,-232.54
98,US-2024-101957,02/03/2024,08/02/2024,Kavya Brown,Consumer,West,Technology,Copiers,Hewlett Packard Copier Pro,2056.83,1.0,0.0,420.27
99,US-2021-102710,31/12/2021,05-Jan-2022,Amit Rodriguez,Consumer,Central,Furniture,Tables,Bretford Conference Table Classic,359.83,2.0,0.3,-19.93
100,US-2023-100650,24-Aug-2023,2023-08-30,Kenji Wright,Consumer,West,Office Supplies,Art,Newell Scissors Standard,34.05,3.0,0.4,8.73
101,US-2024-100187,2024-12-24,"December 31, 2024",Grace Clark,Consumer,South,Office Supplies,Storage,SAFCO Storage Bin Deluxe,91.17,1.0,0.0,37.0
102,US-2022-100478,2022-03-06,"March 10, 2022",Emma Chen,Consumer,East,Office Supplies,Fasteners,Bostitch Staples Deluxe,3.79,1.0,0.1,2.51
103,US-2022-100311,02/04/2022,07-Apr-2022,Zoe Smith,Home Office,West,Technology,Copiers,Hewlett Packard Copier Deluxe,1215.89,1.0,0.15,43.42
104,US-2021-100890,12/16/2021,21/12/2021,Zoe King,Consumer,Central,Office Supplies,Appliances,Hoover Vacuum Standard,190.29,4.0,0.0,72.95
105,US-2022-102449,2022-04-30,"May 03, 2022",Ethan Brown,Corporate,South,Technology,Accessories,Logitech Mouse Classic,30.87,1.0,0.5,-0.43
106,US-2022-101094,01/03/2022,08-Mar-2022,Olivia Chen,Corporate,West,Office Supplies,Paper,Xerox Multipurpose Paper Value,42.27,4.0,0.2,24.32
107,US-2022-100046,2022-07-21,"July 25, 2022",Maria Smith,Corporate,East,Office Supplies,Labels,Avery Label Set Pro,15.09,2.0,0.0,9.78
108,US-2021-100077,01-Mar-2021,2021-03-02,Ravi Thomas,Home Office,West,Technology,Copiers,Canon imageCLASS Copier Classic,4544.94,4.0,0.1,647.34
109,US-2021-100263,"January 17, 2021",01/21/2021,Amit Patel,Corporate,West,Office Supplies,Art,Newell Scissors Pro,48.76,4.0,0.15,25.58
110,US-2024-100880,2024-11-12,"November 17, 2024",Zoe Nair,Consumer,West,Furniture,Furnishings,Eldon Desk Lamp Standard,51.11,1.0,0.0,22.57
111,US-2024-100318,26/04/2024,28-Apr-2024,Laura Kumar,Corporate,Central,Technology,Copiers,Hewlett Packard Copier Standard,3146.51,2.0,0.15,143.34
112,US-2024-100235,"October 23, 2024",10/28/2024,Sofia Smith,Home Office,South,Furniture,Bookcases,Sauder Bookcase Standard,752.35,3.0,0.0,206.22
113,US-2024-102113,07/05/2024,11-May-2024,Olivia Davis,Corporate,South,Office Supplies,Appliances,Avanti Refrigerator Standard,362.84,2.0,0.0,151.05
114,US-2021-101265,"November 07, 2021",11/11/2021,Ravi Brown,Home Office,Central,Technology,Phones,Apple iPhone Accessory Value,430.91,1.0,0.0,130.02
115,US-2021-100915,"January 30, 2021",02/01/2021,Carlos Clark,Consumer,West,Office Supplies,Binders,Wilson Jones Binder Standard,35.79,4.0,0.15,19.67
116,US-2023-102146,18-Feb-2023,2023-02-24,Maria Nair,Consumer,East,Office Supplies,Supplies,Stanley Hole Punch Standard,34.89,1.0,0.0,20.38
117,US-2022-101375,"January 18, 2022",01/20/2022,Emma Wilson,Consumer,Central,Furniture,Bookcases,Bush Classic Bookcase Deluxe,523.38,2.0,0.0,142.94
118,US-2023-102142,02/07/2023,10/02/2023,Noah Anderson,Consumer,South,Furniture,Furnishings,Fellowes Wall Clock Value,149.92,3.0,0.0,61.02
119,US-2021-101289,"June 13, 2021",06/20/2021,Olivia Chen,Corporate,East,Office Supplies,Appliances,Honeywell Fan Standard,84.52,1.0,0.5,-13.77
120,US-2022-101823,10/11/2022,17-Nov-2022,Amit Kumar,Corporate,West,Office Supplies,Storage,IRIS Storage Box Standard,101.42,1.0,0.0,42.64
121,US-2023-102488,"March 19, 2023",03/22/2023,Olivia Chen,Consumer,West,Office Supplies,Labels,Sharpie Label Tape Classic,52.73,5.0,0.1,36.46
122,US-2023-103001,"May 22, 2023",05/25/2023,Nina Wilson,Home Office,South,Technology,Accessories,Belkin Cable Pro,51.19,1.0,0.1,
123,US-2022-100901,2022-07-21,"July 25, 2022",Maria Brown,Corporate,West,Furniture,Bookcases,Sauder Bookcase Classic,409.36,2.0,0.5,-163.91
124,US-2021-101043,2021-10-26,"October 31, 2021",James Anderson,Home Office,Central,Office Supplies,Fasteners,ACCO Fasteners Standard,21.65,3.0,0.0,15.85
125,US-2022-100103,06-Aug-2022,2022-08-10,Priya Nair,Consumer,Central,Furniture,Bookcases,Sauder Bookcase Classic,141.7,1.0,0.5,-66.24
126,US-2021-101882,05-Nov-2021,2021-11-06,Arjun Davis,Corporate,Central,Furniture,Tables,Bevis Table Classic,82.89,1.0,0.8,-224.93
127,US-2023-101455,25-Jun-2023,2023-07-02,Grace Garcia,Consumer,South,Technology,Phones,Cisco IP Phone Classic,,6.0,0.1,448.52
128,US-2021-103313,13/01/2021,19-Jan-2021,Mia Clark,Corporate,West,Office Supplies,Art,Prismacolor Pencils Pro,31.78,4.0,0.2,15.89
129,US-2022-100707,01/07/2022,13/01/2022,Noah Wilson,Consumer,East,Office Supplies,Art,Newell Scissors Standard,29.0,2.0,0.0,17.23
130,US-2024-102364,"January 09, 2024",01/12/2024,Grace Martinez,Home Office,South,Office Supplies,Storage,IRIS Storage Box Value,98.69,1.0,0.2,28.08
131,US-2024-100038,2024-03-12,"March 18, 2024",Emma King,Home Office,Central,Furniture,Furnishings,Fellowes Wall Clock Value,71.63,2.0,0.4,5.76
132,US-2022-102950,21/10/2022,26-Oct-2022,Grace Johnson,Corporate,Central,Office Supplies,Labels,Avery Label Set Pro,57.65,4.0,0.0,38.12
133,US-2024-103238,10-May-2024,2024-05-14,Ravi Thomas,Home Office,Central,Office Supplies,Fasteners,Bostitch Staples Pro,6.31,1.0,0.0,4.53
134,US-2024-100694,01/29/2024,02/02/2024,Ethan Garcia,Consumer,West,Office Supplies,Supplies,Stanley Hole Punch Value,25.95,1.0,0.2,12.02
135,US-2023-101685,2023-11-24,"November 28, 2023",Amit Brown,Corporate,West,Office Supplies,Storage,SAFCO Storage Bin Standard,237.25,4.0,0.2,76.68
136,US-2022-101569,29-Sep-2022,2022-10-05,Sofia King,Consumer,East,Office Supplies,Envelopes,Poly String Envelope Classic,80.97,5.0,0.15,42.81
137,US-2021-101467,10/18/2021,21/10/2021,Wei Wilson,Consumer,East,Office Supplies,Fasteners,Bostitch Staples Value,29.03,4.0,0.1,19.13
138,US-2021-103259,2021-09-14,"September 19, 2021",Yusuf King,Consumer,West,Furniture,Chairs,Global Deluxe Chair Pro,1398.2,6.0,0.0,461.53
139,US-2024-102041,"November 28, 2024",11/29/2024,Ravi Thomas,Home Office,Central,Furniture,Tables,Bevis Table Classic,2958.25,6.0,0.0,758.12
140,US-2023-101021,"September 23, 2023",09/26/2023,Omar Smith,Consumer,East,Office Supplies,Binders,Acco Binder Standard,32.77,3.0,0.0,19.46
141,US-2024-102914,12-Jul-2024,2024-07-17,Kenji Davis,Corporate,South,Office Supplies,Binders,GBC Binding System Standard,35.3,2.0,0.1,19.53
142,US-2021-101952,2021-07-05,"July 09, 2021",Hannah Wright,Home Office,Central,Technology,Copiers,Hewlett Packard Copier Deluxe,1535.43,1.0,0.1,154.97
143,US-2024-102040,02-Jul-2024,2024-07-03,James King,Home Office,West,Technology,Copiers,Canon imageCLASS Copier Pro,4057.16,2.0,0.0,767.25
144,US-2023-102666,2023-07-24,"July 29, 2023",Lucas Walker,Corporate,Central,Office Supplies,Envelopes,Kraft Clasp Envelope Value,14.96,1.0,0.0,8.83
145,US-2022-100226,"December 23, 2022",12/25/2022,Mia Thomas,Consumer,South,Office Supplies,Storage,SAFCO Storage Bin Deluxe,312.77,6.0,0.3,52.35
146,US-2024-100733,"September 07, 2024",09/11/2024,Emma King,Consumer,South,Office Supplies,Art,Prismacolor Pencils Standard,52.63,4.0,0.3,19.66
147,US-2022-102152,24-Aug-2022,2022-08-27,Amit Kumar,Consumer,South,Office Supplies,Labels,Sharpie Label Tape Standard,7.85,1.0,0.0,5.22
148,US-2021-100660,08/07/2021,11/08/2021,Mia Chen,Consumer,West,Office Supplies,Supplies,Elmer's Glue Pack Pro,17.66,1.0,0.1,9.16
149,US-2022-101342,2022-05-22,"May 29, 2022",Wei Wilson,Consumer,East,Office Supplies,Labels,Sharpie Label Tape Deluxe,16.34,3.0,0.2,9.53
150,US-2022-101420,2022-10-24,"October 26, 2022",Liam Kumar,Home Office,East,Technology,Copiers,Hewlett Packard Copier Classic,2876.67,3.0,0.5,-1820.95
151,US-2023-100620,"November 19, 2023",11/21/2023,Liam Rodriguez,Consumer,East,Furniture,Chairs,Hon Task Chair Value,847.89,4.0,0.0,265.98
152,US-2023-100236,2023-01-12,"January 13, 2023",Ravi King,Consumer,South,Office Supplies,Storage,IRIS Storage Box Deluxe,161.72,2.0,0.1,56.39
153,US-2021-101172,04/07/2021,14/04/2021,Arjun Clark,Home Office,West,Office Supplies,Appliances,Avanti Refrigerator Standard,419.56,4.0,0.15,119.12
154,US-2022-101828,2022-11-07,"November 11, 2022",Grace Chen,Corporate,East,Office Supplies,Fasteners,Bostitch Staples Deluxe,6.45,1.0,0.4,3.61
155,US-2022-102763,2022-10-03,"October 08, 2022",Kavya Rodriguez,Home Office,East,Office Supplies,Fasteners,ACCO Fasteners Standard,12.12,,0.0,8.4
156,US-2022-100453,01/04/2022,03-Apr-2022,Liam Brown,Corporate,West,Office Supplies,Art,Sharpie Marker Set Standard,8.74,1.0,0.2,4.3
157,US-2021-100006,"July 09, 2021",07/15/2021,Ravi Patel,Consumer,South,Office Supplies,Labels,Sharpie Label Tape Value,7.92,1.0,0.3,4.39
158,US-2024-101859,2024-06-03,"June 08, 2024",Yusuf Kumar,Consumer,Central,Office Supplies,Art,Prismacolor Pencils Pro,14.57,2.0,0.1,7.1
159,US-2024-103257,"December 26, 2024",12/29/2024,Omar Nair,Consumer,West,Technology,Machines,Lexmark Printer Deluxe,543.42,1.0,0.2,20.94
160,US-2023-103099,"June 15, 2023",06/19/2023,Olivia Johnson,Corporate,Central,Office Supplies,Storage,SAFCO Storage Bin Value,70.58,1.0,0.15,22.18
161,US-2024-102276,08/03/2024,09/08/2024,Omar Anderson,Consumer,East,Office Supplies,Storage,SAFCO Storage Bin Value,181.54,3.0,0.3,26.03
162,US-2024-100554,26-Mar-2024,2024-03-30,Carlos King,Consumer,Central,Furniture,Chairs,Harbour Creations Chair Pro,69.83,1.0,0.15,15.09
163,US-2021-101583,2021-09-07,"September 12, 2021",Olivia Lee,Consumer,South,Technology,Copiers,Canon imageCLASS Copier Classic,2269.07,2.0,0.2,117.94
164,US-2021-102137,02/01/2021,07-Jan-2021,Laura Walker,Consumer,Central,Office Supplies,Appliances,Honeywell Fan Deluxe,115.44,1.0,0.0,45.43
165,US-2022-101199,11/25/2022,30/11/2022,Kenji Brown,Home Office,South,Office Supplies,Supplies,Elmer's Glue Pack Standard,18.11,1.0,0.0,9.8
166,US-2022-102857,12/16/2022,20/12/2022,Priya Lee,home office,East,Technology,Accessories,SanDisk USB Drive Value,35.33,1.0,0.15,14.45
167,US-2021-100651,2021-06-13,"June 16, 2021",Daniel Johnson,Home Office,East,Office Supplies,Supplies,Elmer's Glue Pack Value,48.47,2.0,0.3,19.49
168,US-2022-102242,2022-12-03,"December 10, 2022",Daniel Martinez,Consumer,West,Office Supplies,Fasteners,Bostitch Staples Value,1.32,1.0,0.8,-0.77
169,US-2022-103144,2022-10-04,"October 08, 2022",Amit Wilson,Consumer,Central,Technology,Machines,Cubify 3D Printer Deluxe,2145.19,4.0,0.4,-553.2
170,US-2022-102816,02/10/2022,15/02/2022,Ravi Wright,Consumer,West,Office Supplies,Labels,Sharpie Label Tape Deluxe,50.61,5.0,0.0,33.39
171,US-2023-100881,"January 19, 2023",01/22/2023,Mia Thomas,Consumer,West,Office Supplies,Storage,SAFCO Storage Bin Deluxe,120.61,1.0,0.0,50.45
172,US-2022-100020,"June 24, 2022",07/01/2022,Lucas Kumar,Home Office,West,Furniture,Bookcases,O'Sullivan Bookcase Pro,743.44,3.0,0.3,-20.15
173,US-2024-100346,30/12/2024,02-Jan-2025,Zoe Lee,Corporate,Central,Office Supplies,Appliances,Honeywell Fan Deluxe,842.95,5.0,0.0,329.99
174,US-2021-100202,05/15/2021,22/05/2021,Mateo Patel,Home Office,Central,Technology,Copiers,Hewlett Packard Copier Pro,1986.38,2.0,0.0,372.79
175,US-2021-102529,22-Apr-2021,2021-04-28,Mia Brown,Consumer,East,Technology,Machines,Cubify 3D Printer Standard,1706.39,3.0,0.2,4.55
176,US-2024-102188,07-Nov-2024,2024-11-10,Isabella Brown,Home Office,South,Office Supplies,Storage,Fellowes File Cart Standard,381.41,3.0,0.1,
177,US-2022-101953,11/28/2022,30/11/2022,Mia Martinez,Corporate,West,Office Supplies,Art,Newell Scissors Classic,37.17,2.0,0.0,23.15
178,US-2022-100011,2022-03-06,"March 10, 2022",Yusuf Wilson,Corporate,South,Technology,Machines,Cubify 3D Printer Classic,252.15,1.0,0.0,57.21
179,US-2021-102298,2021-07-14,"July 19, 2021",Arjun Thomas,Corporate,South,Furniture,Chairs,Harbour Creations Chair Standard,623.11,4.0,0.0,196.96
180,US-2021-103258,06/02/2021,09-Feb-2021,Carlos Walker,Corporate,Central,Office Supplies,Envelopes,Kraft Clasp Envelope Classic,18.02,2.0,0.3,8.8
181,US-2023-102275,31/05/2023,04-Jun-2023,Maria Chen,Home Office,West,Technology,Accessories,Belkin Cable Value,115.4,2.0,0.0,59.04
182,US-2024-100612,2024-06-16,"June 20, 2024",Yusuf Anderson,Home Office,East,Office Supplies,Binders,Acco Binder Pro,53.97,3.0,0.0,34.07
183,US-2024-100410,12/12/2024,19/12/2024,Ananya Smith,Home Office,Central,Office Supplies,Paper,HP Premium Paper Standard,7.73,,0.1,4.57
184,US-2021-101674,"August 06, 2021",08/13/2021,Kenji Davis,Consumer,West,Furniture,Tables,Bretford Conference Table Standard,758.79,2.0,0.0,160.11
185,US-2023-100942,07/28/2023,29/07/2023,Kenji Thomas,Corporate,West,Office Supplies,Binders,Acco Binder Value,30.83,2.0,0.1,15.91
186,US-2024-102577,31/05/2024,02-Jun-2024,Lucas Johnson,Corporate,Central,Furniture,Furnishings,Fellowes Wall Clock Deluxe,200.58,3.0,0.0,91.68
187,US-2022-103191,31-Aug-2022,2022-09-04,Zoe Chen,Consumer,East,Furniture,Tables,Bevis Table Pro,1067.73,6.0,0.15,156.58
188,US-2022-102399,18-Mar-2022,2022-03-24,Daniel Wright,Home Office,South,Office Supplies,Paper,HP Premium Paper Pro,58.05,5.0,0.1,35.1
189,US-2022-101381,11/20/2022,26/11/2022,Isabella Nair,Consumer,East,Technology,Phones,Cisco IP Phone Classic,1037.13,4.0,0.0,321.34
190,US-2022-101762,13/06/2022,20-Jun-2022,Noah Rodriguez,Corporate,East,Office Supplies,Envelopes,Poly String Envelope Standard,88.54,5.0,0.0,54.47
191,US-2023-101912,2023-07-18,"July 24, 2023",Daniel Wilson,Consumer,Central,Furniture,Tables,Chromcraft Round Table Deluxe,309.74,1.0,0.1,49.67
192,US-2023-100183,2023-09-24,"September 27, 2023",Lucas Anderson,Consumer,Central,Office Supplies,Storage,Fellowes File Cart Classic,191.41,2.0,0.4,4.66
193,US-2024-100654,2024-05-12,"May 16, 2024",Lucas Walker,Consumer,East,Office Supplies,Storage,Fellowes File Cart Standard,101.97,1.0,0.0,46.55
194,US-2024-103122,"November 11, 2024",11/16/2024,Mateo Garcia,Consumer,East,Technology,Copiers,Canon imageCLASS Copier Pro,1557.2,2.0,0.2,-48.98
195,US-2021-100846,10/22/2021,27/10/2021,Carlos Nair,Consumer,South,Office Supplies,Art,Newell Scissors Standard,16.53,1.0,0.0,9.31
196,US-2023-101912,18/07/2023,24-Jul-2023,Daniel Wilson,Consumer,Central,Technology,Copiers,Canon imageCLASS Copier Pro,1375.77,1.0,0.15,88.31
197,US-2021-101759,11/15/2021,16/11/2021,Mia King,Consumer,Central,Technology,Machines,Zebra Label Printer Classic,351.86,1.0,0.3,-41.79
198,US-2023-100327,2023-09-08,"September 12, 2023",Kenji Davis,Consumer,West,Technology,Machines,Lexmark Printer Deluxe,613.56,1.0,0.0,135.1
199,US-2022-102774,2022-02-02,"February 06, 2022",Maria Garcia,Corporate,East,Office Supplies,Supplies,Stanley Hole Punch Classic,124.81,4.0,0.0,65.83
200,US-2023-100648,04/07/2023,06-Jul-2023,Omar Kumar,Consumer,Central,Technology,Phones,Apple iPhone Accessory Value,101.89,1.0,0.4,-25.08
201,US-2021-101778,2021-12-31,"January 04, 2022",Nina Davis,Home Office,South,Office Supplies,Supplies,Stanley Hole Punch Value,77.92,3.0,0.0,42.7
202,US-2024-102213,2024-05-19,"May 22, 2024",Hannah Chen,Consumer,East,Furniture,Chairs,Harbour Creations Chair Standard,253.8,1.0,0.2,35.86
203,US-2023-102641,"December 29, 2023",01/03/2024,Omar Walker,Corporate,Central,Technology,Copiers,Canon imageCLASS Copier Standard,3660.98,6.0,0.1,294.1
204,US-2024-101868,15/04/2024,20-Apr-2024,Ravi Johnson,Corporate,Central,Furniture,Tables,Bevis Table Pro,816.74,2.0,0.0,226.42
205,US-2024-100349,"February 07, 2024",02/10/2024,Ravi Clark,Corporate,West,Office Supplies,Envelopes,Poly String Envelope Standard,21.38,2.0,0.2,11.16
206,US-2022-101268,03-Dec-2022,2022-12-07,Emma Brown,Corporate,West,Office Supplies,Supplies,Stanley Hole Punch Deluxe,71.8,3.0,0.0,40.69
207,US-2021-101332,22/03/2021,27-Mar-2021,Liam King,Consumer,West,Office Supplies,Appliances,Avanti Refrigerator Pro,161.86,,0.2,47.87
208,US-2022-102573,29/06/2022,02-Jul-2022,Ravi Clark,Consumer,South,Furniture,Furnishings,Eldon Desk Lamp Pro,161.17,3.0,0.15,50.21
209,US-2022-100093,15-May-2022,2022-05-19,Nina Rodriguez,Corporate,West,Office Supplies,Fasteners,Bostitch Staples Deluxe,2.95,1.0,0.3,1.73
210,US-2022-101370,28-Oct-2022,2022-10-31,Nina Lee,Corporate,West,Office Supplies,Supplies,Elmer's Glue Pack Deluxe,38.47,3.0,0.4,12.12
211,US-2021-101751,05-Jul-2021,2021-07-09,Sofia Chen,Consumer,East,Furniture,Chairs,Global Deluxe Chair Value,265.04,1.0,0.0,86.69
212,US-2023-101025,12/29/2023,01/01/2024,Chloe Patel,Home Office,Central,Office Supplies,Labels,Sharpie Label Tape Classic,8.16,1.0,0.0,5.52
213,US-2021-100993,2021-11-09,"November 12, 2021",Olivia Wright,Corporate,Central,Office Supplies,Appliances,Hoover Vacuum Value,735.62,6.0,0.0,280.23
214,US-2021-100831,03-Mar-2021,2021-03-06,Wei Nair,Corporate,East,Technology,Copiers,Canon imageCLASS Copier Pro,1683.56,1.0,0.0,341.64
215,US-2021-101496,2021-06-19,"June 26, 2021",Kenji Garcia,Consumer,West,Office Supplies,Storage,IRIS Storage Box Value,85.31,1.0,0.2,23.04
216,US-2024-100545,2024-01-28,"February 03, 2024",Priya Brown,Consumer,South,Office Supplies,Appliances,Avanti Refrigerator Classic,307.54,4.0,0.0,124.66
217,US-2021-101298,2021-06-16,"June 18, 2021",Chloe Clark,Corporate,Central,Office Supplies,Fasteners,ACCO Fasteners Classic,8.14,1.0,0.2,5.36
218,US-2024-101312,10/24/2024,29/10/2024,Ethan Garcia,Consumer,South,Office Supplies,Labels,Sharpie Label Tape Value,22.59,4.0,0.1,14.81
219,US-2023-102377,18-Oct-2023,2023-10-23,Laura Davis,Consumer,East,Office Supplies,Supplies,Stanley Hole Punch Classic,60.2,4.0,0.4,13.44
220,US-2024-100616,"January 09, 2024",01/10/2024,Noah Wilson,Consumer,South,Office Supplies,Storage,IRIS Storage Box Pro,80.06,1.0,0.0,36.56
221,US-2022-101271,2022-09-30,"October 04, 2022",Sofia Brown,Consumer,East,Office Supplies,Paper,HP Premium Paper Deluxe,17.08,2.0,0.3,8.33
222,US-2022-102790,09/30/2022,07/10/2022,Kenji Chen,Home Office,South,Office Supplies,Art,Sharpie Marker Set Deluxe,53.97,4.0,0.0,30.19
223,US-2022-100791,26-Sep-2022,2022-09-30,Carlos Rodriguez,Consumer,East,Furniture,Tables,Bevis Table Deluxe,214.01,1.0,0.3,-8.35
224,US-2021-102504,26/09/2021,29-Sep-2021,Grace Patel,Home Office,East,Office Supplies,Labels,Sharpie Label Tape Standard,7.0,1.0,0.15,4.21
225,US-2023-103227,10/06/2023,14-Jun-2023,Olivia Smith,Consumer,South,Technology,Copiers,Hewlett Packard Copier Pro,2258.47,3.0,0.15,76.11
226,US-2024-101282,"May 18, 2024",05/21/2024,Kavya Kumar,Consumer,East,Office Supplies,Art,Sharpie Marker Set Value,19.38,1.0,0.2,9.43
227,US-2022-101767,07-Sep-2022,2022-09-11,Maria Davis,Consumer,South,Office Supplies,Art,Sharpie Marker Set Value,13.31,1.0,0.3,5.51
228,US-2021-100213,07/30/2021,02/08/2021,Hannah Walker,Consumer,West,Technology,Phones,Apple iPhone Accessory Classic,1081.02,3.0,0.2,88.63
229,US-2021-103188,"February 25, 2021",02/27/2021,Ethan Brown,Home Office,East,Office Supplies,Envelopes,Kraft Clasp Envelope Value,58.38,4.0,0.0,36.38
230,US-2022-101403,28-Mar-2022,2022-04-01,Mateo Wilson,Consumer,West,Office Supplies,Binders,GBC Binding System Deluxe,91.24,5.0,0.2,43.64
231,US-2022-100724,03-Aug-2022,2022-08-06,Mateo Clark,Consumer,West,Office Supplies,Labels,Avery Label Set Standard,16.34,2.0,0.3,8.94
232,US-2022-101858,09/18/2022,21/09/2022,Mateo Walker,Consumer,East,Technology,Machines,Zebra Label Printer Deluxe,750.98,1.0,0.0,156.34
233,US-2024-100349,07/02/2024,10-Feb-2024,Ravi Clark,Corporate,West,Office Supplies,Appliances,Honeywell Fan Deluxe,377.95,2.0,0.0,148.29
234,US-2023-100309,2023-07-08,"July 11, 2023",Amit Lee,Consumer,East,Office Supplies,Art,Newell Scissors Value,13.0,1.0,0.4,2.82
235,US-2023-103198,01/04/2023,10/01/2023,Daniel Garcia,Corporate,East,Technology,Machines,Zebra Label Printer Classic,372.04,1.0,0.0,91.96
236,US-2021-101424,"August 14, 2021",08/18/2021,Maria Martinez,Corporate,East,Office Supplies,Labels,Avery Label Set Pro,48.23,5.0,0.0,32.27
237,US-2022-101690,25-Mar-2022,2022-03-27,Ananya Anderson,Home Office,West,Furniture,Furnishings,Tenex Chairmat Pro,210.5,5.0,0.4,17.32
238,US-2023-102281,2023-05-24,"May 30, 2023",Noah Kumar,Corporate,West,Office Supplies,Binders,Acco Binder Standard,19.07,2.0,0.3,8.75
239,US-2021-100625,07/31/2021,04/08/2021,Hannah Walker,Corporate,East,Office Supplies,Appliances,Avanti Refrigerator Pro,648.2,6.0,0.15,202.96
240,US-2022-100525,06/18/2022,25/06/2022,Kavya Anderson,Corporate,West,Office Supplies,Storage,IRIS Storage Box Value,156.78,3.0,0.15,49.3
241,US-2021-101099,05/09/2021,08-Sep-2021,Mia Davis,Home Office,Central,Technology,Copiers,Hewlett Packard Copier Pro,3062.05,2.0,0.0,521.53
242,US-2022-102523,29/04/2022,06-May-2022,Mia Young,Home Office,South,Office Supplies,Supplies,Elmer's Glue Pack Pro,61.18,3.0,0.2,27.59
243,US-2023-103253,06/03/2023,07/06/2023,Priya Lee,Corporate,East,Office Supplies,Paper,Xerox Multipurpose Paper Deluxe,10.25,1.0,0.15,5.92
244,US-2022-100133,2022-11-25,"November 28, 2022",Daniel Lee,Home Office,Central,Office Supplies,Appliances,Honeywell Fan Value,476.52,3.0,0.0,200.83
245,US-2021-100701,"June 12, 2021",06/15/2021,Isabella Davis,Corporate,East,Furniture,Tables,Chromcraft Round Table Value,797.1,2.0,0.0,202.07
246,US-2021-101257,01/25/2021,31/01/2021,Ravi Brown,Consumer,West,Technology,Copiers,Canon imageCLASS Copier Standard,4686.34,3.0,0.1,470.79
247,US-2022-102920,"August 26, 2022",08/30/2022,Olivia Rodriguez,Consumer,West,Office Supplies,Supplies,Elmer's Glue Pack Value,83.57,6.0,0.3,34.86
248,US-2021-101668,"January 16, 2021",01/20/2021,Kavya King,Consumer,East,Office Supplies,Labels,Sharpie Label Tape Deluxe,12.87,4.0,0.4,5.56
249,US-2022-100705,"March 21, 2022",03/26/2022,Mateo Clark,Consumer,South,Office Supplies,Fasteners,ACCO Fasteners Pro,31.72,4.0,0.0,22.49
250,US-2021-102392,2021-07-15,"July 18, 2021",Ethan Walker,Consumer,West,Furniture,Furnishings,Fellowes Wall Clock Value,25.93,2.0,0.8,-49.34
251,US-2024-103088,2024-04-09,"April 11, 2024",Arjun Anderson,Corporate,Central,Furniture,Furnishings,Tenex Chairmat Deluxe,123.1,2.0,0.2,31.72
252,US-2021-103231,22-Dec-2021,2021-12-26,Laura Kumar,Corporate,Central,Furniture,Chairs,Hon Task Chair Standard,146.14,1.0,0.2,21.38
253,US-2024-103193,2024-02-27,"March 02, 2024",Sofia Thomas,Consumer,East,Furniture,Furnishings,Eldon Desk Lamp Classic,271.44,6.0,0.2,90.8
254,US-2024-102575,14/04/2024,20-Apr-2024,Emma Young,Consumer,West,Office Supplies,Supplies,Stanley Hole Punch Value,34.63,2.0,0.1,17.42
255,US-2022-100421,09-May-2022,2022-05-12,,Consumer,West,Technology,Machines,Lexmark Printer Standard,582.01,1.0,0.4,-179.9
256,US-2024-102731,"October 29, 2024",11/01/2024,Sofia Smith,Home Office,East,Furniture,Chairs,Global Deluxe Chair Pro,527.97,4.0,0.4,-71.19
257,US-2021-100625,31/07/2021,04-Aug-2021,Hannah Walker,Corporate,East,Office Supplies,Supplies,Stanley Hole Punch Classic,22.02,1.0,0.15,10.0
258,US-2024-100621,04/03/2024,08-Mar-2024,Yusuf Garcia,Consumer,East,Office Supplies,Fasteners,Bostitch Staples Standard,22.11,4.0,0.15,14.7
259,US-2024-100172,25-Feb-2024,2024-03-01,Mateo Patel,Consumer,Central,Furniture,Furnishings,Tenex Chairmat Classic,104.12,3.0,0.4,11.31
260,US-2024-102876,2024-03-24,"March 31, 2024",Yusuf Young,Corporate,Central,Furniture,Tables,Bretford Conference Table Deluxe,566.65,2.0,0.2,47.36
261,US-2023-101795,02/22/2023,25/02/2023,Lucas Chen,Consumer,Central,Office Supplies,Labels,Sharpie Label Tape Classic,32.26,3.0,0.0,20.95
262,US-2021-101286,2021-07-18,"July 20, 2021",Wei Clark,Corporate,West,Technology,Copiers,Hewlett Packard Copier Classic,3056.27,2.0,0.0,545.52
263,US-2022-100790,11/18/2022,21/11/2022,Kavya Garcia,Consumer,South,Furniture,Bookcases,Bush Classic Bookcase Pro,301.77,1.0,0.0,78.44
264,US-2023-100862,12/23/2023,27/12/2023,Amit Clark,Corporate,South,Technology,Copiers,Hewlett Packard Copier Value,2848.59,2.0,0.3,-347.59
265,US-2024-103148,02/02/2024,06/02/2024,Wei Walker,Consumer,South,Office Supplies,Binders,GBC Binding System Deluxe,77.72,3.0,0.0,47.64
266,US-2022-101137,23-Jan-2022,2022-01-26,Nina Nair,Corporate,Central,Technology,Phones,Apple iPhone Accessory Value,282.11,3.0,0.8,-724.97
267,US-2023-102122,"October 16, 2023",10/22/2023,Isabella Rodriguez,Consumer,West,Technology,Accessories,Belkin Cable Pro,281.63,6.0,0.0,149.53
268,US-2021-100363,25/02/2021,28-Feb-2021,Carlos Rodriguez,Consumer,Central,Furniture,Bookcases,Bush Classic Bookcase Classic,253.97,2.0,0.5,-119.15
269,US-2023-100048,27/01/2023,30-Jan-2023,Kavya Young,Consumer,East,Furniture,Chairs,Global Deluxe Chair Deluxe,191.3,1.0,0.1,43.24
270,US-2023-102688,12/31/2023,03/01/2024,Carlos King,Consumer,East,Office Supplies,Art,Newell Scissors Classic,16.44,2.0,0.5,3.87
271,US-2023-100443,04/26/2023,30/04/2023,Hannah Martinez,Corporate,West,Office Supplies,Storage,SAFCO Storage Bin Deluxe,29.22,1.0,0.6,-12.85
272,US-2024-101378,12-Jul-2024,2024-07-15,Grace Garcia,Consumer,Central,Furniture,Furnishings,Eldon Desk Lamp Pro,97.72,3.0,0.4,5.3
273,US-2022-101259,"March 24, 2022",03/28/2022,Isabella Anderson,Consumer,East,Furniture,Furnishings,Eldon Desk Lamp Value,113.95,3.0,0.0,52.77
274,US-2023-100443,"April 26, 2023",04/30/2023,Hannah Martinez,Corporate,West,Furniture,Furnishings,Fellowes Wall Clock Standard,105.09,2.0,0.1,39.0
275,US-2023-101498,11/01/2023,14-Jan-2023,Kenji Brown,Corporate,East,Technology,Copiers,Canon imageCLASS Copier Classic,5423.02,6.0,0.5,-3055.83
276,US-2022-102186,2022-06-29,"July 01, 2022",Maria Clark,Consumer,Central,Office Supplies,Fasteners,ACCO Fasteners Classic,10.82,1.0,0.0,7.58
277,US-2023-101038,2023-01-23,"January 28, 2023",Sofia Lee,Consumer,Central,Office Supplies,Art,Prismacolor Pencils Deluxe,48.32,4.0,0.4,12.28
278,US-2022-101107,"April 13, 2022",04/15/2022,Liam Clark,Home Office,East,Office Supplies,Supplies,Elmer's Glue Pack Standard,93.32,3.0,0.0,51.67
279,US-2021-102261,16/09/2021,21-Sep-2021,Liam Chen,Corporate,West,Furniture,Furnishings,Tenex Chairmat Standard,52.29,1.0,0.0,23.42
280,US-2023-100594,02/07/2023,06-Jul-2023,Priya Johnson,Consumer,East,Furniture,Tables,Bevis Table Deluxe,336.15,1.0,0.0,76.66
281,US-2022-102242,03-Dec-2022,2022-12-10,Daniel Martinez,Consumer,West,Office Supplies,Supplies,Stanley Hole Punch Value,23.86,1.0,0.1,11.93
282,US-2022-102593,"September 06, 2022",09/09/2022,Daniel Lee,Corporate,East,Technology,Phones,Cisco IP Phone Standard,238.29,1.0,0.0,68.32
283,US-2024-102786,"September 05, 2024",09/09/2024,Maria Rodriguez,Consumer,East,Office Supplies,Art,Sharpie Marker Set Deluxe,29.42,3.0,0.3,11.2
284,US-2024-102051,"October 16, 2024",10/20/2024,Kavya Johnson,Corporate,East,Furniture,Furnishings,Eldon Desk Lamp Value,123.35,2.0,0.15,42.24
285,US-2022-101002,16/12/2022,19-Dec-2022,Omar King,Consumer,Central,Office Supplies,Labels,Sharpie Label Tape Classic,6.5,,0.0,4.42
286,US-2024-100524,02/09/2024,07-Sep-2024,Wei Davis,Consumer,East,Furniture,Furnishings,Tenex Chairmat Pro,203.26,4.0,0.2,52.69
287,US-2021-100523,19-Jul-2021,2021-07-22,Priya Garcia,Corporate,West,Office Supplies,Envelopes,Poly String Envelope Pro,61.45,4.0,0.0,39.12
288,US-2021-103266,03/23/2021,24/03/2021,Liam Clark,Consumer,Central,Furniture,Furnishings,Eldon Desk Lamp Pro,225.39,4.0,0.0,96.56
289,US-2021-101583,"September 07, 2021",09/12/2021,Olivia Lee,Consumer,South,Office Supplies,Fasteners,ACCO Fasteners Deluxe,5.26,2.0,0.5,1.91
290,US-2023-100254,17/09/2023,22-Sep-2023,Emma Lee,Consumer,South,Furniture,Tables,Chromcraft Round Table Standard,797.62,2.0,0.2,71.35
291,US-2024-102200,15/05/2024,19-May-2024,Zoe Lee,Corporate,East,Furniture,Chairs,Global Deluxe Chair Deluxe,361.5,3.0,0.2,47.15
292,US-2023-100672,05/17/2023,21/05/2023,Priya Young,Consumer,East,Office Supplies,Storage,IRIS Storage Box Pro,388.61,4.0,0.2,115.99
293,US-2024-100184,12/05/2024,16-May-2024,Maria Smith,Home Office,Central,Office Supplies,Fasteners,Bostitch Staples Deluxe,18.85,3.0,0.0,12.92
294,US-2023-100803,14/10/2023,17-Oct-2023,Lucas Nair,Corporate,East,Technology,Copiers,Canon imageCLASS Copier Value,1250.65,1.0,0.0,237.37
295,US-2022-102985,04/30/2022,03/05/2022,James Garcia,Consumer,South,Office Supplies,Storage,IRIS Storage Box Pro,81.58,1.0,0.0,33.18
296,US-2021-102296,2021-06-03,"June 07, 2021",Priya Anderson,Corporate,West,Technology,Accessories,SanDisk USB Drive Standard,96.49,2.0,0.0,49.81
297,US-2024-103032,09/06/2024,09/09/2024,Kenji King,Consumer,East,Office Supplies,Binders,Acco Binder Classic,19.73,1.0,0.15,10.99
298,US-2024-100442,28-Dec-2024,2025-01-02,Arjun Chen,Corporate,West,Furniture,Bookcases,Sauder Bookcase Value,599.47,2.0,0.0,165.78
299,US-2024-102608,2024-08-03,"August 07, 2024",Zoe Kumar,Consumer,East,Furniture,Furnishings,Fellowes Wall Clock Classic,61.26,1.0,0.2,20.57
300,US-2022-100832,"December 15, 2022",12/20/2022,Daniel King,Consumer,South,Office Supplies,Binders,Wilson Jones Binder Standard,15.75,1.0,0.15,7.56
301,US-2021-102374,19/04/2021,24-Apr-2021,Isabella Brown,Corporate,Central,Furniture,Chairs,Global Deluxe Chair Value,181.97,1.0,0.1,43.89
302,US-2021-100611,20-Sep-2021,2021-09-23,Yusuf Davis,Corporate,Central,Furniture,Furnishings,Tenex Chairmat Pro,223.72,5.0,0.15,84.74
303,US-2022-101324,2022-05-17,"May 24, 2022",Maria Patel,Consumer,West,Office Supplies,Envelopes,Poly String Envelope Classic,13.09,1.0,0.2,7.37
304,US-2022-100714,25-May-2022,2022-05-30,Sofia Nair,Consumer,Central,Office Supplies,Appliances,Avanti Refrigerator Value,563.72,4.0,0.0,235.56
305,US-2022-100981,2022-10-06,"October 09, 2022",Ananya Rodriguez,Consumer,Central,Office Supplies,Appliances,Avanti Refrigerator Deluxe,200.81,3.0,0.6,-102.56
306,US-2021-100269,2021-10-14,"October 17, 2021",Mateo Wright,Consumer,West,Furniture,Tables,Bevis Table Pro,298.4,1.0,0.1,42.37
307,US-2022-101464,18-Oct-2022,2022-10-21,Kavya Johnson,Corporate,South,Furniture,Furnishings,Eldon Desk Lamp Pro,21.73,1.0,0.3,3.31
308,US-2022-100666,24/05/2022,30-May-2022,Olivia Chen,Consumer,East,Office Supplies,Art,Prismacolor Pencils Pro,21.36,2.0,0.1,11.26
309,US-2024-101963,09/05/2024,13-May-2024,Priya Clark,Home Office,Central,Office Supplies,Binders,GBC Binding System Deluxe,10.02,2.0,0.6,-0.22
310,US-2024-100168,2024-09-02,"September 05, 2024",Grace Young,Consumer,West,Furniture,Chairs,Global Deluxe Chair Classic,135.64,1.0,0.3,0.97
311,US-2023-103155,28/02/2023,03-Mar-2023,Maria Johnson,Consumer,West,Office Supplies,Paper,Xerox Multipurpose Paper Standard,13.43,1.0,0.0,9.0
312,US-2021-100171,05/18/2021,25/05/2021,Wei Chen,Home Office,East,Office Supplies,Storage,IRIS Storage Box Value,44.83,1.0,0.5,-8.34
313,US-2024-100891,2024-11-02,"November 04, 2024",Kavya Young,Consumer,East,Furniture,Chairs,Global Deluxe Chair Deluxe,183.42,1.0,0.0,62.34
314,US-2024-100654,12/05/2024,16-May-2024,Lucas Walker,Consumer,East,Office Supplies,Storage,SAFCO Storage Bin Deluxe,237.92,4.0,0.0,99.87
315,US-2022-100355,09/09/2022,11/09/2022,Arjun Nair,Consumer,East,Office Supplies,Binders,Acco Binder Deluxe,13.02,1.0,0.2,6.6
316,US-2024-100187,24/12/2024,31-Dec-2024,Grace Clark,Consumer,South,Office Supplies,Envelopes,Poly String Envelope Classic,9.8,1.0,0.3,4.25
317,US-2024-102921,12/05/2024,16-May-2024,Kavya Thomas,Corporate,West,Technology,Phones,Samsung Galaxy Dock Classic,242.08,1.0,0.15,35.42
318,US-2023-103086,2023-07-21,"July 24, 2023",Arjun Anderson,Consumer,West,Technology,Accessories,Logitech Mouse Deluxe,63.73,2.0,0.4,10.76
319,US-2022-101046,2022-12-27,"December 29, 2022",Daniel Wright,Consumer,Central,Office Supplies,Storage,Fellowes File Cart Pro,306.88,4.0,0.15,102.86
320,US-2022-100893,15-Jul-2022,2022-07-19,Liam Clark,Home Office,South,Technology,Machines,Zebra Label Printer Pro,711.81,1.0,0.1,73.13
321,US-2023-101947,21-Oct-2023,2023-10-24,Amit Chen,Corporate,South,Office Supplies,Supplies,Stanley Hole Punch Pro,29.45,1.0,0.0,16.25
322,US-2023-102986,11/03/2023,17-Mar-2023,,Corporate,Central,Office Supplies,Labels,Sharpie Label Tape Pro,20.08,5.0,0.3,9.77
323,US-2024-101128,16-Mar-2024,2024-03-19,Olivia Johnson,Home Office,East,Office Supplies,Labels,Sharpie Label Tape Pro,20.11,2.0,0.0,13.53
324,US-2023-101391,"July 08, 2023",07/11/2023,Grace Patel,Corporate,Central,Furniture,Furnishings,Eldon Desk Lamp Classic,151.49,4.0,0.2,44.92
325,US-2023-100808,2023-11-04,"November 10, 2023",Mia Thomas,Corporate,West,Office Supplies,Storage,Fellowes File Cart Pro,211.77,2.0,0.0,84.26
326,US-2023-100215,"October 26, 2023",10/31/2023,Chloe Davis,Consumer,West,Office Supplies,Art,Newell Scissors Pro,36.59,2.0,0.1,20.32
327,US-2024-100242,"December 31, 2024",01/06/2025,Ethan Chen,Home Office,East,Furniture,Tables,Bevis Table Pro,756.36,4.0,0.6,-746.78
328,US-2023-101506,"June 13, 2023",06/16/2023,Lucas Lee,Corporate,West,Technology,Machines,Lexmark Printer Deluxe,2491.08,4.0,0.1,321.42
329,US-2022-102871,09/04/2022,10/09/2022,Mateo Wilson,Consumer,Central,Office Supplies,Envelopes,Poly String Envelope Pro,11.31,1.0,0.0,7.02
330,US-2022-101145,"October 18, 2022",10/21/2022,Liam Clark,Corporate,South,Office Supplies,Appliances,Hoover Vacuum Deluxe,126.5,1.0,0.1,42.67
331,US-2023-102028,14/01/2023,21-Jan-2023,Daniel Thomas,Consumer,Central,Furniture,Furnishings,Tenex Chairmat Pro,204.59,4.0,0.0,94.36
332,US-2024-100834,24-Apr-2024,2024-04-27,Isabella Davis,Home Office,West,Office Supplies,Fasteners,Bostitch Staples Standard,7.16,3.0,0.7,0.37
333,US-2022-102895,12/02/2022,13-Feb-2022,Noah Garcia,Consumer,East,Furniture,Chairs,Harbour Creations Chair Deluxe,420.55,3.0,0.3,22.02
334,US-2024-103091,2024-05-19,"May 23, 2024",Zoe Anderson,Corporate,East,Furniture,Bookcases,O'Sullivan Bookcase Deluxe,1379.22,4.0,0.0,354.85
335,US-2024-101249,19-Oct-2024,2024-10-23,Arjun Garcia,Corporate,East,Technology,Copiers,Hewlett Packard Copier Deluxe,2771.47,3.0,0.0,611.75
336,US-2023-102752,07/24/2023,27/07/2023,Mateo King,Home Office,West,Office Supplies,Binders,Acco Binder Deluxe,20.89,1.0,0.0,11.42
337,US-2021-100920,2021-11-28,"December 03, 2021",Hannah Rodriguez,Corporate,Central,Office Supplies,Storage,SAFCO Storage Bin Classic,63.13,1.0,0.1,23.4
338,US-2022-101736,27-Jan-2022,2022-02-01,Ravi Martinez,Consumer,East,Office Supplies,Binders,Wilson Jones Binder Standard,48.9,3.0,0.0,28.72
339,US-2022-100709,"February 12, 2022",02/19/2022,Ethan Patel,Consumer,Central,Office Supplies,Supplies,Stanley Hole Punch Classic,22.39,1.0,0.1,11.07
340,US-2022-103055,06/17/2022,20/06/2022,Hannah Wright,Corporate,West,Furniture,Bookcases,O'Sullivan Bookcase Deluxe,159.84,1.0,0.1,30.68
341,US-2021-102313,03-Sep-2021,2021-09-06,Yusuf Davis,Consumer,South,Furniture,Bookcases,O'Sullivan Bookcase Classic,390.35,2.0,0.1,76.47
342,US-2023-101237,"May 01, 2023",05/07/2023,,Home Office,East,Furniture,Furnishings,Tenex Chairmat Classic,81.5,2.0,0.2,26.83
343,US-2021-102145,2021-07-20,"July 25, 2021",Isabella King,Corporate,West,Office Supplies,Labels,Sharpie Label Tape Standard,6.7,1.0,0.0,4.44
344,US-2021-101049,2021-07-03,"July 05, 2021",Mateo Walker,Consumer,East,Office Supplies,Art,Newell Scissors Pro,13.79,1.0,0.0,7.71
345,US-2022-101491,04/19/2022,23/04/2022,Ananya Garcia,Home Office,West,Furniture,Bookcases,O'Sullivan Bookcase Value,297.36,2.0,0.2,37.79
346,US-2023-100516,2023-07-30,"August 06, 2023",Arjun Brown,Consumer,East,Furniture,Furnishings,Tenex Chairmat Value,225.53,5.0,0.1,81.2
347,US-2021-101244,22-Jan-2021,2021-01-27,Arjun Patel,Consumer,West,Office Supplies,Binders,GBC Binding System Classic,16.25,3.0,0.7,-4.84
348,US-2023-102923,15/10/2023,20-Oct-2023,Arjun Wright,Consumer,West,Office Supplies,Binders,GBC Binding System Classic,16.94,4.0,0.1,8.41
349,US-2023-101542,14-Mar-2023,2023-03-17,Ravi Patel,Home Office,West,Furniture,Chairs,Harbour Creations Chair Pro,399.25,2.0,0.0,125.74
350,US-2022-102992,"December 06, 2022",12/08/2022,Daniel Wright,Corporate,Central,Office Supplies,Art,Sharpie Marker Set Deluxe,14.59,1.0,0.0,8.72
351,US-2023-101492,14-Mar-2023,2023-03-20,Zoe Wilson,Consumer,West,Office Supplies,Supplies,Stanley Hole Punch Pro,52.92,2.0,0.0,
352,US-2022-100162,03/05/2022,06-May-2022,Kavya Thomas,Home Office,East,Technology,Phones,Apple iPhone Accessory Pro,1209.94,3.0,0.0,350.23
353,US-2024-100078,2024-03-01,"March 02, 2024",Yusuf Smith,Consumer,South,Office Supplies,Appliances,Avanti Refrigerator Classic,102.53,2.0,0.5,-17.71
354,US-2022-100861,24/04/2022,26-Apr-2022,Ravi Lee,Corporate,South,Office Supplies,Fasteners,Bostitch Staples Deluxe,9.68,1.0,0.0,6.86
355,US-2024-101659,"August 31, 2024",09/04/2024,Priya Wright,Corporate,Central,Office Supplies,Paper,HP Premium Paper Classic,48.9,4.0,0.15,29.01
356,US-2023-102624,01/10/2023,16/01/2023,Emma Lee,Consumer,Central,Furniture,Bookcases,Bush Classic Bookcase Standard,260.08,1.0,0.0,69.51
357,US-2024-100711,"September 27, 2024",10/04/2024,Noah Patel,Corporate,East,Technology,Machines,Zebra Label Printer Classic,1650.31,2.0,0.0,376.54
358,US-2023-100290,07/20/2023,21/07/2023,Grace Young,Corporate,Central,Office Supplies,Supplies,Elmer's Glue Pack Pro,41.31,2.0,0.1,20.35
359,US-2021-100207,07/11/2021,18/07/2021,Grace Clark,Corporate,South,Office Supplies,Supplies,Elmer's Glue Pack Standard,151.8,6.0,0.0,84.5
360,US-2022-100871,06/12/2022,15/06/2022,Sofia Chen,Corporate,East,Furniture,Tables,Bretford Conference Table Classic,442.4,5.0,0.8,-1210.86
361,US-2023-102789,2023-11-18,"November 22, 2023",Grace Johnson,Consumer,Central,Office Supplies,Art,Newell Scissors Deluxe,49.04,4.0,0.4,17.01
362,US-2023-101507,03/16/2023,20/03/2023,Ananya King,Corporate,East,Technology,Copiers,Hewlett Packard Copier Classic,5104.82,4.0,0.1,544.09
363,US-2022-101671,24/10/2022,25-Oct-2022,,Home Office,Central,Furniture,Tables,Bevis Table Value,409.29,1.0,0.1,70.23
364,US-2022-101830,18/07/2022,23-Jul-2022,Daniel Johnson,Consumer,East,Technology,Accessories,Logitech Mouse Deluxe,165.51,4.0,0.2,
365,US-2023-103326,"July 20, 2023",07/24/2023,Sofia Lee,Home Office,West,Office Supplies,Binders,Wilson Jones Binder Deluxe,28.06,2.0,0.0,16.7
366,US-2024-100896,"November 18, 2024",11/23/2024,Liam Brown,Consumer,East,Office Supplies,Binders,Wilson Jones Binder Pro,20.93,2.0,0.4,7.49
367,US-2022-102248,04/28/2022,03/05/2022,Priya Nair,Home Office,East,Technology,Copiers,Canon imageCLASS Copier Classic,944.87,1.0,0.1,92.92
368,US-2022-103051,2022-06-25,"June 29, 2022",Liam Nair,Corporate,East,Furniture,Furnishings,Eldon Desk Lamp Classic,95.3,2.0,0.0,46.24
369,US-2021-100314,"May 18, 2021",05/22/2021,Ananya Wright,Consumer,Central,Office Supplies,Storage,Fellowes File Cart Standard,50.46,1.0,0.3,11.0
370,US-2022-101899,22-Feb-2022,2022-02-26,Olivia Lee,Corporate,East,Furniture,Tables,Bretford Conference Table Standard,,3.0,0.0,377.08
371,US-2021-100925,16-Apr-2021,2021-04-18,Ananya Lee,Corporate,East,Office Supplies,Storage,SAFCO Storage Bin Pro,148.97,2.0,0.3,24.46
372,US-2021-102184,12-Sep-2021,2021-09-17,Ravi Young,Home Office,West,Office Supplies,Art,Newell Scissors Standard,65.55,5.0,0.0,38.6
373,US-2022-102763,03-Oct-2022,2022-10-08,Kavya Rodriguez,Home Office,East,Office Supplies,Storage,IRIS Storage Box Standard,30.17,1.0,0.5,-4.3
374,US-2021-101056,2021-10-31,"November 03, 2021",Ananya Martinez,Corporate,Central,Office Supplies,Appliances,Hoover Vacuum Pro,95.29,1.0,0.0,39.86
375,US-2021-100413,07/29/2021,01/08/2021,Ananya Thomas,Corporate,South,Office Supplies,Labels,Sharpie Label Tape Deluxe,22.59,3.0,0.0,15.15
376,US-2024-100465,"March 25, 2024",03/29/2024,Amit Lee,Corporate,West,Furniture,Tables,Bevis Table Standard,761.4,3.0,0.5,
377,US-2023-100845,05/05/2023,11-May-2023,Liam Anderson,Home Office,West,Technology,Machines,Cubify 3D Printer Standard,905.04,1.0,0.0,194.45
378,US-2023-100738,07/06/2023,13/07/2023,Ravi Smith,Home Office,South,Furniture,Bookcases,Bush Classic Bookcase Value,955.38,3.0,0.0,254.9
379,US-2023-103128,"May 24, 2023",05/31/2023,Isabella Smith,Consumer,West,Office Supplies,Storage,Fellowes File Cart Deluxe,153.84,2.0,0.0,61.93
380,US-2023-101042,02/22/2023,24/02/2023,Liam Clark,Home Office,Central,Furniture,Tables,Bevis Table Deluxe,384.55,1.0,0.0,95.54
381,US-2022-103097,04/18/2022,24/04/2022,Ethan Young,Consumer,Central,Office Supplies,Appliances,Avanti Refrigerator Standard,255.51,2.0,0.0,96.65
382,US-2022-102078,21/10/2022,25-Oct-2022,Wei Walker,Corporate,West,Office Supplies,Fasteners,Bostitch Staples Value,12.9,2.0,0.0,9.15
383,US-2022-100847,2022-01-04,"January 07, 2022",Ethan Walker,Corporate,Central,Furniture,Furnishings,Tenex Chairmat Deluxe,116.1,2.0,0.0,49.03
384,US-2021-100452,"July 28, 2021",08/01/2021,Omar Garcia,Consumer,West,Technology,Phones,Apple iPhone Accessory Standard,1512.95,4.0,0.0,442.68
385,US-2024-100072,07/07/2024,10/07/2024,Emma Wilson,Consumer,Central,Office Supplies,Fasteners,ACCO Fasteners Pro,10.64,2.0,0.5,4.13
386,US-2023-102287,2023-03-09,"March 15, 2023",Omar Clark,Consumer,West,Office Supplies,Paper,Xerox Multipurpose Paper Deluxe,7.09,2.0,0.4,2.92
387,US-2022-103144,10/04/2022,08/10/2022,Amit Wilson,Consumer,Central,Office Supplies,Appliances,Honeywell Fan Classic,143.89,1.0,0.0,57.76
388,US-2024-101060,04/24/2024,27/04/2024,Kenji Patel,Corporate,East,Office Supplies,Labels,Avery Label Set Standard,43.43,4.0,0.0,27.6
389,US-2021-102117,"June 05, 2021",06/08/2021,Arjun Clark,Corporate,West,Furniture,Bookcases,Bush Classic Bookcase Standard,1310.12,4.0,0.0,322.33
390,US-2023-103278,08-Mar-2023,2023-03-14,Chloe Wilson,Corporate,East,Furniture,Tables,Bretford Conference Table Deluxe,418.79,1.0,0.1,82.77
391,US-2021-101879,"May 30, 2021",06/02/2021,Sofia King,Corporate,South,Furniture,Tables,Chromcraft Round Table Value,2826.78,6.0,0.0,737.62
392,US-2024-101752,"July 07, 2024",07/11/2024,James Kumar,Corporate,East,Office Supplies,Storage,Fellowes File Cart Pro,62.4,1.0,0.0,25.58
393,US-2022-102381,19/08/2022,22-Aug-2022,Amit Johnson,Consumer,West,Furniture,Tables,Chromcraft Round Table Value,633.01,2.0,0.0,177.91
394,US-2021-101332,03/22/2021,27/03/2021,Liam King,Consumer,West,Office Supplies,Supplies,Elmer's Glue Pack Pro,27.61,1.0,0.0,15.23
395,US-2024-101399,19/07/2024,24-Jul-2024,Daniel Martinez,Corporate,Central,Office Supplies,Labels,Avery Label Set Value,5.67,1.0,0.2,3.27
396,US-2023-101091,2023-06-17,"June 22, 2023",Emma Walker,Consumer,West,Technology,Machines,Zebra Label Printer Pro,1438.3,2.0,0.1,203.77
397,US-2021-100247,05/15/2021,19/05/2021,Olivia Lee,Corporate,East,Furniture,Bookcases,Bush Classic Bookcase Classic,151.52,1.0,0.3,2.25
398,US-2023-102223,2023-10-21,"October 22, 2023",Liam Johnson,Corporate,West,Office Supplies,Art,Sharpie Marker Set Classic,51.76,4.0,0.2,22.6
399,US-2022-102242,12/03/2022,10/12/2022,Daniel Martinez,Consumer,West,Office Supplies,Supplies,Elmer's Glue Pack Pro,45.55,3.0,0.6,-6.54
400,US-2023-101523,"February 05, 2023",02/12/2023,Daniel Patel,Consumer,West,Office Supplies,Storage,Fellowes File Cart Standard,162.57,2.0,0.0,66.21
401,US-2022-102175,2022-11-01,"November 05, 2022",Kenji Anderson,Consumer,South,Furniture,Furnishings,Fellowes Wall Clock Classic,56.26,2.0,0.2,15.07
402,US-2024-102608,"August 03, 2024",08/07/2024,Zoe Kumar,Consumer,East,Office Supplies,Paper,Boise Copy Paper Classic,43.78,5.0,0.3,21.02
403,US-2024-102669,12/01/2024,15-Jan-2024,Carlos Lee,Consumer,East,Office Supplies,Paper,Boise Copy Paper Classic,2.15,1.0,0.8,-1.58
404,US-2024-101285,02/12/2024,08-Dec-2024,Olivia Smith,Consumer,East,Technology,Machines,Lexmark Printer Standard,2694.97,2.0,0.0,665.35
405,US-2022-102289,"October 22, 2022",10/29/2022,Grace Martinez,Home Office,South,Office Supplies,Paper,Xerox Multipurpose Paper Standard,11.42,1.0,0.0,7.93
406,US-2024-103222,01/13/2024,16/01/2024,Amit Chen,Consumer,Central,Office Supplies,Binders,Wilson Jones Binder Standard,52.08,2.0,0.0,30.83
407,US-2021-100568,09-Aug-2021,2021-08-12,Nina Clark,Consumer,East,Office Supplies,Storage,IRIS Storage Box Value,149.39,2.0,0.3,29.17
408,US-2023-102721,30/05/2023,03-Jun-2023,Ethan Brown,Corporate,Central,Office Supplies,Supplies,Stanley Hole Punch Pro,42.05,2.0,0.2,19.09
409,US-2024-102300,28-Mar-2024,2024-04-03,Amit Young,Corporate,Central,Office Supplies,Envelopes,Kraft Clasp Envelope Standard,48.29,4.0,0.2,26.76
410,US-2024-102783,"February 16, 2024",02/19/2024,Laura Martinez,Corporate,West,Office Supplies,Art,Sharpie Marker Set Classic,44.27,2.0,0.0,25.84
411,US-2022-100362,14-Feb-2022,2022-02-18,Kavya Young,Corporate,East,Furniture,Chairs,Harbour Creations Chair Value,1390.22,5.0,0.0,414.09
412,US-2023-101757,01/10/2023,06-Oct-2023,,Corporate,West,Office Supplies,Labels,Sharpie Label Tape Value,63.28,6.0,0.0,42.75
413,US-2021-102475,2021-03-20,"March 24, 2021",James Patel,Consumer,Central,Technology,Machines,Lexmark Printer Value,316.84,1.0,0.6,-291.74
414,US-2021-102823,07-Jul-2021,2021-07-10,Kenji Johnson,Corporate,East,Office Supplies,Supplies,Elmer's Glue Pack Standard,67.06,3.0,0.0,36.68
415,US-2022-101418,10-Jul-2022,2022-07-17,Kenji Nair,Home Office,West,Office Supplies,Fasteners,Bostitch Staples Standard,7.79,1.0,0.0,5.35
416,US-2023-102396,2023-03-14,"March 18, 2023",Chloe Wright,Consumer,South,Technology,Phones,Apple iPhone Accessory Value,160.79,1.0,0.2,16.77
417,US-2023-101277,02/06/2023,12/02/2023,Priya Lee,Corporate,East,Office Supplies,Appliances,Honeywell Fan Value,806.37,4.0,0.0,324.42
418,US-2024-103246,"April 29, 2024",05/04/2024,Sofia Young,Consumer,South,Office Supplies,Envelopes,Kraft Clasp Envelope Deluxe,26.79,3.0,0.0,16.34
419,US-2022-103211,02-Jan-2022,2022-01-07,Sofia Smith,Consumer,West,Technology,Phones,Apple iPhone Accessory Pro,693.0,2.0,0.2,70.05
420,US-2021-100139,2021-10-21,"October 22, 2021",Emma Rodriguez,Corporate,East,Technology,Accessories,SanDisk USB Drive Pro,74.7,2.0,0.0,36.7
421,US-2023-103198,"January 04, 2023",01/10/2023,Daniel Garcia,Corporate,East,Technology,Phones,Samsung Galaxy Dock Standard,461.22,2.0,0.5,-139.75
422,US-2021-101497,"July 31, 2021",08/03/2021,Ananya Rodriguez,Corporate,South,Office Supplies,Appliances,Hoover Vacuum Classic,90.85,1.0,0.0,
423,US-2024-101682,09/15/2024,22/09/2024,Zoe Johnson,Corporate,Central,Technology,Phones,Apple iPhone Accessory Deluxe,187.15,5.0,0.8,-456.32
424,US-2024-100716,07/12/2024,11-Dec-2024,Mia Patel,Corporate,South,Office Supplies,Binders,GBC Binding System Deluxe,18.1,1.0,0.0,10.04
425,US-2022-102072,2022-09-23,"September 26, 2022",Grace Kumar,Consumer,South,Office Supplies,Labels,Sharpie Label Tape Deluxe,19.61,2.0,0.0,13.1
426,US-2021-100932,06/14/2021,17/06/2021,Ravi Kumar,Home Office,Central,Furniture,Tables,Bretford Conference Table Standard,1245.46,4.0,0.0,299.92
427,US-2023-102752,"July 24, 2023",07/27/2023,Mateo King,Home Office,West,Office Supplies,Art,Newell Scissors Deluxe,18.95,1.0,0.0,11.28
428,US-2022-102365,12/25/2022,28/12/2022,Mateo Lee,Home Office,South,Office Supplies,Envelopes,Kraft Clasp Envelope Deluxe,32.56,2.0,0.0,19.48
429,US-2023-101063,17/07/2023,21-Jul-2023,Mateo King,Home Office,Central,Office Supplies,Binders,Acco Binder Standard,36.49,4.0,,14.74
430,US-2024-102741,27/01/2024,30-Jan-2024,Maria Chen,Consumer,Central,Office Supplies,Supplies,Elmer's Glue Pack Classic,35.6,3.0,0.4,7.52
431,US-2022-102610,"October 20, 2022",10/22/2022,Mia Walker,Consumer,West,Office Supplies,Storage,Fellowes File Cart Pro,157.64,2.0,0.1,59.68
432,US-2022-102079,2022-06-29,"July 05, 2022",Wei Rodriguez,Consumer,West,Technology,Copiers,Canon imageCLASS Copier Pro,6672.89,5.0,0.0,1431.64
433,US-2023-102964,07/12/2023,13-Dec-2023,Ananya Wilson,Consumer,East,Office Supplies,Fasteners,Bostitch Staples Standard,6.32,1.0,0.1,4.13
434,US-2021-101902,"August 19, 2021",08/23/2021,Priya Rodriguez,Corporate,West,Office Supplies,Art,Prismacolor Pencils Classic,41.42,2.0,0.0,24.78
435,US-2022-100794,"May 03, 2022",05/04/2022,Noah King,Corporate,Central,Office Supplies,Storage,Fellowes File Cart Value,144.87,4.0,0.6,-59.1
436,US-2022-100731,2022-09-15,"September 20, 2022",Wei Brown,Consumer,East,Office Supplies,Supplies,Stanley Hole Punch Standard,21.74,2.0,0.1,10.91
437,US-2021-102912,2021-09-02,"September 06, 2021",Lucas Rodriguez,Consumer,East,Furniture,Bookcases,O'Sullivan Bookcase Standard,1154.4,5.0,0.3,-50.33
438,US-2023-102172,06/06/2023,11/06/2023,Daniel Smith,Consumer,South,Office Supplies,Art,Newell Scissors Value,56.59,4.0,0.15,27.63
439,US-2021-101730,06/09/2021,14/06/2021,Laura Johnson,Consumer,West,Office Supplies,Binders,Wilson Jones Binder Classic,44.74,2.0,0.0,25.58
440,US-2024-100733,07/09/2024,11-Sep-2024,Emma King,Consumer,South,Office Supplies,Labels,Sharpie Label Tape Classic,8.99,1.0,0.0,6.01
441,US-2023-103133,20-Jun-2023,2023-06-23,Isabella Davis,Consumer,East,Furniture,Bookcases,O'Sullivan Bookcase Standard,278.33,1.0,0.0,80.36
442,US-2022-101611,2022-06-19,"June 23, 2022",Noah Thomas,Corporate,West,Office Supplies,Storage,Fellowes File Cart Deluxe,201.38,4.0,0.2,56.66
443,US-2023-102331,2023-05-21,"May 24, 2023",Arjun Wilson,Consumer,Central,Office Supplies,Fasteners,ACCO Fasteners Deluxe,35.51,5.0,0.1,23.07
444,US-2023-103110,21/05/2023,28-May-2023,Priya Wilson,Consumer,West,Office Supplies,Art,Newell Scissors Standard,16.83,1.0,0.0,9.53
445,US-2022-102835,"May 17, 2022",05/20/2022,Wei Patel,Consumer,East,Office Supplies,Supplies,Stanley Hole Punch Pro,17.44,1.0,0.3,7.28
446,US-2021-101866,11/25/2021,01/12/2021,Mateo Nair,Corporate,South,Office Supplies,Fasteners,ACCO Fasteners Classic,9.56,2.0,0.2,5.9
447,US-2021-100118,"August 26, 2021",08/30/2021,Nina Lee,Consumer,Central,Furniture,Bookcases,O'Sullivan Bookcase Value,1318.27,4.0,,394.34
448,US-2024-103201,21/05/2024,24-May-2024,Nina Garcia,Consumer,Central,Office Supplies,Art,Prismacolor Pencils Standard,9.98,1.0,0.3,3.38
449,US-2022-103178,14-Apr-2022,2022-04-18,Maria Garcia,Consumer,South,Office Supplies,Appliances,Honeywell Fan Standard,163.45,1.0,0.1,57.55
450,US-2021-100247,2021-05-15,"May 19, 2021",Olivia Lee,Corporate,East,Office Supplies,Appliances,Hoover Vacuum Pro,152.79,1.0,0.1,50.4
451,US-2022-100977,"July 23, 2022",07/27/2022,Kavya Martinez,Corporate,South,Office Supplies,Appliances,Hoover Vacuum Value,,1.0,0.0,34.74
452,US-2024-100930,24/12/2024,28-Dec-2024,Mia Young,Home Office,East,Technology,Accessories,SanDisk USB Drive Value,46.27,2.0,0.0,22.95
453,US-2024-100143,"November 05, 2024",11/10/2024,Nina Johnson,Consumer,West,Technology,Copiers,Hewlett Packard Copier Deluxe,4266.33,2.0,0.0,984.95
454,US-2024-100746,29/08/2024,01-Sep-2024,Amit Wright,Corporate,East,Furniture,Bookcases,O'Sullivan Bookcase Classic,557.92,2.0,0.1,132.94
455,US-2022-101198,19-May-2022,2022-05-20,Sofia Brown,Consumer,West,Technology,Phones,Apple iPhone Accessory Deluxe,138.16,1.0,0.5,-59.45
456,US-2024-103070,15-Jun-2024,2024-06-18,Olivia Patel,Consumer,East,Furniture,Furnishings,Eldon Desk Lamp Value,42.9,4.0,0.3,8.78
457,US-2022-102395,2022-11-15,"November 17, 2022",Priya Nair,Corporate,Central,Office Supplies,Envelopes,Kraft Clasp Envelope Value,25.66,2.0,0.0,15.49
458,US-2023-102567,"January 10, 2023",01/13/2023,Lucas Wilson,Consumer,East,Office Supplies,Fasteners,Bostitch Staples Deluxe,11.37,2.0,0.2,7.07
459,US-2023-101205,"October 11, 2023",10/18/2023,Priya Wilson,Home Office,West,Office Supplies,Storage,Fellowes File Cart Deluxe,291.54,3.0,0.1,101.34
460,US-2023-102809,22/04/2023,26-Apr-2023,Omar Thomas,Consumer,Central,Office Supplies,Art,Sharpie Marker Set Pro,74.24,4.0,0.0,45.55
461,US-2024-102980,"September 19, 2024",09/23/2024,Grace Walker,Consumer,East,Furniture,Furnishings,Eldon Desk Lamp Pro,337.16,6.0,0.2,102.6
462,US-2024-100420,2024-09-10,"September 17, 2024",Laura Anderson,Consumer,South,Office Supplies,Paper,Boise Copy Paper Value,11.75,3.0,0.7,-2.64
463,US-2022-101653,04/10/2022,08-Oct-2022,Lucas Walker,Consumer,West,Furniture,Tables,Bretford Conference Table Classic,1021.5,3.0,0.15,91.89
464,US-2023-100773,06-Jan-2023,2023-01-10,Wei Nair,Consumer,South,Technology,Machines,Zebra Label Printer Value,717.66,1.0,0.0,144.44
465,US-2022-101584,14/01/2022,17-Jan-2022,Liam Davis,Consumer,West,Technology,Accessories,SanDisk USB Drive Standard,32.44,1.0,0.2,11.4
466,US-2024-100344,04/03/2024,07-Mar-2024,Amit Patel,Corporate,South,Technology,Phones,Apple iPhone Accessory Deluxe,319.79,1.0,0.0,98.87
467,US-2024-102364,09/01/2024,12-Jan-2024,Grace Martinez,Home Office,South,Office Supplies,Storage,IRIS Storage Box Deluxe,201.92,4.0,0.4,11.36
468,US-2023-101587,2023-06-30,"July 04, 2023",Maria Martinez,Corporate,West,Technology,Machines,Lexmark Printer Classic,1194.93,2.0,0.1,182.77
469,US-2022-103202,06-Oct-2022,2022-10-07,Noah Thomas,Corporate,Central,Furniture,Furnishings,Tenex Chairmat Standard,29.5,1.0,0.4,1.8
470,US-2024-101740,07-Aug-2024,2024-08-09,Priya Lee,Consumer,South,Office Supplies,Envelopes,Poly String Envelope Value,20.74,3.0,0.4,7.65
471,US-2021-100058,24-May-2021,2021-05-29,Yusuf Thomas,Consumer,West,Office Supplies,Supplies,Elmer's Glue Pack Classic,21.55,1.0,0.15,10.69
472,US-2024-102440,"July 04, 2024",07/08/2024,Zoe Nair,Corporate,Central,Office Supplies,Appliances,Honeywell Fan Standard,152.77,1.0,0.15,48.93
473,US-2021-101876,"March 07, 2021",03/13/2021,Lucas Thomas,Corporate,East,Office Supplies,Labels,Avery Label Set Standard,22.32,3.0,0.0,14.14
474,US-2022-102391,"April 08, 2022",04/14/2022,Maria Clark,Consumer,East,Office Supplies,Appliances,Avanti Refrigerator Value,529.46,4.0,0.0,219.65
475,US-2023-100430,26/11/2023,29-Nov-2023,Omar Wilson,Consumer,West,Furniture,Chairs,Global Deluxe Chair Deluxe,140.46,1.0,0.3,0.35
476,US-2024-100642,19/01/2024,22-Jan-2024,Isabella Wilson,Consumer,South,Furniture,Chairs,Hon Task Chair Standard,592.55,3.0,0.0,195.15
477,US-2023-102629,2023-12-23,"December 26, 2023",Kavya Wilson,Consumer,East,Technology,Copiers,Hewlett Packard Copier Pro,4653.41,3.0,0.15,279.27
478,US-2023-101591,02/11/2023,15/02/2023,Priya Wright,Consumer,East,Office Supplies,Binders,Wilson Jones Binder Value,18.58,2.0,0.5,2.8
479,US-2023-100258,10-Jul-2023,2023-07-13,Emma Garcia,Corporate,East,Office Supplies,Binders,GBC Binding System Value,60.01,4.0,0.0,35.8
480,US-2022-100341,29-Jan-2022,2022-01-30,Daniel Walker,Consumer,South,Technology,Copiers,Canon imageCLASS Copier Pro,5056.33,3.0,0.0,974.47
481,US-2022-101564,"August 17, 2022",08/21/2022,Daniel Young,Consumer,South,Office Supplies,Envelopes,Poly String Envelope Pro,102.61,6.0,0.0,64.22
482,US-2022-100841,2022-12-07,"December 10, 2022",Wei King,Consumer,Central,Furniture,Bookcases,O'Sullivan Bookcase Value,221.34,1.0,0.1,48.91
483,US-2021-100726,2021-03-06,"March 09, 2021",Noah Patel,Consumer,East,Technology,Phones,Cisco IP Phone Classic,192.4,1.0,0.2,22.3
484,US-2021-102270,2021-03-22,"March 26, 2021",Ethan King,Consumer,West,Technology,Accessories,Belkin Cable Classic,124.95,3.0,0.2,43.47
485,US-2023-100246,10-Jan-2023,2023-01-14,Mia King,Consumer,Central,Office Supplies,Labels,Sharpie Label Tape Value,14.41,3.0,0.4,6.26
486,US-2024-103254,"February 18, 2024",02/23/2024,Isabella Martinez,Consumer,West,Technology,Phones,Samsung Galaxy Dock Value,1140.55,4.0,0.0,352.47
487,US-2024-100062,27-May-2024,2024-05-30,Grace Thomas,Home Office,East,Furniture,Furnishings,Tenex Chairmat Classic,90.34,1.0,0.0,38.65
488,US-2023-101369,09/09/2023,12/09/2023,Yusuf Wilson,Home Office,East,Office Supplies,Supplies,Elmer's Glue Pack Deluxe,18.86,1.0,0.2,8.59
489,US-2021-102849,12/04/2021,08/12/2021,Isabella Nair,Consumer,West,Office Supplies,Fasteners,ACCO Fasteners Standard,29.29,3.0,0.0,21.16
490,US-2021-100019,17/08/2021,21-Aug-2021,Olivia Clark,Consumer,,Office Supplies,Binders,GBC Binding System Standard,18.19,1.0,0.0,10.86
491,US-2022-101227,"August 20, 2022",08/24/2022,Yusuf Walker,Consumer,East,Office Supplies,Labels,Avery Label Set Deluxe,2.4,1.0,0.2,1.42
492,US-2022-100436,24-May-2022,2022-05-31,Isabella Thomas,Consumer,Central,Furniture,Bookcases,Bush Classic Bookcase Standard,297.71,1.0,0.1,60.44
493,US-2023-103015,17-Apr-2023,2023-04-20,Mateo Brown,Consumer,West,Office Supplies,Labels,Avery Label Set Classic,5.79,1.0,0.1,3.7
494,US-2021-102545,10/15/2021,16/10/2021,Kenji Thomas,Consumer,South,Furniture,Bookcases,O'Sullivan Bookcase Pro,942.4,6.0,0.5,-449.98
495,US-2023-102170,09/09/2023,13-Sep-2023,Daniel Walker,Corporate,South,Office Supplies,Art,Prismacolor Pencils Deluxe,24.13,3.0,0.0,13.45
496,US-2024-100138,02/06/2024,06-Jun-2024,Amit Lee,Corporate,Central,Furniture,Chairs,Global Deluxe Chair Value,449.19,2.0,0.0,156.81
497,US-2024-102134,24/03/2024,27-Mar-2024,James Wilson,Consumer,South,Furniture,Chairs,Harbour Creations Chair Deluxe,602.19,3.0,0.0,187.53
498,US-2022-100584,26-Aug-2022,2022-09-02,Ethan Kumar,Consumer,East,Office Supplies,Appliances,Hoover Vacuum Deluxe,988.11,5.0,0.0,445.47
499,US-2022-103210,2022-04-22,"April 28, 2022",Maria Martinez,Corporate,East,Office Supplies,Storage,Fellowes File Cart Value,127.68,1.0,0.0,57.09
500,US-2021-102462,11/04/2021,07/11/2021,Carlos Chen,Consumer,South,Office Supplies,Storage,IRIS Storage Box Value,61.04,1.0,0.4,1.26
501,US-2023-102827,30/12/2023,03-Jan-2024,Amit Wilson,Consumer,East,Office Supplies,Art,Sharpie Marker Set Deluxe,33.09,3.0,0.2,14.96
502,US-2022-103290,28-Mar-2022,2022-03-31,Priya Young,Home Office,West,Office Supplies,Appliances,Honeywell Fan Classic,262.1,2.0,0.0,100.03
503,US-2022-100994,25-Aug-2022,2022-08-31,Yusuf Nair,Corporate,East,Office Supplies,Fasteners,Bostitch Staples Value,4.8,1.0,0.4,2.41
504,US-2022-103024,15-Dec-2022,2022-12-19,Nina Walker,Consumer,South,Technology,Machines,Zebra Label Printer Standard,1786.21,3.0,0.0,364.83
505,US-2022-103018,06/03/2022,09-Mar-2022,Zoe Lee,Consumer,South,Technology,Machines,Zebra Label Printer Value,966.27,2.0,0.4,-269.09
506,US-2021-102902,2021-06-10,"June 14, 2021",Laura Kumar,Home Office,West,Technology,Machines,Cubify 3D Printer Standard,3598.58,5.0,0.2,51.67
507,US-2022-101539,23-Jan-2022,2022-01-24,Ravi Kumar,Home Office,West,Office Supplies,Envelopes,Kraft Clasp Envelope Value,77.47,4.0,,50.4
508,US-2024-102040,2024-07-02,"July 03, 2024",James King,Home Office,West,Office Supplies,Storage,SAFCO Storage Bin Classic,50.42,1.0,0.5,-7.27
509,US-2024-102942,05/05/2024,07-May-2024,Isabella Garcia,Consumer,Central,Technology,Machines,Lexmark Printer Deluxe,1029.44,3.0,0.4,-270.96
510,US-2021-103232,"December 10, 2021",12/14/2021,Emma Martinez,Consumer,South,Office Supplies,Appliances,Hoover Vacuum Deluxe,293.65,2.0,0.0,125.3
511,US-2022-102596,14/06/2022,21-Jun-2022,Laura Chen,Consumer,Central,Office Supplies,Art,Newell Scissors Pro,30.55,2.0,0.2,13.89
512,US-2021-101703,2021-09-26,"October 03, 2021",Zoe Wilson,Consumer,Central,Office Supplies,Appliances,Hoover Vacuum Standard,352.25,2.0,0.1,113.91
513,US-2022-101953,28-Nov-2022,2022-11-30,Mia Martinez,Corporate,West,Office Supplies,Appliances,Avanti Refrigerator Pro,105.6,1.0,0.2,21.72
514,US-2021-102173,"June 23, 2021",06/28/2021,Hannah Garcia,Home Office,Central,Furniture,Furnishings,Tenex Chairmat Classic,221.0,4.0,0.0,105.8
515,US-2024-101294,01/12/2024,07-Dec-2024,Ravi Garcia,Home Office,Central,Office Supplies,Storage,IRIS Storage Box Standard,70.94,1.0,0.1,24.18
516,US-2024-101735,2024-08-28,"September 03, 2024",Chloe Kumar,Corporate,East,Furniture,Tables,Bevis Table Classic,188.92,1.0,0.5,-88.77
517,US-2022-102233,2022-10-31,"November 05, 2022",Olivia Martinez,Consumer,Central,Office Supplies,Art,Prismacolor Pencils Standard,12.19,1.0,0.0,7.27
518,US-2023-102183,07/02/2023,11-Feb-2023,Emma Lee,Consumer,West,Office Supplies,Fasteners,Bostitch Staples Value,7.38,2.0,0.5,3.22
519,US-2021-103077,25-Apr-2021,2021-04-28,Kenji Garcia,Consumer,East,Office Supplies,Storage,Fellowes File Cart Value,193.22,2.0,0.2,51.06
520,US-2023-100051,2023-04-24,"April 28, 2023",Omar Davis,Consumer,West,Office Supplies,Envelopes,Poly String Envelope Standard,38.25,5.0,0.5,8.26
521,US-2023-102968,02/11/2023,16/02/2023,Chloe Lee,Consumer,East,Office Supplies,Labels,Sharpie Label Tape Deluxe,8.56,1.0,0.3,4.3
522,US-2021-101956,"January 26, 2021",01/30/2021,Olivia Davis,Home Office,East,Office Supplies,Storage,IRIS Storage Box Classic,647.86,6.0,0.0,282.21
523,US-2021-101902,19/08/2021,23-Aug-2021,Priya Rodriguez,Corporate,West,Office Supplies,Binders,Wilson Jones Binder Standard,92.85,5.0,0.1,49.48
524,US-2022-100468,25-Mar-2022,2022-03-30,James Walker,Corporate,East,Office Supplies,Fasteners,ACCO Fasteners Pro,1.63,1.0,0.7,0.03
525,US-2024-100039,03/10/2024,09-Oct-2024,Hannah Thomas,Home Office,South,Office Supplies,Fasteners,Bostitch Staples Standard,5.19,1.0,0.3,3.26
526,US-2022-101011,2022-12-13,"December 17, 2022",Omar Chen,Consumer,South,Office Supplies,Envelopes,Kraft Clasp Envelope Classic,38.42,3.0,0.1,21.69
527,US-2021-101368,"March 24, 2021",03/28/2021,Liam Lee,Home Office,West,Furniture,Furnishings,Fellowes Wall Clock Pro,61.56,1.0,0.0,27.97
528,US-2022-100795,2022-07-24,"July 27, 2022",Daniel Young,Consumer,West,Furniture,Chairs,Hon Task Chair Pro,806.38,4.0,0.0,254.11
529,US-2024-102592,12-Jan-2024,2024-01-16,Maria Clark,Consumer,East,Office Supplies,Art,Prismacolor Pencils Standard,11.49,1.0,0.0,6.72
530,US-2022-100170,"October 03, 2022",10/06/2022,Yusuf Wilson,Consumer,West,Office Supplies,Labels,Avery Label Set Classic,53.69,5.0,0.0,37.61
531,US-2023-100365,05/17/2023,24/05/2023,Omar Lee,Consumer,West,Office Supplies,Appliances,Honeywell Fan Value,173.25,1.0,0.0,70.14
532,US-2021-101695,04/22/2021,25/04/2021,Arjun Nair,Corporate,South,Office Supplies,Paper,HP Premium Paper Standard,8.52,1.0,0.1,5.39
533,US-2023-100271,"January 25, 2023",01/27/2023,Mateo Patel,Corporate,East,Furniture,Furnishings,Fellowes Wall Clock Pro,68.33,2.0,0.3,17.09
534,US-2024-101746,2024-12-23,"December 28, 2024",Sofia King,Consumer,East,Office Supplies,Art,Sharpie Marker Set Standard,70.18,5.0,0.0,41.65
535,US-2024-101624,09/06/2024,07/09/2024,Wei Chen,Home Office,East,Furniture,Furnishings,Fellowes Wall Clock Pro,44.51,1.0,0.15,15.55
536,US-2022-101907,01/14/2022,18/01/2022,Carlos Anderson,Consumer,East,Office Supplies,Labels,Sharpie Label Tape Value,10.29,2.0,0.3,5.23
537,US-2022-100141,2022-02-12,"February 15, 2022",,Home Office,West,Furniture,Bookcases,Sauder Bookcase Classic,286.49,1.0,0.2,24.0
538,US-2024-101089,20-Aug-2024,2024-08-23,Isabella Nair,Home Office,West,Office Supplies,Appliances,Honeywell Fan Value,215.36,2.0,0.1,67.7
539,US-2022-100212,13-Feb-2022,2022-02-19,Omar Wright,Consumer,Central,Furniture,Furnishings,Tenex Chairmat Value,64.49,1.0,0.0,25.72
540,US-2023-102666,07/24/2023,29/07/2023,Lucas Walker,Corporate,Central,Furniture,Furnishings,Fellowes Wall Clock Value,56.36,2.0,0.6,-20.38
541,US-2023-102325,02/27/2023,02/03/2023,Emma Young,Home Office,South,Furniture,Tables,Bevis Table Pro,846.38,3.0,0.3,-95.33
542,US-2023-102781,2023-03-04,"March 11, 2023",Ravi Kumar,Consumer,West,Furniture,Chairs,Harbour Creations Chair Standard,398.74,2.0,0.3,22.94
543,US-2023-101209,29-Nov-2023,2023-12-02,Chloe Davis,Consumer,Central,Furniture,Bookcases,Bush Classic Bookcase Value,126.06,1.0,0.6,-111.09
544,US-2023-101269,2023-06-25,"June 26, 2023",Grace Smith,Home Office,Central,Office Supplies,Appliances,Honeywell Fan Standard,132.37,1.0,0.0,52.33
545,US-2023-100550,2023-07-24,"July 25, 2023",Arjun Lee,Corporate,West,Technology,Copiers,Hewlett Packard Copier Deluxe,708.16,1.0,0.2,50.16
546,US-2024-102729,"May 15, 2024",05/16/2024,Yusuf Smith,Consumer,West,Office Supplies,Fasteners,Bostitch Staples Standard,44.6,5.0,0.1,30.13
547,US-2022-102285,05/28/2022,31/05/2022,Carlos Smith,Corporate,Central,Office Supplies,Appliances,Hoover Vacuum Deluxe,135.71,1.0,0.2,34.91
548,US-2024-100869,21-Dec-2024,2024-12-25,Ananya Chen,Consumer,East,Furniture,Chairs,Global Deluxe Chair Value,87.93,1.0,0.1,21.11
549,US-2022-100584,"August 26, 2022",09/02/2022,Ethan Kumar,Consumer,East,Furniture,Bookcases,Bush Classic Bookcase Standard,592.62,4.0,0.5,-277.78
550,US-2022-100341,01/29/2022,30/01/2022,Daniel Walker,Consumer,South,Office Supplies,Envelopes,Kraft Clasp Envelope Pro,18.4,2.0,0.5,5.25
551,US-2024-102731,29/10/2024,01-Nov-2024,Sofia Smith,Home Office,East,Furniture,Tables,Bretford Conference Table Standard,609.17,2.0,0.4,-144.47
552,US-2023-101816,"April 21, 2023",04/23/2023,Noah Smith,Consumer,West,Technology,Machines,Cubify 3D Printer Value,588.46,2.0,0.1,86.02
553,US-2023-103150,18-Dec-2023,2023-12-19,Lucas Wilson,Consumer,Central,Furniture,Bookcases,Bush Classic Bookcase Standard,1183.6,4.0,0.0,316.82
554,US-2023-100923,23/05/2023,28-May-2023,Nina Wilson,Consumer,Central,Furniture,Chairs,Harbour Creations Chair Standard,1033.84,4.0,0.0,339.23
555,US-2023-100777,19-Jun-2023,2023-06-25,Amit Wright,Corporate,West,Furniture,Furnishings,Fellowes Wall Clock Pro,184.27,3.0,0.0,80.91
556,US-2024-100661,"January 07, 2024",01/11/2024,Zoe King,Consumer,West,Furniture,Tables,Bevis Table Classic,547.55,2.0,0.0,137.07
557,US-2023-102887,"January 30, 2023",02/04/2023,Maria Brown,Consumer,East,Technology,Accessories,Logitech Mouse Deluxe,31.58,1.0,0.0,16.61
558,US-2024-100089,08/19/2024,22/08/2024,Mateo Smith,Home Office,West,Office Supplies,Art,Sharpie Marker Set Standard,18.59,1.0,0.0,11.15
559,US-2022-100983,03/11/2022,06-Nov-2022,Priya Patel,Corporate,East,Office Supplies,Paper,Boise Copy Paper Classic,58.06,6.0,0.0,37.48
560,US-2022-100989,2022-07-25,"July 30, 2022",Nina King,Consumer,East,Technology,Copiers,Hewlett Packard Copier Value,2042.24,2.0,0.2,-73.77
561,US-2022-102104,04-Mar-2022,2022-03-08,Emma King,Consumer,Central,Furniture,Bookcases,O'Sullivan Bookcase Pro,473.53,2.0,0.15,90.69
562,US-2024-101055,23/12/2024,26-Dec-2024,Mia Nair,Consumer,West,Furniture,Furnishings,Tenex Chairmat Standard,334.94,6.0,0.0,149.56
563,US-2023-102797,27/10/2023,31-Oct-2023,Ravi Chen,Home Office,West,Technology,Copiers,Canon imageCLASS Copier Pro,3181.52,4.0,0.0,702.49
564,US-2023-103261,14-Mar-2023,2023-03-19,Sofia Young,Home Office,South,Office Supplies,Binders,Acco Binder Deluxe,17.54,1.0,0.2,8.94
565,US-2023-102579,30-Apr-2023,2023-05-03,Ravi Wright,Home Office,East,Technology,Copiers,Hewlett Packard Copier Standard,3350.01,3.0,0.0,723.9
566,US-2021-102001,19/03/2021,22-Mar-2021,Zoe Lee,Corporate,South,Office Supplies,Binders,Acco Binder Standard,42.95,3.0,0.15,22.34
567,US-2023-100600,06-Mar-2023,2023-03-09,Ethan Lee,Home Office,Central,Office Supplies,Art,Sharpie Marker Set Standard,12.35,1.0,0.1,6.49
568,US-2021-100475,2021-08-02,"August 09, 2021",Kenji Nair,Corporate,West,Office Supplies,Binders,GBC Binding System Standard,16.04,1.0,0.15,9.39
569,US-2024-101914,30-Sep-2024,2024-10-03,Amit Thomas,Home Office,West,Office Supplies,Supplies,Elmer's Glue Pack Standard,59.67,4.0,0.5,9.64
570,US-2024-101829,12-Nov-2024,2024-11-18,Ethan Thomas,Home Office,Central,Technology,Copiers,Hewlett Packard Copier Value,1437.3,1.0,0.0,320.22
571,US-2021-101010,14/07/2021,17-Jul-2021,Kavya Thomas,Home Office,East,Furniture,Furnishings,Tenex Chairmat Deluxe,39.38,1.0,0.3,9.29
572,US-2022-101264,05/14/2022,19/05/2022,Daniel Chen,Corporate,East,Furniture,Bookcases,Sauder Bookcase Pro,1806.8,4.0,0.0,543.42
573,US-2024-101272,25-May-2024,2024-05-27,Emma Anderson,Corporate,Central,Office Supplies,Paper,HP Premium Paper Classic,32.91,4.0,0.0,22.17
574,US-2021-100286,04/18/2021,24/04/2021,Ananya Clark,Corporate,West,Office Supplies,Labels,Sharpie Label Tape Standard,5.27,1.0,0.2,2.86
575,US-2022-102816,10-Feb-2022,2022-02-15,Ravi Wright,Consumer,West,Technology,Copiers,Canon imageCLASS Copier Standard,1412.77,2.0,0.2,12.87
576,US-2022-100272,06/28/2022,01/07/2022,Grace King,Consumer,East,Furniture,Furnishings,Eldon Desk Lamp Value,371.7,,0.0,168.72
577,US-2024-102372,02/28/2024,02/03/2024,Ananya Davis,Home Office,South,Furniture,Tables,Bevis Table Standard,732.8,2.0,0.0,171.1
578,US-2021-100447,2021-12-03,"December 08, 2021",Ethan Rodriguez,Corporate,East,Office Supplies,Labels,Sharpie Label Tape Standard,8.32,1.0,0.3,4.25
579,US-2024-101165,07/31/2024,06/08/2024,Ravi Patel,Home Office,East,Office Supplies,Supplies,Stanley Hole Punch Value,45.28,2.0,0.0,26.05
580,US-2022-101949,2022-02-19,"February 22, 2022",Arjun Nair,Consumer,South,Furniture,Tables,Chromcraft Round Table Classic,859.95,3.0,0.2,79.44
581,US-2022-100145,09/25/2022,27/09/2022,Omar Rodriguez,Consumer,Central,Office Supplies,Storage,IRIS Storage Box Pro,232.76,2.0,0.0,101.38
582,US-2022-102643,2022-07-14,"July 21, 2022",Ethan Garcia,Corporate,East,Technology,Phones,Apple iPhone Accessory Standard,742.79,2.0,0.0,213.39
583,US-2021-101520,2021-09-26,"October 03, 2021",Zoe Lee,Consumer,West,Technology,Phones,Cisco IP Phone Value,218.23,1.0,0.0,68.75
584,US-2024-101349,28-Apr-2024,2024-05-03,Liam Wilson,Consumer,Central,Technology,Phones,Cisco IP Phone Value,1099.46,3.0,0.0,310.81
585,US-2022-101706,20-Feb-2022,2022-02-21,Ananya Wilson,Home Office,Central,Office Supplies,Fasteners,Bostitch Staples Pro,21.9,3.0,0.15,13.8
586,US-2023-100131,26-Oct-2023,2023-10-31,Kavya Thomas,Consumer,East,Furniture,Bookcases,Bush Classic Bookcase Standard,675.84,3.0,0.0,201.13
587,US-2023-102591,"November 05, 2023",11/09/2023,Chloe Rodriguez,Consumer,Central,Office Supplies,Storage,IRIS Storage Box Deluxe,99.71,1.0,0.0,45.63
588,US-2021-100573,10/10/2021,13-Oct-2021,Isabella Wright,Consumer,South,Office Supplies,Labels,Avery Label Set Deluxe,15.96,3.0,0.4,7.42
589,US-2024-101161,07-Oct-2024,2024-10-12,Ethan Patel,Home Office,West,Office Supplies,Labels,Sharpie Label Tape Value,6.86,1.0,0.15,4.31
590,US-2024-102202,14-May-2024,2024-05-18,Laura Nair,Corporate,Central,Office Supplies,Storage,IRIS Storage Box Value,545.36,6.0,0.0,226.53
591,US-2022-103167,2022-04-10,"April 15, 2022",Maria Rodriguez,Corporate,East,Furniture,Furnishings,Fellowes Wall Clock Standard,300.47,5.0,0.1,124.27
592,US-2023-100596,12/29/2023,30/12/2023,James Chen,Consumer,West,Office Supplies,Paper,Boise Copy Paper Deluxe,52.85,5.0,0.0,32.97
593,US-2024-101362,2024-08-09,"August 13, 2024",Lucas Johnson,Home Office,South,Technology,Copiers,Hewlett Packard Copier Standard,5659.54,4.0,0.1,765.19
594,US-2024-102605,"March 21, 2024",03/24/2024,Omar Davis,Corporate,Central,Office Supplies,Art,Newell Scissors Pro,26.78,2.0,0.2,12.74
595,US-2024-102932,"June 30, 2024",07/03/2024,Lucas Smith,Consumer,West,Office Supplies,Supplies,Elmer's Glue Pack Standard,25.0,1.0,0.1,12.15
596,US-2021-102141,2021-05-18,"May 20, 2021",Arjun Rodriguez,Consumer,West,Furniture,Tables,Chromcraft Round Table Classic,166.53,1.0,0.1,28.28
597,US-2022-102063,"October 11, 2022",10/13/2022,Ravi Garcia,Consumer,East,Technology,Copiers,Hewlett Packard Copier Standard,4905.74,3.0,0.1,474.39
598,US-2023-102958,"April 05, 2023",04/07/2023,Sofia Lee,Corporate,Central,Office Supplies,Fasteners,ACCO Fasteners Deluxe,16.95,3.0,0.0,11.56
599,US-2023-100169,18-Jul-2023,2023-07-22,Ravi Clark,Consumer,West,Office Supplies,Appliances,Honeywell Fan Classic,165.23,4.0,0.8,-331.47
600,US-2023-101240,08-Oct-2023,2023-10-13,Isabella Young,Corporate,Central,Office Supplies,Appliances,Honeywell Fan Standard,186.41,2.0,0.2,44.36
601,US-2023-100322,26/04/2023,02-May-2023,Isabella Young,Home Office,East,Technology,Machines,Lexmark Printer Deluxe,639.39,1.0,0.0,151.47
602,US-2023-102377,2023-10-18,"October 23, 2023",Laura Davis,Consumer,East,Office Supplies,Binders,Wilson Jones Binder Standard,53.08,3.0,0.0,32.51
603,US-2021-100461,10/09/2021,16/10/2021,Isabella Brown,Consumer,South,Office Supplies,Supplies,Elmer's Glue Pack Classic,23.42,1.0,0.2,10.16
604,US-2023-101926,09/12/2023,15/09/2023,Zoe Kumar,Consumer,Central,Office Supplies,Paper,Xerox Multipurpose Paper Pro,15.84,3.0,0.4,6.53
605,US-2024-101296,"September 14, 2024",09/18/2024,Noah Smith,Consumer,East,Office Supplies,Storage,IRIS Storage Box Pro,62.62,1.0,0.2,17.54
606,US-2023-100388,2023-09-24,"September 25, 2023",Grace Young,Consumer,West,Office Supplies,Binders,Wilson Jones Binder Deluxe,45.9,5.0,0.5,7.6
607,US-2022-101149,09/16/2022,21/09/2022,Kavya Clark,Home Office,Central,Office Supplies,Paper,Xerox Multipurpose Paper Pro,36.78,4.0,0.2,20.91
608,US-2024-102759,2024-09-14,"September 17, 2024",Sofia Chen,Corporate,Central,Office Supplies,Labels,Avery Label Set Value,10.59,1.0,0.0,7.13
609,US-2022-102003,23/01/2022,26-Jan-2022,Nina Brown,Corporate,West,Office Supplies,Envelopes,Poly String Envelope Pro,5.05,1.0,0.7,-0.91
610,US-2024-100744,13-Nov-2024,2024-11-20,Hannah King,Consumer,Central,Furniture,Furnishings,Eldon Desk Lamp Standard,50.74,2.0,0.4,3.47
611,US-2023-102494,25/07/2023,29-Jul-2023,Ravi Wright,Consumer,South,Furniture,Bookcases,O'Sullivan Bookcase Value,536.94,3.0,0.5,-212.34
612,US-2024-102633,31-May-2024,2024-06-03,James Clark,Home Office,South,Office Supplies,Binders,Acco Binder Pro,36.65,3.0,0.5,8.02
613,US-2024-100798,2024-03-31,"April 04, 2024",Chloe Johnson,Corporate,East,Office Supplies,Appliances,Honeywell Fan Pro,80.79,1.0,0.5,-19.76
614,US-2021-102438,30/04/2021,03-May-2021,Hannah Rodriguez,Consumer,South,Office Supplies,Binders,Wilson Jones Binder Classic,76.51,3.0,0.15,39.07
615,US-2024-102946,19-Apr-2024,2024-04-23,Daniel Wright,Consumer,West,Office Supplies,Envelopes,Poly String Envelope Deluxe,11.66,1.0,0.0,7.12
616,US-2022-101403,03/28/2022,01/04/2022,Mateo Wilson,Consumer,West,Technology,Machines,Zebra Label Printer Classic,639.11,3.0,0.7,-1034.83
617,US-2024-100471,15/04/2024,18-Apr-2024,Ananya Thomas,Consumer,South,Furniture,Furnishings,Fellowes Wall Clock Pro,158.07,2.0,0.0,74.42
618,US-2024-101721,29-Feb-2024,2024-03-07,Grace Kumar,Consumer,East,Office Supplies,Paper,Boise Copy Paper Pro,12.52,2.0,0.3,5.87
619,US-2022-100355,"September 09, 2022",09/11/2022,Arjun Nair,Consumer,East,Technology,Accessories,SanDisk USB Drive Standard,27.34,1.0,0.4,4.76
620,US-2022-102361,2022-11-23,"November 27, 2022",James Johnson,Corporate,East,Office Supplies,Storage,Fellowes File Cart Standard,454.64,5.0,0.2,119.04
621,US-2023-101095,2023-10-05,"October 10, 2023",Ananya Clark,Consumer,South,Office Supplies,Fasteners,Bostitch Staples Deluxe,26.29,3.0,0.0,18.45
622,US-2024-101651,08/28/2024,01/09/2024,Chloe Nair,Consumer,East,Office Supplies,Envelopes,Poly String Envelope Deluxe,15.62,1.0,0.0,9.77
623,US-2021-102896,2021-01-20,"January 25, 2021",Liam Smith,Consumer,South,Technology,Machines,Lexmark Printer Classic,3184.29,4.0,0.0,782.18
624,US-2022-102506,"August 05, 2022",08/10/2022,Olivia Anderson,Consumer,Central,Furniture,Furnishings,Tenex Chairmat Value,162.27,4.0,0.1,61.34
625,US-2022-100292,2022-08-28,"September 01, 2022",Kavya Brown,Consumer,East,Office Supplies,Binders,Wilson Jones Binder Classic,,1.0,0.0,9.27
626,US-2021-102625,"May 25, 2021",05/28/2021,Priya Chen,Corporate,East,Office Supplies,Paper,Boise Copy Paper Value,35.62,3.0,0.1,21.54
627,US-2021-100631,26-Nov-2021,2021-11-30,Liam Walker,Corporate,West,Office Supplies,Storage,IRIS Storage Box Deluxe,98.04,3.0,0.3,13.33
628,US-2022-100407,"December 05, 2022",12/08/2022,Laura Johnson,Home Office,South,Office Supplies,Storage,Fellowes File Cart Classic,42.64,1.0,0.15,12.94
629,US-2024-101880,19/11/2024,21-Nov-2024,Carlos Clark,Consumer,South,Furniture,Bookcases,Bush Classic Bookcase Value,514.48,2.0,0.0,141.32
630,US-2022-100702,2022-07-05,"July 10, 2022",Isabella Brown,Corporate,South,Office Supplies,Envelopes,Poly String Envelope Classic,58.72,5.0,0.1,33.31
631,US-2023-102060,"September 29, 2023",10/03/2023,Mateo Young,Corporate,West,Furniture,Chairs,Hon Task Chair Value,180.71,1.0,0.1,42.49
632,US-2024-102620,2024-06-18,"June 21, 2024",,Consumer,East,Office Supplies,Art,Prismacolor Pencils Value,47.86,3.0,0.15,21.66
633,US-2021-100061,01/01/2021,06/01/2021,Olivia Anderson,Consumer,South,Furniture,Chairs,Global Deluxe Chair Value,690.2,2.0,0.0,221.68
634,US-2024-102848,"June 24, 2024",06/27/2024,Ravi Rodriguez,Consumer,West,Office Supplies,Supplies,Elmer's Glue Pack Classic,18.98,1.0,0.0,9.75
635,US-2023-102235,"February 13, 2023",02/17/2023,Mateo Rodriguez,Consumer,East,Office Supplies,Paper,Xerox Multipurpose Paper Value,15.33,1.0,,9.33
636,US-2022-101656,2022-07-06,"July 08, 2022",Noah King,Corporate,West,Office Supplies,Paper,HP Premium Paper Deluxe,25.17,2.0,0.0,16.17
637,US-2023-101275,08/08/2023,12-Aug-2023,Olivia Rodriguez,Consumer,South,Office Supplies,Envelopes,Kraft Clasp Envelope Value,19.99,3.0,0.5,4.32
638,US-2023-102456,"April 17, 2023",04/20/2023,,Consumer,East,Office Supplies,Paper,Boise Copy Paper Classic,23.31,2.0,0.2,13.94
639,US-2023-102360,25/06/2023,01-Jul-2023,Wei Clark,Consumer,Central,Office Supplies,Fasteners,ACCO Fasteners Pro,6.34,1.0,0.0,4.44
640,US-2023-101036,"November 24, 2023",11/28/2023,Hannah Garcia,Corporate,East,Office Supplies,Binders,Wilson Jones Binder Value,60.25,6.0,0.4,19.02
641,US-2023-101562,2023-06-07,"June 11, 2023",Omar Rodriguez,Corporate,East,Technology,Accessories,SanDisk USB Drive Standard,33.47,1.0,0.1,14.64
642,US-2022-100507,"March 09, 2022",03/15/2022,Kenji Clark,Home Office,West,Office Supplies,Fasteners,Bostitch Staples Standard,26.54,5.0,0.2,16.38
643,US-2023-100959,05/05/2023,10/05/2023,Sofia Nair,Consumer,West,Furniture,Chairs,Hon Task Chair Standard,546.14,3.0,0.0,181.95
644,US-2023-101480,02/21/2023,24/02/2023,,Consumer,East,Office Supplies,Envelopes,Poly String Envelope Standard,31.56,3.0,0.0,20.7
645,US-2023-101134,21-Mar-2023,2023-03-22,Mateo Young,Consumer,East,Furniture,Bookcases,O'Sullivan Bookcase Classic,459.94,2.0,0.15,62.58
646,US-2022-101168,12/04/2022,15-Apr-2022,Laura Walker,Consumer,Central,Furniture,Tables,Bretford Conference Table Standard,2488.7,6.0,0.15,269.79
647,US-2022-100241,08/08/2022,12/08/2022,Hannah Nair,Home Office,South,Technology,Machines,Cubify 3D Printer Deluxe,1720.06,2.0,0.1,205.42
648,US-2023-100649,04/01/2023,05/04/2023,Omar Thomas,Corporate,South,Office Supplies,Storage,Fellowes File Cart Deluxe,131.15,1.0,0.1,47.45
649,US-2024-102735,26-Sep-2024,2024-10-01,Nina Chen,Home Office,East,Office Supplies,Storage,Fellowes File Cart Classic,343.21,4.0,0.0,148.81
650,US-2023-100333,20/10/2023,26-Oct-2023,Mia Thomas,Home Office,East,Office Supplies,Envelopes,Kraft Clasp Envelope Classic,16.63,1.0,0.1,8.79
651,US-2024-100276,"September 18, 2024",09/21/2024,Priya Walker,Corporate,West,Office Supplies,Art,Sharpie Marker Set Deluxe,102.71,5.0,0.0,57.3
652,US-2024-102867,2024-11-26,"December 02, 2024",,Consumer,West,Office Supplies,Storage,Fellowes File Cart Pro,17.23,1.0,0.2,5.02
653,US-2024-100105,27/02/2024,02-Mar-2024,Olivia Chen,Corporate,East,Furniture,Chairs,Hon Task Chair Value,128.58,1.0,0.2,21.35
654,US-2021-101566,04/13/2021,17/04/2021,Arjun Garcia,Home Office,West,Office Supplies,Art,Prismacolor Pencils Standard,31.37,5.0,0.3,13.0
655,US-2022-100084,04-May-2022,2022-05-08,Liam Nair,Consumer,Central,Technology,Phones,Cisco IP Phone Deluxe,386.26,1.0,0.0,130.15
656,US-2021-100530,10/01/2021,15-Jan-2021,Ethan Wilson,Corporate,West,Office Supplies,Binders,GBC Binding System Standard,16.79,2.0,0.3,8.22
657,US-2023-102738,"November 04, 2023",11/07/2023,Daniel Anderson,Corporate,South,Office Supplies,Labels,Avery Label Set Value,7.01,1.0,0.1,4.38
658,US-2023-101694,2023-04-23,"April 26, 2023",Ravi Rodriguez,Corporate,West,Furniture,Furnishings,Tenex Chairmat Pro,54.98,1.0,0.15,18.93
659,US-2024-101961,2024-04-25,"April 27, 2024",Isabella Chen,Consumer,Central,Office Supplies,Binders,Acco Binder Value,12.23,1.0,0.0,7.07
660,US-2023-100352,2023-07-09,"July 11, 2023",Mia Young,Consumer,South,Office Supplies,Storage,Fellowes File Cart Pro,219.67,3.0,0.4,7.54
661,US-2024-100928,03-Apr-2024,2024-04-06,Amit Brown,Corporate,East,Furniture,Bookcases,Sauder Bookcase Pro,204.83,1.0,0.3,-11.46
662,US-2021-102446,06/02/2021,04/06/2021,Laura Young,Corporate,South,Office Supplies,Envelopes,Kraft Clasp Envelope Pro,17.16,3.0,0.7,-4.22
663,US-2022-102355,01/04/2022,09/01/2022,Mia Davis,Home Office,West,Office Supplies,Binders,Acco Binder Standard,37.56,2.0,0.15,19.29
664,US-2024-100539,"January 01, 2024",01/06/2024,Daniel Johnson,Consumer,West,Office Supplies,Storage,IRIS Storage Box Standard,244.75,4.0,0.3,45.75
665,US-2022-100288,21-Apr-2022,2022-04-27,Mia Johnson,Consumer,South,Office Supplies,Storage,SAFCO Storage Bin Classic,603.27,4.0,0.0,221.22
666,US-2021-100704,07/29/2021,02/08/2021,Olivia Wilson,Consumer,East,Furniture,Chairs,Hon Task Chair Classic,800.78,3.0,0.15,151.79
667,US-2021-103185,21/07/2021,25-Jul-2021,Liam Davis,Home Office,Central,Office Supplies,Envelopes,Poly String Envelope Classic,54.69,6.0,0.2,26.62
668,US-2024-101660,"September 25, 2024",09/29/2024,Liam Wright,Corporate,South,Furniture,Furnishings,Tenex Chairmat Value,67.66,1.0,0.15,21.35
669,US-2023-101483,05/12/2023,16/05/2023,Noah Davis,Home Office,South,Office Supplies,Paper,HP Premium Paper Standard,7.7,1.0,0.4,3.14
670,US-2024-102211,25-Jun-2024,2024-06-28,Maria King,Home Office,East,Office Supplies,Binders,GBC Binding System Value,82.14,5.0,0.15,44.62
671,US-2022-103267,03-Dec-2022,2022-12-09,Zoe Johnson,Consumer,East,Technology,Accessories,SanDisk USB Drive Deluxe,13.09,2.0,0.8,-19.76
672,US-2022-100272,28-Jun-2022,2022-07-01,Grace King,Consumer,East,Office Supplies,Art,Newell Scissors Deluxe,29.22,3.0,0.5,
673,US-2024-101519,11/08/2024,14-Aug-2024,Omar King,Corporate,West,Office Supplies,Storage,SAFCO Storage Bin Pro,113.54,1.0,0.2,31.02
674,US-2021-102954,02/12/2021,07-Dec-2021,Zoe Rodriguez,Consumer,South,Technology,Copiers,Canon imageCLASS Copier Deluxe,4008.65,2.0,0.0,843.94
675,US-2023-103127,10-Aug-2023,2023-08-12,Daniel Kumar,Corporate,East,Office Supplies,Paper,Xerox Multipurpose Paper Pro,11.98,1.0,0.15,7.16
676,US-2023-102458,04/05/2023,09/04/2023,Amit Nair,Home Office,Central,Office Supplies,Paper,HP Premium Paper Value,25.26,2.0,0.0,16.67
677,US-2021-100273,"March 06, 2021",03/11/2021,Kavya Patel,Consumer,East,Technology,Machines,Cubify 3D Printer Classic,748.69,1.0,0.2,38.16
678,US-2024-102056,23/06/2024,26-Jun-2024,Nina Clark,Consumer,Central,Technology,Phones,Cisco IP Phone Classic,296.17,1.0,0.0,88.51
679,US-2023-100405,05/30/2023,02/06/2023,Zoe Brown,Consumer,Central,Office Supplies,Fasteners,Bostitch Staples Pro,8.55,2.0,0.4,4.41
680,US-2023-101026,"January 14, 2023",01/19/2023,Priya Martinez,Consumer,East,Technology,Accessories,Logitech Mouse Value,248.46,6.0,0.0,121.28
681,US-2022-100765,12/29/2022,04/01/2023,Grace Anderson,Corporate,Central,Office Supplies,Storage,IRIS Storage Box Pro,191.98,2.0,0.0,76.24
682,US-2024-102731,29-Oct-2024,2024-11-01,Sofia Smith,Home Office,East,Office Supplies,Appliances,Avanti Refrigerator Deluxe,267.45,2.0,0.0,103.42
683,US-2021-102163,01/23/2021,28/01/2021,,Consumer,West,Office Supplies,Supplies,Stanley Hole Punch Standard,9.0,3.0,0.0,4.86
684,US-2023-100157,27-Mar-2023,2023-04-02,Arjun Brown,Consumer,East,Office Supplies,Appliances,Honeywell Fan Standard,526.55,4.0,0.0,206.76
685,US-2022-101987,01/21/2022,25/01/2022,Chloe Young,Corporate,West,Furniture,Bookcases,O'Sullivan Bookcase Classic,185.17,3.0,0.4,-44.7
686,US-2021-100193,12/29/2021,31/12/2021,Nina Nair,Corporate,West,Technology,Copiers,Hewlett Packard Copier Pro,1853.21,2.0,0.0,285.53
687,US-2024-102715,03/08/2024,11/03/2024,Lucas Rodriguez,Consumer,Central,Technology,Copiers,Canon imageCLASS Copier Classic,1807.33,4.0,0.7,-3132.96
688,US-2023-103174,"April 13, 2023",04/16/2023,Laura Anderson,Consumer,West,Furniture,Chairs,Global Deluxe Chair Standard,628.0,3.0,0.15,130.61
689,US-2021-100364,2021-10-13,"October 20, 2021",Grace Anderson,Consumer,Central,Office Supplies,Paper,HP Premium Paper Deluxe,83.18,5.0,0.0,58.09
690,US-2022-101860,"September 14, 2022",09/18/2022,Chloe Garcia,Corporate,East,Office Supplies,Labels,Sharpie Label Tape Pro,14.77,5.0,0.5,4.97
691,US-2024-100780,2024-03-17,"March 19, 2024",Daniel Young,Corporate,South,Technology,Phones,Cisco IP Phone Standard,2554.8,6.0,0.0,744.13
692,US-2022-100453,2022-04-01,"April 03, 2022",Liam Brown,Corporate,West,Technology,Accessories,Logitech Mouse Standard,51.13,1.0,0.0,26.61
693,US-2022-100675,"June 23, 2022",06/26/2022,Emma Wilson,Corporate,Central,Furniture,Tables,Bretford Conference Table Classic,1639.57,3.0,0.0,450.02
694,US-2022-100675,23/06/2022,26-Jun-2022,Emma Wilson,Corporate,Central,Technology,Copiers,Canon imageCLASS Copier Classic,2356.5,2.0,0.1,160.96
695,US-2024-101547,26/09/2024,28-Sep-2024,Priya Clark,Corporate,Central,Office Supplies,Envelopes,Poly String Envelope Deluxe,20.4,1.0,0.0,12.3
696,US-2023-100283,06/25/2023,29/06/2023,Grace Wilson,Consumer,West,Office Supplies,Fasteners,ACCO Fasteners Deluxe,2.6,1.0,0.4,1.05
697,US-2023-102183,02/07/2023,11/02/2023,Emma Lee,Consumer,West,Office Supplies,Envelopes,Poly String Envelope Pro,5.34,1.0,0.0,3.2
698,US-2021-100166,06/15/2021,19/06/2021,Mateo Wright,Corporate,Central,Office Supplies,Binders,Acco Binder Deluxe,55.02,3.0,0.0,31.25
699,US-2024-102783,16/02/2024,19-Feb-2024,Laura Martinez,Corporate,West,Office Supplies,Storage,SAFCO Storage Bin Deluxe,189.42,2.0,0.1,67.06
700,US-2022-101959,"October 21, 2022",10/27/2022,Amit Davis,Corporate,West,Office Supplies,Labels,Avery Label Set Classic,12.75,3.0,0.2,
701,US-2021-102314,30/09/2021,03-Oct-2021,Noah Wilson,Consumer,South,Office Supplies,Paper,Boise Copy Paper Standard,16.47,1.0,0.0,10.77
702,US-2022-102776,"December 07, 2022",12/10/2022,Hannah Wright,Consumer,Central,Technology,Machines,Lexmark Printer Classic,1537.58,4.0,0.5,-833.86
703,US-2024-100147,10/01/2024,15-Jan-2024,Laura Martinez,Consumer,West,Furniture,Tables,Bretford Conference Table Pro,153.64,1.0,0.0,41.13
704,US-2022-101602,"January 15, 2022",01/16/2022,Yusuf Walker,Consumer,West,Technology,Copiers,Canon imageCLASS Copier Deluxe,6408.91,5.0,0.0,1221.49
705,US-2023-101707,2023-05-30,"June 05, 2023",Wei Davis,Home Office,Central,Technology,Machines,Lexmark Printer Standard,1170.76,1.0,0.0,259.28
706,US-2024-100761,02-Sep-2024,2024-09-08,James Chen,Consumer,Central,Office Supplies,Labels,Avery Label Set Standard,9.19,1.0,0.0,5.84
707,US-2023-103057,"July 20, 2023",07/26/2023,Nina Wilson,Consumer,South,Technology,Accessories,SanDisk USB Drive Standard,123.44,4.0,0.3,32.66
708,US-2021-100819,2021-08-26,"August 30, 2021",James Anderson,Consumer,South,Office Supplies,Storage,IRIS Storage Box Value,116.6,1.0,0.1,37.22
709,US-2023-102013,07-Mar-2023,2023-03-10,Arjun Kumar,Corporate,Central,Office Supplies,Labels,Avery Label Set Classic,9.74,1.0,0.0,6.67
710,US-2021-100772,2021-08-07,"August 09, 2021",Liam Kumar,Corporate,Central,Office Supplies,Envelopes,Poly String Envelope Value,30.5,2.0,0.0,18.88
711,US-2022-101320,10/25/2022,27/10/2022,Nina King,Home Office,West,Office Supplies,Fasteners,ACCO Fasteners Value,15.32,2.0,0.0,10.66
712,US-2022-103115,"February 21, 2022",02/25/2022,Mateo Davis,Consumer,,Office Supplies,Storage,SAFCO Storage Bin Pro,290.08,3.0,0.15,88.58
713,US-2022-100858,"June 20, 2022",06/26/2022,Omar Davis,Consumer,East,Office Supplies,Binders,Wilson Jones Binder Deluxe,56.49,3.0,0.15,29.22
714,US-2022-103237,"July 06, 2022",07/07/2022,Nina Wilson,Consumer,South,Technology,Phones,Samsung Galaxy Dock Pro,852.88,2.0,0.0,262.55
715,US-2024-103179,2024-02-01,"February 05, 2024",Ravi Anderson,Corporate,West,Office Supplies,Paper,Boise Copy Paper Value,18.92,3.0,0.2,11.13
716,US-2022-100421,05/09/2022,12/05/2022,Priya Wright,Consumer,West,Technology,Copiers,Hewlett Packard Copier Pro,1854.46,2.0,0.2,-3.58
717,US-2021-100915,30/01/2021,01-Feb-2021,Carlos Clark,Consumer,West,Office Supplies,Art,Newell Scissors Standard,44.22,4.0,0.3,18.05
718,US-2023-103281,2023-11-14,"November 16, 2023",Mia Rodriguez,Consumer,East,Office Supplies,Storage,Fellowes File Cart Classic,161.88,3.0,0.3,33.65
719,US-2021-102636,19-Jan-2021,2021-01-25,Hannah Clark,Corporate,West,Technology,Machines,Cubify 3D Printer Standard,1120.11,1.0,0.0,253.22
720,US-2024-102842,2024-03-05,"March 09, 2024",Nina Thomas,Consumer,Central,Technology,Accessories,SanDisk USB Drive Pro,6.87,1.0,0.8,-11.01
721,US-2024-102855,28/07/2024,29-Jul-2024,Mateo Kumar,Consumer,Central,Office Supplies,Paper,Xerox Multipurpose Paper Deluxe,12.42,1.0,0.0,8.2
722,US-2024-102121,"December 10, 2024",12/13/2024,Kavya Nair,Corporate,East,Furniture,Bookcases,O'Sullivan Bookcase Deluxe,176.03,1.0,0.2,21.5
723,US-2022-102930,2022-05-16,"May 17, 2022",Ethan Garcia,Consumer,East,Furniture,Furnishings,Eldon Desk Lamp Value,20.55,1.0,0.5,-1.99
724,US-2022-102973,16/09/2022,20-Sep-2022,Wei Rodriguez,Corporate,Central,Furniture,Bookcases,O'Sullivan Bookcase Value,312.08,2.0,0.4,-61.75
725,US-2021-101993,16/11/2021,21-Nov-2021,Liam Wright,Consumer,West,Technology,Machines,Zebra Label Printer Pro,1707.56,4.0,0.3,-247.74
726,US-2021-103131,03-Jul-2021,2021-07-06,Liam Smith,Corporate,Central,Office Supplies,Envelopes,Kraft Clasp Envelope Standard,36.57,5.0,0.3,18.18
727,US-2022-101176,05/28/2022,31/05/2022,Emma Patel,Consumer,Central,Office Supplies,Storage,SAFCO Storage Bin Value,145.86,2.0,0.15,48.92
728,US-2022-101647,06/12/2022,16/06/2022,James Martinez,Corporate,West,Office Supplies,Paper,HP Premium Paper Standard,10.43,1.0,0.15,6.05
729,US-2022-100482,24-Nov-2022,2022-12-01,Daniel Wright,Consumer,West,Technology,Copiers,Canon imageCLASS Copier Classic,2391.26,2.0,0.1,194.44
730,US-2021-102556,15-Feb-2021,2021-02-18,Isabella Davis,Corporate,East,Office Supplies,Supplies,Stanley Hole Punch Pro,37.03,2.0,0.4,7.91
731,US-2024-100937,2024-12-28,"December 30, 2024",Mia Anderson,Corporate,Central,Office Supplies,Binders,Acco Binder Deluxe,51.89,4.0,0.0,31.09
732,US-2022-100041,03/13/2022,15/03/2022,Lucas Wilson,Consumer,West,Office Supplies,Binders,GBC Binding System Standard,43.97,2.0,0.0,26.26
733,US-2023-101586,21-May-2023,2023-05-24,Liam Smith,Consumer,East,Furniture,Tables,Chromcraft Round Table Standard,904.86,2.0,0.0,213.17
734,US-2024-101333,20-Jan-2024,2024-01-25,Sofia Clark,Corporate,East,Office Supplies,Storage,Fellowes File Cart Pro,347.46,5.0,0.15,108.91
735,US-2024-101810,03/02/2024,06/03/2024,Isabella Clark,Corporate,Central,Technology,Phones,Samsung Galaxy Dock Value,1597.7,5.0,0.0,526.39
736,US-2024-100957,20/02/2024,23-Feb-2024,Carlos Rodriguez,Home Office,Central,Office Supplies,Paper,Xerox Multipurpose Paper Standard,26.95,3.0,0.3,12.23
737,US-2024-101574,"February 19, 2024",02/22/2024,James Clark,Corporate,East,Technology,Phones,Apple iPhone Accessory Value,,5.0,0.1,271.14
738,US-2021-101326,2021-09-07,"September 11, 2021",Priya Walker,Consumer,Central,Office Supplies,Fasteners,Bostitch Staples Standard,4.63,1.0,0.2,3.02
739,US-2023-101766,2023-02-04,"February 08, 2023",Daniel Thomas,Consumer,South,Furniture,Furnishings,Fellowes Wall Clock Classic,170.75,3.0,0.0,72.74
740,US-2021-102513,"July 04, 2021",07/07/2021,Lucas Davis,Corporate,West,Office Supplies,Art,Sharpie Marker Set Classic,30.96,2.0,0.0,17.59
741,US-2023-100131,"October 26, 2023",10/31/2023,Kavya Thomas,Consumer,East,Furniture,Furnishings,Eldon Desk Lamp Deluxe,329.74,6.0,0.2,96.81
742,US-2021-102888,10-Mar-2021,2021-03-13,Amit Davis,Corporate,West,Office Supplies,Art,Newell Scissors Standard,49.17,5.0,0.0,28.6
743,US-2022-102984,07-Nov-2022,2022-11-08,Priya Anderson,Consumer,Central,Office Supplies,Fasteners,Bostitch Staples Standard,12.26,2.0,0.2,7.63
744,US-2023-102292,28/08/2023,31-Aug-2023,Priya Young,Consumer,East,Technology,Accessories,Logitech Mouse Value,166.17,5.0,0.3,48.51
745,US-2024-101116,08/07/2024,09-Jul-2024,Lucas Martinez,Corporate,East,Office Supplies,Appliances,Hoover Vacuum Standard,311.0,2.0,0.1,102.34
746,US-2024-102136,27-Mar-2024,2024-03-31,Chloe Clark,Consumer,Central,Furniture,Bookcases,Sauder Bookcase Classic,252.42,2.0,0.15,39.66
747,US-2022-102526,05/01/2022,09-Jan-2022,Laura Rodriguez,Consumer,East,Furniture,Furnishings,Eldon Desk Lamp Deluxe,39.48,2.0,0.4,4.17
748,US-2022-100012,26-Mar-2022,2022-03-29,Yusuf Thomas,Home Office,South,Office Supplies,Storage,Fellowes File Cart Standard,139.05,2.0,0.0,55.64
749,US-2021-102102,09/02/2021,13-Feb-2021,Lucas Anderson,Consumer,West,Office Supplies,Fasteners,ACCO Fasteners Classic,21.04,4.0,0.0,15.32
750,US-2021-102452,"November 27, 2021",12/02/2021,Grace Chen,Consumer,East,Office Supplies,Fasteners,ACCO Fasteners Standard,8.76,1.0,0.0,5.97
751,US-2022-101052,"June 25, 2022",07/02/2022,Lucas Thomas,Consumer,Central,Furniture,Furnishings,Eldon Desk Lamp Pro,48.06,2.0,0.5,-6.84
752,US-2022-100256,"December 09, 2022",12/12/2022,Ravi Garcia,Corporate,East,Technology,Accessories,Belkin Cable Value,54.26,2.0,0.0,28.34
753,US-2023-103026,20-Dec-2023,2023-12-24,Mia Brown,Consumer,Central,Office Supplies,Storage,SAFCO Storage Bin Value,49.12,1.0,0.5,-4.97
754,US-2021-100023,20-Sep-2021,2021-09-26,Yusuf Nair,Consumer,East,Office Supplies,Supplies,Stanley Hole Punch Pro,113.74,4.0,0.0,59.67
755,US-2022-101110,29/08/2022,01-Sep-2022,Isabella Lee,Consumer,West,Office Supplies,Labels,Avery Label Set Pro,47.41,6.0,0.1,28.26
756,US-2021-102903,"April 06, 2021",04/11/2021,Liam Young,Consumer,Central,Office Supplies,Storage,Fellowes File Cart Classic,158.15,6.0,0.8,-276.22
757,US-2021-101332,2021-03-22,"March 27, 2021",Liam King,Consumer,West,Furniture,Bookcases,Sauder Bookcase Standard,596.52,3.0,0.3,-47.96
758,US-2023-102463,"December 31, 2023",01/03/2024,Nina Wilson,Consumer,South,Furniture,Tables,Bevis Table Standard,1234.82,4.0,0.1,190.46
759,US-2023-101827,21/01/2023,25-Jan-2023,Isabella Thomas,Corporate,West,Furniture,Chairs,Global Deluxe Chair Standard,334.39,6.0,0.7,-414.97
760,US-2023-100433,2023-01-08,"January 13, 2023",Maria Nair,Consumer,Central,Technology,Phones,Apple iPhone Accessory Value,360.54,1.0,0.0,112.37
761,US-2021-101992,"December 29, 2021",01/02/2022,Ravi Davis,Home Office,East,Furniture,Tables,Chromcraft Round Table Standard,226.4,1.0,0.1,31.74
762,US-2022-100535,09/19/2022,20/09/2022,Sofia Chen,Corporate,Central,Office Supplies,Storage,SAFCO Storage Bin Pro,77.1,1.0,0.0,32.97
763,US-2022-100684,29/12/2022,01-Jan-2023,Mateo Walker,Corporate,South,Technology,Copiers,Hewlett Packard Copier Standard,606.73,1.0,0.5,-378.87
764,US-2021-101213,21/07/2021,27-Jul-2021,Ananya Chen,Corporate,East,Office Supplies,Labels,Avery Label Set Value,20.23,2.0,0.1,12.84
765,US-2023-101618,31/05/2023,04-Jun-2023,Hannah Clark,Consumer,Central,Office Supplies,Supplies,Stanley Hole Punch Standard,5.99,1.0,0.5,0.92
766,US-2024-102043,02/06/2024,11/02/2024,Noah Nair,Corporate,East,Office Supplies,Fasteners,ACCO Fasteners Pro,5.77,1.0,0.1,3.69
767,US-2023-101425,01/08/2023,05-Aug-2023,Liam Young,Consumer,South,Furniture,Furnishings,Eldon Desk Lamp Deluxe,119.96,5.0,0.4,13.45
768,US-2022-103289,04/26/2022,30/04/2022,Mateo King,Corporate,East,Technology,Phones,Apple iPhone Accessory Value,252.43,1.0,0.15,44.28
769,US-2024-101039,18-Aug-2024,2024-08-22,Daniel Davis,Consumer,Central,Furniture,Bookcases,Bush Classic Bookcase Deluxe,296.69,1.0,0.0,86.56
770,US-2023-101540,2023-06-07,"June 10, 2023",Ananya Johnson,Consumer,East,Technology,Accessories,Logitech Mouse Standard,145.8,3.0,0.2,60.13
771,US-2024-101360,"October 22, 2024",10/27/2024,Emma Young,Corporate,South,Furniture,Furnishings,Tenex Chairmat Pro,49.29,1.0,0.2,15.97
772,US-2022-103264,31/05/2022,03-Jun-2022,Laura Kumar,Consumer,West,Office Supplies,Binders,Wilson Jones Binder Standard,,4.0,0.3,28.0
773,US-2023-102396,14/03/2023,18-Mar-2023,Chloe Wright,Consumer,South,Office Supplies,Appliances,Honeywell Fan Value,330.82,2.0,0.0,
774,US-2023-100626,10-Feb-2023,2023-02-14,Kenji Davis,Consumer,East,Office Supplies,Supplies,Elmer's Glue Pack Pro,133.16,6.0,0.0,73.78
775,US-2021-100049,"March 27, 2021",03/29/2021,Olivia Martinez,Consumer,South,Furniture,Chairs,Hon Task Chair Deluxe,730.58,3.0,0.0,209.51
776,US-2023-103187,28/01/2023,30-Jan-2023,Nina Wilson,Consumer,West,Furniture,Chairs,Hon Task Chair Pro,50.4,1.0,0.5,-18.61
777,US-2021-100544,08/06/2021,09/08/2021,Priya Brown,Consumer,West,Office Supplies,Paper,HP Premium Paper Classic,12.43,1.0,0.2,7.61
778,US-2023-100767,03-Dec-2023,2023-12-06,Yusuf Wright,Home Office,Central,Furniture,Tables,Chromcraft Round Table Value,411.94,1.0,0.0,103.49
779,US-2023-102214,08/06/2023,10/08/2023,Mia Martinez,Consumer,West,Office Supplies,Binders,Acco Binder Value,11.94,1.0,0.2,5.68
780,US-2021-101423,21-Jun-2021,2021-06-25,Kavya Clark,Corporate,West,Office Supplies,Supplies,Elmer's Glue Pack Deluxe,17.99,1.0,0.4,5.06
781,US-2022-101513,2022-05-18,"May 19, 2022",Wei Brown,Corporate,West,Office Supplies,Labels,Avery Label Set Pro,11.13,2.0,0.0,7.86
782,US-2022-100436,24/05/2022,31-May-2022,Isabella Thomas,Consumer,Central,Furniture,Tables,Bretford Conference Table Value,1991.1,6.0,0.0,485.87
783,US-2022-100797,01/01/2022,07-Jan-2022,Sofia Anderson,Corporate,East,Office Supplies,Supplies,Stanley Hole Punch Classic,28.04,3.0,0.4,6.49
784,US-2023-100961,13/06/2023,15-Jun-2023,Amit Wilson,Corporate,South,Office Supplies,Labels,Avery Label Set Pro,6.31,1.0,0.0,4.0
785,US-2022-100084,04/05/2022,08-May-2022,Liam Nair,Consumer,Central,Office Supplies,Binders,Wilson Jones Binder Value,77.52,4.0,0.15,43.17
786,US-2021-102933,03/24/2021,28/03/2021,Maria Wilson,Consumer,West,Office Supplies,Supplies,Stanley Hole Punch Deluxe,68.13,2.0,0.0,36.75
787,US-2022-100731,2022-09-15,"September 20, 2022",Wei Brown,Consumer,East,Office Supplies,Supplies,Stanley Hole Punch Standard,21.74,2.0,0.1,10.91
788,US-2021-100670,28-Mar-2021,2021-04-04,Amit Nair,Corporate,West,Furniture,Tables,Bevis Table Pro,1372.91,5.0,0.2,84.77
789,US-2022-103268,07/08/2022,10-Aug-2022,Grace Johnson,Consumer,Central,Office Supplies,Storage,IRIS Storage Box Deluxe,160.08,2.0,0.3,24.24
790,US-2022-103237,06-Jul-2022,2022-07-07,Nina Wilson,Consumer,South,Office Supplies,Appliances,Hoover Vacuum Value,109.01,3.0,0.8,-214.97
791,US-2024-102793,13-Nov-2024,2024-11-18,Emma Chen,Consumer,West,Furniture,Furnishings,Tenex Chairmat Standard,56.77,1.0,0.0,24.51
792,US-2022-102610,20-Oct-2022,2022-10-22,Mia Walker,Consumer,West,Office Supplies,Appliances,Honeywell Fan Pro,998.24,5.0,0.0,417.81
793,US-2024-101635,06/26/2024,29/06/2024,Isabella Clark,Home Office,South,Furniture,Bookcases,Sauder Bookcase Value,1002.33,5.0,0.2,105.8
794,US-2021-100282,2021-10-27,"November 01, 2021",Olivia Johnson,Consumer,East,Office Supplies,Envelopes,Poly String Envelope Pro,5.23,1.0,0.3,2.54
795,US-2023-100950,2023-02-03,"February 07, 2023",James Anderson,Corporate,Central,Office Supplies,Fasteners,ACCO Fasteners Deluxe,21.28,3.0,0.1,13.93
796,US-2022-101171,16-Jul-2022,2022-07-21,Ananya Walker,Corporate,Central,Office Supplies,Fasteners,Bostitch Staples Pro,6.93,1.0,0.0,5.04
797,US-2024-101620,"April 20, 2024",04/26/2024,James Davis,Corporate,East,Furniture,Furnishings,Fellowes Wall Clock Value,171.97,3.0,0.2,57.17
798,US-2022-102753,08/05/2022,13-May-2022,Isabella Kumar,Home Office,Central,Furniture,Bookcases,O'Sullivan Bookcase Deluxe,380.04,2.0,0.15,65.72
799,US-2022-103178,"April 14, 2022",04/18/2022,Maria Garcia,Consumer,South,Office Supplies,Art,Sharpie Marker Set Pro,10.6,1.0,0.1,5.55
800,US-2023-102598,09/26/2023,01/10/2023,Olivia Young,Consumer,Central,Office Supplies,Supplies,Stanley Hole Punch Pro,71.41,4.0,0.4,18.69
801,US-2021-101040,02-Jul-2021,2021-07-06,Chloe Kumar,Consumer,South,Office Supplies,Art,Sharpie Marker Set Classic,79.32,5.0,0.3,31.33
802,US-2022-100020,2022-06-24,"July 01, 2022",Lucas Kumar,Home Office,West,Furniture,Bookcases,O'Sullivan Bookcase Pro,626.25,5.0,0.6,-503.28
803,US-2022-102012,2022-12-08,"December 13, 2022",Grace Rodriguez,Consumer,,Technology,Accessories,Logitech Mouse Deluxe,115.13,3.0,0.15,57.71
804,US-2023-101102,05/11/2023,10-Nov-2023,Ananya Kumar,Consumer,Central,Furniture,Bookcases,Sauder Bookcase Pro,356.76,1.0,0.0,96.84
805,US-2021-102133,"June 17, 2021",06/18/2021,Zoe Clark,Home Office,West,Furniture,Bookcases,O'Sullivan Bookcase Standard,,3.0,0.1,125.15
806,US-2021-102607,02-Jul-2021,2021-07-07,,Corporate,West,Technology,Machines,Lexmark Printer Value,666.43,1.0,0.2,22.8
807,US-2022-100641,"June 06, 2022",06/10/2022,Priya Davis,Home Office,East,Technology,Phones,Samsung Galaxy Dock Value,1361.09,6.0,0.0,414.07
808,US-2024-102648,11/23/2024,30/11/2024,Nina Davis,Corporate,East,Office Supplies,Supplies,Elmer's Glue Pack Pro,40.16,2.0,0.1,22.07
809,US-2024-100825,13/12/2024,19-Dec-2024,Omar Anderson,Home Office,West,Office Supplies,Paper,Xerox Multipurpose Paper Standard,18.15,2.0,0.15,11.04
810,US-2021-101833,"October 28, 2021",11/04/2021,Daniel Anderson,Consumer,South,Office Supplies,Art,Sharpie Marker Set Deluxe,18.42,1.0,0.0,10.36
811,US-2021-102617,10/25/2021,27/10/2021,Ananya Wilson,Consumer,East,Office Supplies,Appliances,Honeywell Fan Pro,132.52,1.0,0.0,52.15
812,US-2021-101113,16/09/2021,19-Sep-2021,Lucas Young,Corporate,Central,Office Supplies,Envelopes,Poly String Envelope Standard,25.36,2.0,0.1,14.73
813,US-2022-100712,27/10/2022,30-Oct-2022,James Kumar,Consumer,East,Office Supplies,Envelopes,Poly String Envelope Classic,10.66,1.0,0.1,5.84
814,US-2024-100057,2024-12-22,"December 26, 2024",Isabella Smith,Consumer,central,Furniture,Chairs,Global Deluxe Chair Classic,690.38,4.0,0.2,116.09
815,US-2022-102144,21/12/2022,25-Dec-2022,James Wilson,Consumer,South,Office Supplies,Fasteners,Bostitch Staples Value,5.16,1.0,,3.46
816,US-2021-101386,"August 17, 2021",08/20/2021,Ananya Smith,Home Office,South,Office Supplies,Supplies,Stanley Hole Punch Pro,65.57,3.0,0.0,36.28
817,US-2021-102086,01/03/2021,06-Mar-2021,Grace Clark,Consumer,South,Office Supplies,Appliances,Honeywell Fan Classic,118.76,2.0,0.5,-21.02
818,US-2023-101919,2023-12-13,"December 19, 2023",Daniel Garcia,Consumer,West,Office Supplies,Labels,Avery Label Set Value,43.56,6.0,0.2,26.65
819,US-2022-101445,10/07/2022,10/10/2022,Nina Lee,Home Office,South,Technology,Accessories,Logitech Mouse Standard,206.69,4.0,0.0,108.7
820,US-2021-102363,16-Jun-2021,2021-06-20,Wei Brown,Consumer,Central,Office Supplies,Fasteners,ACCO Fasteners Classic,5.83,1.0,0.1,3.9
821,US-2022-100836,2022-12-02,"December 06, 2022",Mia Davis,Consumer,East,Office Supplies,Fasteners,ACCO Fasteners Value,9.51,1.0,0.0,6.4
822,US-2024-100656,15-Apr-2024,2024-04-19,Noah Walker,Corporate,East,Furniture,Bookcases,O'Sullivan Bookcase Standard,528.77,2.0,0.15,82.13
823,US-2021-101809,2021-03-02,"March 05, 2021",Liam Wright,Corporate,West,Office Supplies,Binders,Wilson Jones Binder Pro,16.52,1.0,0.0,9.87
824,US-2024-103002,09/02/2024,12-Feb-2024,Mateo Kumar,Consumer,East,Technology,Machines,Zebra Label Printer Pro,766.89,1.0,0.1,96.93
825,US-2021-102686,"March 27, 2021",04/02/2021,Lucas Wright,Corporate,East,Furniture,Bookcases,Bush Classic Bookcase Value,217.64,2.0,0.6,-185.86
826,US-2021-100962,2021-11-30,"December 07, 2021",Kavya Johnson,Consumer,East,Office Supplies,Binders,GBC Binding System Classic,46.48,4.0,0.0,29.99
827,US-2021-100063,14/12/2021,17-Dec-2021,Yusuf Chen,Consumer,South,Technology,Accessories,Belkin Cable Value,104.4,2.0,0.1,43.32
828,US-2023-101758,2023-07-10,"July 17, 2023",Zoe Kumar,Consumer,South,Furniture,Bookcases,O'Sullivan Bookcase Classic,677.92,5.0,0.4,-137.83
829,US-2021-100630,2021-11-27,"December 03, 2021",Grace Clark,Consumer,West,Office Supplies,Storage,Fellowes File Cart Standard,248.76,4.0,0.0,105.58
830,US-2022-102839,2022-04-15,"April 21, 2022",Kavya Nair,Corporate,South,Office Supplies,Labels,Sharpie Label Tape Standard,6.34,1.0,0.3,3.27
831,US-2023-100532,"February 04, 2023",02/10/2023,James Thomas,Home Office,South,Office Supplies,Supplies,Stanley Hole Punch Standard,56.63,3.0,0.15,27.1
832,US-2023-102554,11/10/2023,14-Oct-2023,Arjun Johnson,Consumer,Central,Technology,Machines,Zebra Label Printer Value,1336.64,3.0,0.4,-387.97
833,US-2023-100480,09-Sep-2023,2023-09-12,Omar King,Consumer,Central,Technology,Machines,Cubify 3D Printer Classic,4047.32,6.0,0.15,419.16
834,US-2022-102678,"April 27, 2022",05/01/2022,Laura Young,Corporate,West,Furniture,Tables,Chromcraft Round Table Deluxe,653.01,3.0,0.0,175.54
835,US-2024-101376,26/09/2024,01-Oct-2024,Zoe Clark,Consumer,South,Furniture,Chairs,Global Deluxe Chair Standard,264.95,1.0,0.0,80.74
836,US-2023-101983,04-Oct-2023,2023-10-08,Ananya Thomas,Consumer,Central,Technology,Copiers,Hewlett Packard Copier Pro,1671.57,1.0,0.0,401.13
837,US-2021-101413,30/07/2021,03-Aug-2021,Mia Anderson,Consumer,Central,Office Supplies,Binders,Acco Binder Deluxe,43.78,3.0,0.3,17.93
838,US-2021-102708,2021-10-07,"October 14, 2021",Isabella Chen,Home Office,South,Office Supplies,Fasteners,ACCO Fasteners Standard,15.64,3.0,0.3,8.81
839,US-2024-102430,29-Sep-2024,2024-10-06,Amit Walker,Consumer,East,Office Supplies,Art,Prismacolor Pencils Classic,13.33,1.0,0.0,7.66
840,US-2024-100947,2024-08-06,"August 09, 2024",Noah King,Consumer,East,Office Supplies,Supplies,Elmer's Glue Pack Standard,43.76,2.0,0.3,15.06
841,US-2022-101324,17/05/2022,24-May-2022,Maria Patel,Consumer,West,Furniture,Chairs,Global Deluxe Chair Classic,550.82,3.0,0.15,115.01
842,US-2024-101012,"September 20, 2024",09/23/2024,Mia Thomas,Consumer,West,Office Supplies,Fasteners,ACCO Fasteners Standard,12.69,2.0,0.0,8.4
843,US-2024-101486,2024-10-10,"October 15, 2024",Emma Smith,Consumer,Central,Office Supplies,Art,Newell Scissors Standard,12.29,2.0,0.7,-6.18
844,US-2023-101707,"May 30, 2023",06/05/2023,Wei Davis,Home Office,Central,Furniture,Furnishings,Fellowes Wall Clock Pro,136.43,2.0,0.0,63.41
845,US-2023-102268,2023-05-06,"May 12, 2023",Maria Smith,Home Office,South,Furniture,Tables,Bevis Table Pro,318.18,1.0,0.0,79.28
846,US-2023-103169,21-Jan-2023,2023-01-25,Omar Martinez,Consumer,Central,Office Supplies,Fasteners,ACCO Fasteners Standard,6.77,1.0,0.0,4.53
847,US-2023-102095,12/07/2023,11/12/2023,Sofia Davis,Home Office,East,Furniture,Tables,Bretford Conference Table Classic,746.33,2.0,0.0,196.79
848,US-2021-102296,06/03/2021,07/06/2021,Priya Anderson,Corporate,West,Office Supplies,Storage,SAFCO Storage Bin Pro,282.34,2.0,0.0,120.34
849,US-2023-100888,"September 29, 2023",10/03/2023,Grace Smith,Corporate,South,Office Supplies,Fasteners,ACCO Fasteners Deluxe,5.97,1.0,0.0,4.22
850,US-2023-101279,"November 10, 2023",11/14/2023,Hannah Nair,Home Office,South,Office Supplies,Labels,Avery Label Set Classic,4.75,1.0,0.5,1.58
851,US-2022-100893,15/07/2022,19-Jul-2022,Liam Clark,Home Office,South,Office Supplies,Storage,Fellowes File Cart Standard,83.66,2.0,0.4,3.84
852,US-2021-102208,09-Apr-2021,2021-04-13,Nina Davis,Corporate,Central,Technology,Phones,Samsung Galaxy Dock Standard,379.95,1.0,0.0,112.79
853,US-2023-100480,09/09/2023,12-Sep-2023,Omar King,Consumer,Central,Office Supplies,Storage,SAFCO Storage Bin Pro,67.5,1.0,0.1,24.2
854,US-2024-101818,07/05/2024,10/07/2024,Priya Chen,Corporate,Central,Furniture,Tables,Bretford Conference Table Value,528.29,3.0,0.5,-282.69
855,US-2022-100988,25-Nov-2022,2022-11-29,Noah Wright,Home Office,South,Office Supplies,Art,Prismacolor Pencils Classic,101.13,5.0,0.0,59.46
856,US-2022-102075,2022-10-03,"October 08, 2022",Grace Nair,Consumer,South,Office Supplies,Binders,GBC Binding System Value,16.29,1.0,0.1,9.59
857,US-2024-100643,2024-03-29,"April 03, 2024",Lucas Patel,Corporate,West,Office Supplies,Supplies,Stanley Hole Punch Classic,88.19,6.0,0.4,24.4
858,US-2021-100179,"July 07, 2021",07/10/2021,Carlos Walker,Home Office,Central,Office Supplies,Fasteners,Bostitch Staples Deluxe,7.02,1.0,0.3,4.46
859,US-2024-100438,29-Feb-2024,2024-03-04,Omar Anderson,Consumer,East,Office Supplies,Fasteners,ACCO Fasteners Value,19.05,2.0,0.0,13.14
860,US-2022-103310,26/02/2022,01-Mar-2022,Sofia Johnson,Consumer,South,Office Supplies,Appliances,Avanti Refrigerator Value,183.07,3.0,0.4,-10.57
861,US-2024-101972,2024-05-26,"May 29, 2024",Maria Young,Home Office,West,Office Supplies,Storage,IRIS Storage Box Pro,179.85,2.0,0.2,42.57
862,US-2021-101415,2021-08-14,"August 21, 2021",Emma Patel,Consumer,South,Office Supplies,Appliances,Hoover Vacuum Value,109.71,1.0,0.0,43.85
863,US-2023-101115,"May 16, 2023",05/19/2023,Lucas Patel,Consumer,West,Office Supplies,Storage,SAFCO Storage Bin Pro,176.28,4.0,0.5,-27.74
864,US-2022-103175,22-Mar-2022,2022-03-27,Noah Martinez,Corporate,East,Technology,Machines,Zebra Label Printer Standard,1826.55,3.0,0.2,-4.95
865,US-2023-101597,24/06/2023,28-Jun-2023,Nina Martinez,Home Office,West,Furniture,Bookcases,Sauder Bookcase Pro,257.38,1.0,0.1,50.39
866,US-2024-100153,"August 22, 2024",08/23/2024,Isabella Patel,Consumer,West,Technology,Machines,Cubify 3D Printer Standard,907.97,2.0,0.2,22.58
867,US-2022-100691,"September 26, 2022",09/30/2022,Emma Davis,Consumer,West,Furniture,Tables,Chromcraft Round Table Deluxe,324.53,1.0,0.2,25.65
868,US-2024-102035,19-Oct-2024,2024-10-25,Ravi Garcia,Consumer,West,Office Supplies,Labels,Sharpie Label Tape Standard,31.38,4.0,0.0,20.59
869,US-2024-101444,13/03/2024,16-Mar-2024,Kavya Johnson,Consumer,East,Office Supplies,Storage,SAFCO Storage Bin Pro,444.25,5.0,0.0,172.71
870,US-2024-100695,"August 03, 2024",08/07/2024,Grace Young,Consumer,South,Furniture,Tables,Chromcraft Round Table Classic,831.95,2.0,0.15,110.65
871,US-2021-102405,"November 12, 2021",11/15/2021,Yusuf Rodriguez,Corporate,Central,Office Supplies,Appliances,Honeywell Fan Deluxe,467.7,4.0,0.2,93.62
872,US-2022-100135,"April 11, 2022",04/17/2022,Carlos Chen,Home Office,South,Office Supplies,Art,Newell Scissors Standard,50.05,3.0,0.2,23.59
873,US-2022-101379,29/01/2022,30-Jan-2022,Kenji Garcia,Home Office,South,Technology,Machines,Cubify 3D Printer Standard,2000.87,3.0,0.2,17.99
874,US-2023-102668,07/10/2023,12/07/2023,Yusuf Garcia,Corporate,East,Office Supplies,Storage,Fellowes File Cart Value,69.22,1.0,0.15,19.91
875,US-2023-102220,02/08/2023,05-Aug-2023,Lucas Nair,Consumer,East,Furniture,Furnishings,Fellowes Wall Clock Value,151.54,4.0,0.3,24.24
876,US-2024-102717,02/07/2024,07-Jul-2024,Omar Walker,Consumer,Central,Technology,Machines,Lexmark Printer Deluxe,1091.82,2.0,0.4,-333.79
877,US-2024-102207,11/05/2024,18-May-2024,Lucas Brown,Consumer,East,Office Supplies,Storage,SAFCO Storage Bin Pro,340.72,4.0,0.15,109.81
878,US-2021-102677,21-Jun-2021,2021-06-28,Zoe Anderson,Home Office,South,Office Supplies,Appliances,Honeywell Fan Standard,201.8,1.0,0.0,83.47
879,US-2024-103246,29/04/2024,04-May-2024,Sofia Young,Consumer,South,Office Supplies,Envelopes,Poly String Envelope Deluxe,62.86,5.0,0.0,40.43
880,US-2024-102640,23-Dec-2024,2024-12-26,Ananya Chen,Consumer,Central,Furniture,Tables,Bevis Table Pro,163.23,2.0,0.8,
881,US-2022-102045,13/05/2022,17-May-2022,Wei Kumar,Corporate,West,Furniture,Chairs,Hon Task Chair Standard,278.32,2.0,0.4,-36.29
882,US-2023-101075,26-Apr-2023,2023-04-28,Ananya Rodriguez,Consumer,East,Office Supplies,Envelopes,Kraft Clasp Envelope Pro,15.05,1.0,0.0,9.32
883,US-2022-102242,"December 03, 2022",12/10/2022,Daniel Martinez,Consumer,West,Office Supplies,Supplies,Elmer's Glue Pack Value,16.5,1.0,0.1,7.85
884,US-2022-100029,08/11/2022,12-Nov-2022,Wei Walker,Home Office,Central,Technology,Machines,Zebra Label Printer Deluxe,1885.28,2.0,0.1,199.51
885,US-2021-102710,2021-12-31,"January 05, 2022",Amit Rodriguez,Consumer,Central,Office Supplies,Appliances,Avanti Refrigerator Standard,82.27,1.0,0.4,-0.0
886,US-2023-100441,12/22/2023,26/12/2023,Emma Clark,Consumer,South,Office Supplies,Fasteners,ACCO Fasteners Deluxe,11.8,2.0,0.3,6.78
887,US-2021-100493,05/05/2021,08-May-2021,Zoe Lee,Consumer,East,Office Supplies,Fasteners,ACCO Fasteners Classic,10.92,2.0,0.0,7.95
888,US-2023-103049,"February 04, 2023",02/07/2023,Ananya Johnson,Corporate,East,Furniture,Chairs,Harbour Creations Chair Value,142.46,1.0,0.15,26.46
889,US-2023-100253,"May 04, 2023",05/11/2023,Daniel Smith,Home Office,Central,Office Supplies,Fasteners,Bostitch Staples Pro,16.1,3.0,0.1,10.77
890,US-2021-101027,13/03/2021,20-Mar-2021,Zoe Johnson,Corporate,Central,Furniture,Chairs,Global Deluxe Chair Value,573.62,5.0,0.4,-69.81
891,US-2022-100753,12/18/2022,21/12/2022,Daniel Rodriguez,Corporate,West,Technology,Machines,Lexmark Printer Standard,689.73,1.0,0.3,-65.3
892,US-2024-100722,23/06/2024,27-Jun-2024,Amit Martinez,Home Office,West,Technology,Machines,Lexmark Printer Standard,1447.39,2.0,0.0,303.23
893,US-2024-102310,16-Jun-2024,2024-06-19,Amit Patel,Consumer,West,Office Supplies,Art,Sharpie Marker Set Value,39.66,2.0,0.15,19.75
894,US-2021-102998,"October 08, 2021",10/11/2021,Olivia Thomas,Corporate,East,Furniture,Chairs,Harbour Creations Chair Value,89.38,1.0,0.2,12.91
895,US-2022-102766,"July 20, 2022",07/22/2022,Mateo Anderson,Consumer,East,Office Supplies,Fasteners,ACCO Fasteners Standard,11.48,2.0,0.1,7.5
896,US-2024-102461,2024-07-12,"July 17, 2024",Chloe Thomas,Home Office,East,Furniture,Tables,Bretford Conference Table Pro,74.01,1.0,0.15,7.92
897,US-2023-101305,02/12/2023,16/02/2023,Kenji Lee,Corporate,West,Office Supplies,Supplies,Elmer's Glue Pack Deluxe,73.14,5.0,0.0,38.15
898,US-2021-100087,05/06/2021,09-Jun-2021,Kavya Davis,Home Office,West,Office Supplies,Appliances,Avanti Refrigerator Standard,61.32,1.0,0.2,16.81
899,US-2021-100481,2021-08-03,"August 08, 2021",Wei Thomas,Home Office,East,Office Supplies,Binders,GBC Binding System Deluxe,18.44,1.0,0.2,9.13
900,US-2023-102252,24/08/2023,26-Aug-2023,Sofia Johnson,Consumer,Central,Office Supplies,Appliances,Hoover Vacuum Deluxe,123.05,1.0,0.2,28.21
901,US-2024-100344,03/04/2024,07/03/2024,Amit Patel,Corporate,South,Office Supplies,Appliances,Avanti Refrigerator Pro,401.76,4.0,0.4,-5.77
902,US-2021-103156,2021-01-28,"January 31, 2021",Noah Anderson,Consumer,South,Furniture,Bookcases,O'Sullivan Bookcase Classic,462.31,2.0,0.0,129.51
903,US-2024-100252,06-Aug-2024,2024-08-11,Nina King,Consumer,East,Office Supplies,Envelopes,Poly String Envelope Value,56.43,5.0,0.15,31.94
904,US-2021-101083,2021-02-24,"February 27, 2021",Noah Nair,Consumer,South,Office Supplies,Binders,Wilson Jones Binder Deluxe,23.92,2.0,0.3,10.14
905,US-2022-100542,09-Sep-2022,2022-09-14,Isabella Patel,Corporate,East,Technology,Accessories,Belkin Cable Value,82.38,2.0,0.15,29.29
906,US-2022-100804,2022-04-22,"April 28, 2022",Hannah Anderson,Corporate,East,Office Supplies,Paper,Xerox Multipurpose Paper Standard,21.4,2.0,0.0,14.62
907,US-2024-102697,"May 31, 2024",06/03/2024,Hannah King,Consumer,Central,Furniture,Furnishings,Eldon Desk Lamp Classic,65.08,2.0,0.15,21.79
908,US-2024-101624,2024-09-06,"September 07, 2024",Wei Chen,Home Office,East,Technology,Copiers,Hewlett Packard Copier Deluxe,1732.41,1.0,0.1,128.29
909,US-2022-100009,16-Aug-2022,2022-08-20,Wei Davis,Consumer,West,Technology,Phones,Samsung Galaxy Dock Pro,451.93,1.0,0.0,130.9
910,US-2022-100053,"April 02, 2022",04/05/2022,James Brown,Corporate,West,Office Supplies,Art,Sharpie Marker Set Pro,36.37,2.0,0.1,18.72
911,US-2023-102470,15/07/2023,18-Jul-2023,Arjun Lee,Home Office,East,Office Supplies,Appliances,Avanti Refrigerator Standard,73.37,1.0,0.0,31.57
912,US-2023-100106,"May 03, 2023",05/05/2023,Daniel Wright,Corporate,West,Office Supplies,Storage,IRIS Storage Box Standard,122.68,2.0,0.2,34.65
913,US-2022-102984,11/07/2022,08/11/2022,Priya Anderson,Consumer,Central,Technology,Machines,Zebra Label Printer Value,698.98,3.0,0.7,-1198.01
914,US-2024-100380,04-Aug-2024,2024-08-07,Yusuf Clark,Home Office,East,Office Supplies,Art,Newell Scissors Value,11.29,3.0,0.7,-4.54
915,US-2022-103048,17-Nov-2022,2022-11-20,Mia Anderson,Home Office,Central,Office Supplies,Art,Sharpie Marker Set Standard,14.21,1.0,0.0,7.86
916,US-2022-100126,07/02/2022,07/07/2022,Zoe Smith,Consumer,West,Furniture,Tables,Bevis Table Pro,249.11,1.0,0.15,29.13
917,US-2023-100742,2023-08-01,"August 06, 2023",Chloe Garcia,Consumer,East,Office Supplies,Binders,GBC Binding System Pro,33.7,2.0,0.2,17.55
918,US-2021-101589,24/12/2021,26-Dec-2021,Grace Garcia,Home Office,South,Office Supplies,Labels,Sharpie Label Tape Classic,19.97,3.0,0.0,13.61
919,US-2022-102682,07/26/2022,28/07/2022,Mateo King,Consumer,East,Office Supplies,Labels,Avery Label Set Standard,12.51,2.0,0.3,6.91
920,US-2024-101348,10/20/2024,23/10/2024,Omar Young,Corporate,West,Office Supplies,Supplies,Elmer's Glue Pack Classic,10.83,1.0,0.15,5.19
921,US-2024-102592,2024-01-12,"January 16, 2024",Maria Clark,Consumer,East,Office Supplies,Fasteners,Bostitch Staples Classic,7.16,1.0,0.1,4.86
922,US-2021-102884,11/06/2021,14-Jun-2021,Kenji King,Consumer,Central,Office Supplies,Paper,Xerox Multipurpose Paper Pro,8.04,4.0,0.5,2.4
923,US-2023-103004,"January 25, 2023",01/28/2023,Daniel Chen,Home Office,East,Office Supplies,Fasteners,ACCO Fasteners Standard,12.65,2.0,0.0,8.55
924,US-2024-100928,04/03/2024,06/04/2024,Amit Brown,Corporate,East,Office Supplies,Envelopes,Kraft Clasp Envelope Pro,23.51,6.0,0.7,-5.71
925,US-2023-101042,2023-02-22,"February 24, 2023",Liam Clark,Home Office,Central,Furniture,Chairs,Harbour Creations Chair Deluxe,339.87,3.0,0.4,-28.28
926,US-2021-102587,"June 21, 2021",06/25/2021,Emma Martinez,Consumer,West,Technology,Copiers,Canon imageCLASS Copier Standard,1286.45,1.0,0.0,285.57
927,US-2021-103075,"August 09, 2021",08/13/2021,Mia Wright,Home Office,East,Technology,Accessories,SanDisk USB Drive Value,75.05,2.0,0.3,19.56
928,US-2024-101824,2024-10-28,"October 30, 2024",Yusuf Clark,Corporate,East,Office Supplies,Supplies,Elmer's Glue Pack Classic,57.34,2.0,0.15,27.62
929,US-2022-100386,"September 18, 2022",09/20/2022,Ananya Kumar,Consumer,East,Office Supplies,Supplies,Elmer's Glue Pack Classic,57.04,2.0,0.0,29.86
930,US-2023-100249,27/10/2023,02-Nov-2023,Kenji Johnson,Corporate,Central,Furniture,Bookcases,O'Sullivan Bookcase Deluxe,192.19,1.0,0.1,44.57
931,US-2023-100979,21-Jan-2023,2023-01-27,Hannah King,Home Office,East,Furniture,Chairs,Global Deluxe Chair Standard,314.91,2.0,0.0,105.43
932,US-2024-101362,08/09/2024,13/08/2024,Lucas Johnson,Home Office,South,Furniture,Tables,Bretford Conference Table Value,847.55,3.0,0.2,10.27
933,US-2024-101556,12/09/2024,19-Sep-2024,Liam Martinez,Consumer,West,Office Supplies,Fasteners,ACCO Fasteners Deluxe,44.08,5.0,0.1,30.23
934,US-2021-102306,12/13/2021,16/12/2021,Carlos Walker,Consumer,West,Technology,Machines,Lexmark Printer Standard,1065.31,2.0,0.0,209.18
935,US-2023-101926,12/09/2023,15-Sep-2023,Zoe Kumar,Consumer,Central,Furniture,Chairs,Global Deluxe Chair Deluxe,787.57,4.0,0.0,249.47
936,US-2023-103217,"July 29, 2023",08/03/2023,Sofia Wilson,Corporate,West,Office Supplies,Envelopes,Kraft Clasp Envelope Value,15.61,1.0,0.1,9.39
937,US-2024-100387,06/05/2024,10-May-2024,Liam King,Consumer,South,Furniture,Furnishings,Tenex Chairmat Deluxe,57.34,1.0,0.1,21.41
938,US-2024-100770,16-Feb-2024,2024-02-21,Mia Patel,Consumer,South,Office Supplies,Storage,SAFCO Storage Bin Classic,189.82,6.0,0.7,-183.76
939,US-2021-100150,11/09/2021,13-Sep-2021,Ethan Martinez,Corporate,West,Furniture,Tables,Bevis Table Classic,266.53,2.0,0.5,-133.88
940,US-2023-100500,"April 29, 2023",05/03/2023,Liam Garcia,Corporate,East,Office Supplies,Appliances,Hoover Vacuum Value,548.82,3.0,0.1,189.11
941,US-2021-100037,"May 21, 2021",05/28/2021,Daniel Chen,Home Office,Central,Office Supplies,Paper,HP Premium Paper Standard,13.71,1.0,0.0,9.18
942,US-2022-101508,"October 15, 2022",10/20/2022,Daniel Patel,Home Office,East,Office Supplies,Art,Sharpie Marker Set Deluxe,14.21,1.0,0.0,8.22
943,US-2022-102345,08-Apr-2022,2022-04-14,Daniel Garcia,Corporate,Central,Furniture,Tables,Bevis Table Pro,286.35,1.0,0.1,53.14
944,US-2022-100870,"January 14, 2022",01/21/2022,Laura Patel,Corporate,South,Office Supplies,Binders,GBC Binding System Pro,44.86,2.0,0.1,26.33
945,US-2023-103169,"January 21, 2023",01/25/2023,Omar Martinez,Consumer,Central,Technology,Machines,Zebra Label Printer Pro,1318.83,2.0,0.3,-193.45
946,US-2023-100106,05/03/2023,05/05/2023,Daniel Wright,Corporate,West,Office Supplies,Fasteners,Bostitch Staples Pro,14.76,2.0,0.15,9.66
947,US-2023-100511,09/29/2023,05/10/2023,Daniel Rodriguez,Corporate,East,Office Supplies,Binders,GBC Binding System Value,4.96,1.0,0.7,-1.1
948,US-2024-102980,19/09/2024,23-Sep-2024,Grace Walker,Consumer,East,Office Supplies,Binders,Acco Binder Standard,50.54,5.0,0.4,14.27
949,US-2021-102902,06/10/2021,14/06/2021,Laura Kumar,Home Office,West,Technology,Machines,Lexmark Printer Deluxe,461.64,1.0,0.5,-277.76
950,US-2021-102034,"February 10, 2021",02/16/2021,Priya King,Corporate,Central,Office Supplies,Labels,Sharpie Label Tape Standard,19.05,4.0,0.3,10.14
951,US-2024-103070,06/15/2024,18/06/2024,Olivia Patel,Consumer,East,Office Supplies,Binders,Acco Binder Pro,15.59,1.0,0.1,9.17
952,US-2024-102795,2024-11-13,"November 20, 2024",Kavya Wilson,Consumer,East,Furniture,Furnishings,Fellowes Wall Clock Pro,56.04,1.0,0.2,15.51
953,US-2022-102289,10/22/2022,29/10/2022,Grace Martinez,Home Office,South,Office Supplies,Labels,Sharpie Label Tape Standard,4.45,1.0,0.4,1.82
954,US-2021-101920,12/08/2021,13/12/2021,Chloe Kumar,Corporate,West,Furniture,Bookcases,O'Sullivan Bookcase Deluxe,2055.75,5.0,0.0,538.88
955,US-2023-101780,"June 11, 2023",06/14/2023,Wei Thomas,Consumer,East,Office Supplies,Art,Prismacolor Pencils Deluxe,27.94,2.0,0.0,15.42
956,US-2023-100839,17-Jul-2023,2023-07-20,Mia Anderson,Corporate,East,Furniture,Furnishings,Fellowes Wall Clock Value,92.22,2.0,0.2,29.04
957,US-2023-101114,14-Nov-2023,2023-11-19,Mia Anderson,Corporate,East,Office Supplies,Envelopes,Poly String Envelope Pro,11.04,1.0,0.0,7.23
958,US-2023-100428,07/18/2023,21/07/2023,Daniel Wright,Consumer,Central,Office Supplies,Storage,SAFCO Storage Bin Deluxe,223.94,3.0,0.1,70.37
959,US-2021-100411,"September 29, 2021",10/05/2021,Kavya Davis,Home Office,West,Office Supplies,Storage,IRIS Storage Box Pro,119.86,1.0,0.0,52.16
960,US-2021-100842,08-May-2021,2021-05-15,Chloe Young,Corporate,East,Furniture,Bookcases,Sauder Bookcase Value,496.74,2.0,0.2,40.46
961,US-2023-103162,"December 22, 2023",12/25/2023,Sofia Patel,Corporate,East,Technology,Copiers,Canon imageCLASS Copier Classic,3915.21,2.0,0.0,752.01
962,US-2021-101423,21/06/2021,25-Jun-2021,Kavya Clark,Corporate,West,Office Supplies,Supplies,Stanley Hole Punch Standard,94.64,4.0,0.1,47.32
963,US-2022-101035,2022-10-05,"October 07, 2022",Kavya Chen,Consumer,West,Office Supplies,Appliances,Hoover Vacuum Deluxe,78.76,1.0,0.6,-44.73
964,US-2024-102234,09/26/2024,01/10/2024,Nina Young,Consumer,East,Office Supplies,Supplies,Stanley Hole Punch Deluxe,40.19,4.0,0.4,12.65
965,US-2021-100166,15-Jun-2021,2021-06-19,Mateo Wright,Corporate,Central,Office Supplies,Envelopes,Kraft Clasp Envelope Classic,26.32,2.0,0.15,14.64
966,US-2022-101359,12/25/2022,31/12/2022,Maria Clark,Consumer,Central,Office Supplies,Labels,Avery Label Set Pro,28.45,4.0,0.2,17.17
967,US-2024-102383,01-Oct-2024,2024-10-06,Wei Nair,Consumer,South,Technology,Accessories,SanDisk USB Drive Value,167.16,3.0,0.0,88.84
968,US-2024-102461,12/07/2024,17-Jul-2024,Chloe Thomas,Home Office,East,Office Supplies,Binders,Acco Binder Classic,15.26,1.0,0.0,9.56
969,US-2022-102135,10/29/2022,01/11/2022,Carlos Martinez,Consumer,West,Technology,Copiers,Hewlett Packard Copier Deluxe,6069.02,5.0,0.1,626.86
970,US-2024-102867,26/11/2024,02-Dec-2024,Ravi Davis,Consumer,West,Furniture,Tables,Bevis Table Classic,232.1,1.0,0.1,42.83
971,US-2021-101710,07/15/2021,20/07/2021,Mia Kumar,Home Office,East,Office Supplies,Paper,HP Premium Paper Value,50.24,6.0,0.15,30.64
972,US-2024-101263,04/08/2024,06-Aug-2024,Carlos Davis,Consumer,West,Office Supplies,Storage,IRIS Storage Box Standard,183.02,2.0,0.0,77.84
973,US-2024-100730,21/12/2024,24-Dec-2024,Maria Wright,Consumer,West,Office Supplies,Envelopes,Poly String Envelope Standard,11.54,1.0,0.3,4.95
974,US-2021-102452,27/11/2021,02-Dec-2021,Grace Chen,Consumer,East,Technology,Machines,Lexmark Printer Value,943.65,2.0,0.2,-17.17
975,US-2024-100332,02/08/2024,10/02/2024,Kenji King,Consumer,West,Office Supplies,Art,Sharpie Marker Set Deluxe,75.65,6.0,0.3,29.51
976,US-2022-101512,04-Jan-2022,2022-01-09,Omar Thomas,Corporate,East,Furniture,Furnishings,Eldon Desk Lamp Pro,148.95,4.0,0.1,55.91
977,US-2022-102104,03/04/2022,08/03/2022,Emma King,Consumer,Central,Office Supplies,Fasteners,ACCO Fasteners Pro,23.41,4.0,0.2,15.07
978,US-2022-100983,03-Nov-2022,2022-11-06,Priya Patel,Corporate,East,Furniture,Furnishings,Tenex Chairmat Classic,93.4,,0.2,26.29
979,US-2023-102738,"November 04, 2023",11/07/2023,Daniel Anderson,Corporate,South,Office Supplies,Labels,Avery Label Set Value,7.01,1.0,0.1,4.38
980,US-2024-101843,01/01/2024,06/01/2024,Amit Young,Home Office,Central,Office Supplies,Appliances,Hoover Vacuum Classic,142.7,1.0,0.1,46.3
981,US-2023-103173,26-Jun-2023,2023-06-28,Yusuf Martinez,Consumer,East,Technology,Accessories,Logitech Mouse Standard,131.67,5.0,0.3,36.56
982,US-2024-100789,19/12/2024,23-Dec-2024,Ravi Walker,Corporate,South,Furniture,Furnishings,Eldon Desk Lamp Deluxe,59.7,2.0,0.2,17.53
983,US-2022-103121,08/15/2022,20/08/2022,James Garcia,Consumer,East,Office Supplies,Supplies,Elmer's Glue Pack Value,16.71,1.0,0.15,7.4
984,US-2024-103238,2024-05-10,"May 14, 2024",Ravi Thomas,Home Office,Central,Office Supplies,Binders,Acco Binder Classic,46.13,,0.0,27.46
985,US-2023-100950,03/02/2023,07-Feb-2023,James Anderson,Corporate,Central,Office Supplies,Labels,Sharpie Label Tape Pro,8.92,1.0,0.0,5.78
986,US-2023-102676,"March 02, 2023",03/07/2023,Ethan Clark,Consumer,East,Furniture,Bookcases,O'Sullivan Bookcase Value,270.55,2.0,0.3,-3.69
987,US-2021-103325,29-Mar-2021,2021-04-02,Ethan Johnson,Consumer,West,Furniture,Bookcases,O'Sullivan Bookcase Standard,528.62,2.0,0.2,26.54
988,US-2024-101596,"June 07, 2024",06/09/2024,Arjun Patel,Consumer,Central,Furniture,Bookcases,O'Sullivan Bookcase Standard,739.72,3.0,0.0,178.1
989,US-2024-100120,2024-06-29,"July 03, 2024",Nina Nair,Home Office,West,Technology,Copiers,Canon imageCLASS Copier Deluxe,5326.78,4.0,0.1,580.15
990,US-2022-100031,25-Jan-2022,2022-01-26,Ananya Patel,Corporate,East,Office Supplies,Art,Sharpie Marker Set Standard,12.75,1.0,0.3,4.84
991,US-2022-102328,2022-06-01,"June 06, 2022",Omar Davis,Corporate,West,Office Supplies,Supplies,Stanley Hole Punch Deluxe,56.39,3.0,0.15,23.74
992,US-2021-101233,20/10/2021,25-Oct-2021,Ethan Chen,Consumer,West,Furniture,Furnishings,Fellowes Wall Clock Deluxe,86.57,2.0,0.1,36.53
993,US-2022-102600,2022-01-08,"January 10, 2022",Olivia Johnson,Consumer,South,Office Supplies,Paper,Boise Copy Paper Pro,14.18,2.0,0.2,8.23
994,US-2021-102269,"August 03, 2021",08/06/2021,Priya Walker,Corporate,East,Office Supplies,Labels,Sharpie Label Tape Value,31.01,4.0,0.1,19.47
995,US-2022-102800,06-May-2022,2022-05-10,James Rodriguez,Corporate,East,Furniture,Tables,Bretford Conference Table Deluxe,658.76,4.0,0.4,-194.0
996,US-2021-102712,"March 09, 2021",03/13/2021,Ethan Chen,Consumer,West,Technology,Copiers,Hewlett Packard Copier Standard,1836.34,1.0,0.0,382.54
997,US-2024-103327,15/05/2024,20-May-2024,Isabella Young,Consumer,South,Office Supplies,Binders,Wilson Jones Binder Pro,62.99,3.0,0.0,37.92
998,US-2024-101728,02/29/2024,03/03/2024,Ananya Garcia,Corporate,West,Technology,Copiers,Hewlett Packard Copier Value,5571.6,4.0,0.0,1033.79
999,US-2021-101442,2021-01-23,"January 25, 2021",Nina Anderson,Home Office,South,Technology,Machines,Zebra Label Printer Deluxe,2588.2,3.0,0.0,665.78
1000,US-2023-101460,2023-03-07,"March 11, 2023",Amit Rodriguez,Consumer,Central,Office Supplies,Appliances,Honeywell Fan Classic,86.18,1.0,0.4,2.63
1001,US-2024-100751,2024-08-28,"September 02, 2024",Kavya Brown,Consumer,Central,Office Supplies,Supplies,Stanley Hole Punch Deluxe,37.29,2.0,0.15,20.17
1002,US-2022-102147,"May 18, 2022",05/22/2022,Carlos Patel,Corporate,West,Office Supplies,Fasteners,Bostitch Staples Pro,5.33,3.0,0.7,-0.06
1003,US-2021-101007,24/07/2021,27-Jul-2021,Hannah Brown,Corporate,Central,Office Supplies,Envelopes,Kraft Clasp Envelope Classic,36.5,2.0,0.0,22.71
1004,US-2022-102297,14-Jan-2022,2022-01-19,Hannah Chen,Corporate,West,Technology,Machines,Zebra Label Printer Value,1757.87,2.0,0.0,354.11
1005,US-2024-102204,2024-03-16,"March 17, 2024",Chloe Martinez,Consumer,Central,Office Supplies,Art,Prismacolor Pencils Classic,9.84,1.0,0.4,3.18
1006,US-2021-101527,2021-10-10,"October 12, 2021",Kavya Rodriguez,Home Office,West,Furniture,Chairs,Harbour Creations Chair Classic,108.33,1.0,0.1,29.21
1007,US-2022-100809,12/01/2022,06/12/2022,Ravi King,Corporate,West,Furniture,Bookcases,Sauder Bookcase Deluxe,688.3,4.0,0.0,191.67
1008,US-2023-101193,13-Oct-2023,2023-10-16,Emma Smith,Consumer,East,Office Supplies,Paper,Boise Copy Paper Deluxe,11.97,2.0,0.5,4.04
1009,US-2021-101298,"June 16, 2021",06/18/2021,Chloe Clark,Corporate,Central,Office Supplies,Fasteners,ACCO Fasteners Pro,6.45,2.0,0.6,1.78
1010,US-2024-101853,2024-05-16,"May 17, 2024",Arjun Nair,Consumer,East,Furniture,Chairs,Global Deluxe Chair Value,1137.34,4.0,0.0,386.72
1011,US-2022-100208,29/01/2022,01-Feb-2022,Emma Garcia,Consumer,Central,Office Supplies,Binders,Acco Binder Pro,34.93,3.0,0.15,18.88
1012,US-2024-101593,"April 20, 2024",04/23/2024,Kavya Martinez,Consumer,Central,Technology,Copiers,Canon imageCLASS Copier Standard,7408.35,4.0,0.0,1391.26
1013,US-2021-102378,10/17/2021,24/10/2021,Hannah Lee,Corporate,Central,Office Supplies,Envelopes,Poly String Envelope Value,5.16,1.0,0.6,0.25
1014,US-2024-101990,08/04/2024,10/08/2024,Daniel Smith,Home Office,East,Office Supplies,Storage,SAFCO Storage Bin Deluxe,267.28,4.0,0.4,7.61
1015,US-2024-103287,17-Dec-2024,2024-12-24,Arjun Chen,Corporate,West,Technology,Phones,Apple iPhone Accessory Value,267.9,2.0,0.15,53.34
1016,US-2023-101363,01-Aug-2023,2023-08-07,Mateo Anderson,Consumer,West,Office Supplies,Labels,Avery Label Set Standard,13.36,2.0,0.0,9.0
1017,US-2021-101967,12/07/2021,15-Jul-2021,Ravi King,Corporate,East,Office Supplies,Art,Sharpie Marker Set Classic,27.42,2.0,0.0,15.49
1018,US-2023-102938,24-Dec-2023,2023-12-30,Mateo Wilson,Consumer,West,Office Supplies,Supplies,Stanley Hole Punch Classic,49.16,2.0,0.15,23.24
1019,US-2023-102356,08-Nov-2023,2023-11-14,Amit Wright,Consumer,South,Office Supplies,Supplies,Stanley Hole Punch Deluxe,49.55,3.0,0.3,16.83
1020,US-2024-103068,03/03/2024,08-Mar-2024,Noah Kumar,Consumer,South,Office Supplies,Envelopes,Kraft Clasp Envelope Deluxe,13.87,1.0,0.1,8.48
1021,US-2024-103014,18/01/2024,21-Jan-2024,Priya Brown,Corporate,West,Office Supplies,Art,Newell Scissors Pro,27.46,2.0,0.0,15.78
1022,US-2024-102873,2024-03-12,"March 15, 2024",Kenji Wright,Home Office,Central,Office Supplies,Fasteners,Bostitch Staples Deluxe,13.86,3.0,0.0,10.06
1023,US-2022-101959,21-Oct-2022,2022-10-27,Amit Davis,Corporate,West,Office Supplies,Appliances,Avanti Refrigerator Deluxe,720.05,6.0,0.0,269.55
1024,US-2022-100239,17/01/2022,19-Jan-2022,Priya Walker,Corporate,East,Office Supplies,Art,Prismacolor Pencils Standard,72.68,5.0,0.1,36.42
1025,US-2023-100881,19-Jan-2023,2023-01-22,Mia Thomas,Consumer,West,Office Supplies,Paper,Xerox Multipurpose Paper Value,16.87,3.0,0.2,10.28
1026,US-2021-101605,18-Sep-2021,2021-09-23,Omar Walker,Consumer,West,Office Supplies,Envelopes,Poly String Envelope Standard,9.31,1.0,0.2,4.69
1027,US-2023-102259,2023-08-03,"August 06, 2023",Liam Garcia,Home Office,Central,Office Supplies,Storage,Fellowes File Cart Standard,42.18,1.0,0.2,11.83
1028,US-2022-101580,"April 03, 2022",04/09/2022,Laura Garcia,Consumer,East,Office Supplies,Storage,SAFCO Storage Bin Value,88.31,1.0,0.0,35.69
1029,US-2021-102706,10/06/2021,10/10/2021,Arjun Nair,Consumer,East,Furniture,Bookcases,Sauder Bookcase Standard,1618.26,5.0,0.0,444.85
1030,US-2024-100875,10-Aug-2024,2024-08-17,Ananya Rodriguez,Consumer,West,Office Supplies,Appliances,Hoover Vacuum Value,31.35,1.0,0.8,-62.26
1031,US-2024-101329,"January 06, 2024",01/10/2024,Sofia Lee,Home Office,South,Office Supplies,Storage,SAFCO Storage Bin Value,181.45,2.0,0.2,59.06
1032,US-2022-103310,02/26/2022,01/03/2022,Sofia Johnson,Consumer,South,Furniture,Bookcases,Bush Classic Bookcase Deluxe,872.34,3.0,0.3,-46.6
1033,US-2024-101179,06/04/2024,05/06/2024,Grace Clark,Consumer,Central,Office Supplies,Appliances,Hoover Vacuum Standard,106.73,3.0,0.7,-117.04
1034,US-2024-102136,"March 27, 2024",03/31/2024,Chloe Clark,Consumer,Central,Office Supplies,Binders,Wilson Jones Binder Deluxe,29.74,2.0,0.1,17.21
1035,US-2024-102719,03/11/2024,07-Nov-2024,Sofia Chen,Home Office,East,Office Supplies,Fasteners,Bostitch Staples Deluxe,3.27,1.0,0.4,1.58
1036,US-2022-101899,22/02/2022,26-Feb-2022,Olivia Lee,Corporate,East,Technology,Phones,Cisco IP Phone Deluxe,1571.9,5.0,0.2,199.18
1037,US-2021-100146,27-Sep-2021,2021-09-29,Wei Anderson,Corporate,Central,Technology,Accessories,Belkin Cable Classic,46.8,1.0,0.0,23.21
1038,US-2024-100206,2024-08-10,"August 13, 2024",Omar Thomas,Corporate,West,Office Supplies,Binders,Wilson Jones Binder Value,23.18,2.0,0.0,13.79
1039,US-2022-102799,01/15/2022,19/01/2022,Nina Lee,Consumer,West,Office Supplies,Fasteners,ACCO Fasteners Standard,11.28,2.0,0.0,7.83
1040,US-2022-101871,05/09/2022,10-Sep-2022,Kavya Brown,Consumer,East,Office Supplies,Supplies,Elmer's Glue Pack Standard,31.0,1.0,0.0,17.69
1041,US-2022-100265,15-Aug-2022,2022-08-19,Wei Lee,Corporate,West,Office Supplies,Supplies,Elmer's Glue Pack Value,9.52,1.0,0.2,4.37
1042,US-2024-101709,2024-02-28,"March 02, 2024",Ananya Anderson,Consumer,West,Technology,Accessories,Logitech Mouse Standard,69.88,2.0,0.4,14.27
1043,US-2023-100277,31/07/2023,03-Aug-2023,Kenji Young,Consumer,West,Technology,Accessories,Belkin Cable Pro,50.75,1.0,0.0,27.12
1044,US-2021-100473,"December 26, 2021",12/30/2021,Ravi Anderson,Home Office,West,Office Supplies,Art,Prismacolor Pencils Standard,39.81,2.0,0.1,21.16
1045,US-2022-102344,03/01/2022,05-Jan-2022,Noah Brown,Consumer,West,Furniture,Chairs,Hon Task Chair Pro,539.65,2.0,0.0,150.0
1046,US-2023-101154,30/12/2023,02-Jan-2024,Kavya Chen,Corporate,East,Office Supplies,Appliances,Hoover Vacuum Value,248.29,5.0,0.4,-7.6
1047,US-2023-100016,11/10/2023,14/11/2023,Priya Chen,Consumer,West,Furniture,Bookcases,Bush Classic Bookcase Classic,985.45,3.0,0.2,110.22
1048,US-2023-101652,"January 25, 2023",01/29/2023,Maria Anderson,Consumer,Central,Office Supplies,Appliances,Avanti Refrigerator Deluxe,79.29,1.0,0.15,23.09
1049,US-2024-101946,2024-01-26,"January 28, 2024",Grace Thomas,Corporate,West,Office Supplies,Art,Sharpie Marker Set Deluxe,9.47,1.0,0.0,5.56
1050,US-2022-102332,28-Oct-2022,2022-11-02,Maria Thomas,Consumer,East,Office Supplies,Supplies,Elmer's Glue Pack Classic,84.75,3.0,0.0,47.08
1051,US-2024-100877,2024-08-30,"September 02, 2024",Grace Smith,Consumer,East,Furniture,Tables,Bretford Conference Table Pro,897.06,3.0,0.0,236.34
1052,US-2024-101399,07/19/2024,24/07/2024,Daniel Martinez,Corporate,Central,Office Supplies,Art,Prismacolor Pencils Pro,9.34,1.0,0.3,3.82
1053,US-2024-102384,"March 25, 2024",03/28/2024,Zoe Walker,Home Office,East,Office Supplies,Supplies,Stanley Hole Punch Deluxe,67.19,3.0,0.0,36.96
1054,US-2024-102043,2024-02-06,"February 11, 2024",Noah Nair,Corporate,East,Office Supplies,Envelopes,Kraft Clasp Envelope Standard,58.91,4.0,0.0,37.49
1055,US-2024-101928,2024-04-14,"April 17, 2024",Yusuf Garcia,Corporate,West,Office Supplies,Appliances,Avanti Refrigerator Pro,74.39,1.0,0.4,-3.23
1056,US-2023-102910,30/12/2023,02-Jan-2024,Olivia Wilson,Consumer,South,Furniture,Chairs,Hon Task Chair Classic,188.86,1.0,0.0,56.62
1057,US-2023-100916,2023-08-22,"August 27, 2023",,Consumer,East,Office Supplies,Storage,SAFCO Storage Bin Value,,3.0,0.1,73.55
1058,US-2023-101842,15/01/2023,18-Jan-2023,Yusuf Johnson,Corporate,West,Technology,Copiers,Canon imageCLASS Copier Pro,3070.38,3.0,0.2,41.56
1059,US-2024-102786,2024-09-05,"September 09, 2024",Maria Rodriguez,Consumer,East,Technology,Copiers,Hewlett Packard Copier Standard,5680.05,3.0,0.1,731.45
1060,US-2024-101210,2024-06-26,"July 02, 2024",Mateo Clark,Consumer,East,Technology,Accessories,SanDisk USB Drive Classic,120.27,3.0,0.15,49.92
1061,US-2024-101048,03/04/2024,06-Apr-2024,Sofia Wilson,Corporate,East,Office Supplies,Labels,Sharpie Label Tape Deluxe,13.1,2.0,0.1,8.58
1062,US-2023-102579,"April 30, 2023",05/03/2023,Ravi Wright,Home Office,East,Office Supplies,Binders,Acco Binder Classic,41.05,2.0,0.1,23.44
1063,US-2023-101437,01/04/2023,08-Apr-2023,Daniel Johnson,Consumer,East,Technology,Phones,Cisco IP Phone Classic,1154.48,3.0,0.0,364.23
1064,US-2021-102584,05/12/2021,08-Dec-2021,Laura Clark,Consumer,West,Technology,Copiers,Canon imageCLASS Copier Value,430.57,1.0,0.7,-728.32
1065,US-2021-102740,10-Mar-2021,2021-03-12,Maria Clark,Consumer,Central,Office Supplies,Fasteners,ACCO Fasteners Standard,4.55,1.0,0.0,3.21
1066,US-2021-103302,10/05/2021,09/10/2021,Sofia Kumar,Consumer,East,Office Supplies,Storage,IRIS Storage Box Classic,255.16,4.0,0.0,104.39
1067,US-2023-103230,31/01/2023,04-Feb-2023,Nina Anderson,Consumer,Central,Furniture,Tables,Chromcraft Round Table Value,202.36,1.0,0.4,-55.37
1068,US-2023-100116,"November 29, 2023",12/01/2023,Grace Rodriguez,Corporate,West,Office Supplies,Art,Sharpie Marker Set Pro,18.1,2.0,0.2,8.04
1069,US-2021-100196,07/06/2021,11-Jun-2021,Grace Chen,Consumer,Central,Furniture,Furnishings,Tenex Chairmat Value,214.6,5.0,0.0,90.51
1070,US-2021-102379,2021-11-21,"November 22, 2021",James Davis,Home Office,East,Office Supplies,Appliances,Honeywell Fan Pro,59.17,1.0,0.5,-9.66
1071,US-2022-102466,03/09/2022,08-Sep-2022,Laura Wright,Consumer,East,Office Supplies,Envelopes,Kraft Clasp Envelope Classic,21.79,1.0,0.0,14.06
1072,US-2023-100224,21-Aug-2023,2023-08-24,Maria Lee,Consumer,Central,Technology,Accessories,SanDisk USB Drive Standard,141.0,3.0,0.0,71.02
1073,US-2023-102739,2023-01-06,"January 13, 2023",Chloe Davis,Consumer,South,Technology,Accessories,Logitech Mouse Standard,48.14,1.0,0.0,23.65
1074,US-2023-102185,21/07/2023,25-Jul-2023,Kenji Young,Consumer,South,Office Supplies,Envelopes,Kraft Clasp Envelope Deluxe,32.14,2.0,0.15,16.87
1075,US-2022-102746,08/09/2022,14/08/2022,Ananya Rodriguez,Corporate,East,Office Supplies,Storage,IRIS Storage Box Deluxe,98.73,2.0,0.1,34.93
1076,US-2024-101623,03-Sep-2024,2024-09-05,Laura Davis,Corporate,East,Office Supplies,Envelopes,Poly String Envelope Value,68.33,4.0,0.0,43.84
1077,US-2024-102803,09/09/2024,13-Sep-2024,Nina Rodriguez,Home Office,Central,Office Supplies,Paper,Xerox Multipurpose Paper Standard,45.9,5.0,0.4,19.57
1078,US-2022-103310,26-Feb-2022,2022-03-01,Sofia Johnson,Consumer,South,Office Supplies,Storage,SAFCO Storage Bin Deluxe,476.36,5.0,0.1,165.68
1079,US-2022-102243,2022-05-18,"May 20, 2022",Emma Smith,Corporate,West,Office Supplies,Labels,Sharpie Label Tape Classic,,1.0,0.0,4.71
1080,US-2022-102238,02/01/2022,08/02/2022,Isabella Garcia,Corporate,South,Office Supplies,Art,Prismacolor Pencils Value,25.62,3.0,0.2,11.51
1081,US-2023-103045,2023-11-07,"November 12, 2023",Kenji Davis,Home Office,South,Technology,Copiers,Canon imageCLASS Copier Deluxe,11162.28,5.0,0.0,2260.92
1082,US-2023-100404,06-Apr-2023,2023-04-12,Lucas Wilson,Consumer,Central,Office Supplies,Labels,Sharpie Label Tape Classic,3.74,2.0,0.8,-1.7
1083,US-2022-101558,02/01/2022,04/02/2022,Kenji Lee,Home Office,West,Technology,Phones,Samsung Galaxy Dock Value,230.87,1.0,0.0,63.09
1084,US-2021-102061,2021-12-16,"December 18, 2021",Maria Martinez,Corporate,West,Furniture,Tables,Chromcraft Round Table Classic,475.13,2.0,0.2,41.17
1085,US-2022-100821,02/10/2022,07-Oct-2022,Grace Brown,Corporate,Central,Furniture,Tables,Chromcraft Round Table Value,740.39,3.0,0.4,-189.22
1086,US-2022-100036,08/31/2022,01/09/2022,Noah Johnson,Home Office,East,Technology,Copiers,Canon imageCLASS Copier Standard,1127.83,1.0,0.2,27.53
1087,US-2024-101792,"January 01, 2024",01/04/2024,Ananya Garcia,Consumer,Central,Furniture,Furnishings,Fellowes Wall Clock Value,170.84,5.0,0.4,18.24
1088,US-2022-101173,08-Apr-2022,2022-04-13,Hannah Clark,Corporate,Central,Technology,Phones,Apple iPhone Accessory Deluxe,700.56,2.0,0.0,190.31
1089,US-2024-101728,29-Feb-2024,2024-03-03,Ananya Garcia,Corporate,West,Office Supplies,Envelopes,Kraft Clasp Envelope Deluxe,10.29,2.0,0.7,-1.64
1090,US-2024-102089,"December 17, 2024",12/22/2024,Daniel Rodriguez,Consumer,West,Furniture,Chairs,Global Deluxe Chair Standard,192.53,1.0,0.0,61.22
1091,US-2023-103040,11/10/2023,16/11/2023,Carlos Wright,Corporate,Central,Office Supplies,Paper,HP Premium Paper Deluxe,52.32,6.0,0.3,27.51
1092,US-2022-102682,26-Jul-2022,2022-07-28,Mateo King,Consumer,East,Office Supplies,Art,Sharpie Marker Set Classic,31.74,2.0,0.3,13.12
1093,US-2021-103056,21-Dec-2021,2021-12-25,Lucas Young,Corporate,West,Furniture,Tables,Bevis Table Value,354.31,1.0,0.0,78.67
1094,US-2022-102718,29-Sep-2022,2022-10-03,Omar Young,Consumer,East,Office Supplies,Storage,Fellowes File Cart Pro,169.28,4.0,0.1,57.1
1095,US-2023-101470,05/09/2023,16/05/2023,Priya Nair,Corporate,West,Office Supplies,Supplies,Stanley Hole Punch Standard,14.4,5.0,0.8,-17.48
1096,US-2021-102486,2021-01-16,"January 20, 2021",Noah Anderson,Home Office,West,Furniture,Furnishings,Eldon Desk Lamp Standard,85.19,2.0,0.3,14.71
1097,US-2022-101389,02/18/2022,25/02/2022,Mia Garcia,Corporate,East,Office Supplies,Storage,Fellowes File Cart Deluxe,150.81,3.0,0.3,35.35
1098,US-2022-102161,"June 23, 2022",06/27/2022,Priya Chen,Consumer,South,Office Supplies,Binders,Wilson Jones Binder Classic,12.47,1.0,0.1,6.71
1099,US-2021-101274,02/10/2021,11/02/2021,Nina Lee,Home Office,,Office Supplies,Art,Newell Scissors Pro,10.1,1.0,0.0,5.79
1100,US-2022-100435,"January 02, 2022",01/06/2022,Kenji Johnson,Consumer,East,Technology,Copiers,Canon imageCLASS Copier Pro,960.96,1.0,0.2,-20.26
1101,US-2023-101994,2023-05-16,"May 19, 2023",Yusuf King,Consumer,East,Furniture,Tables,Bretford Conference Table Pro,271.8,2.0,0.7,-398.93
1102,US-2023-102571,06/15/2023,21/06/2023,Laura Lee,Consumer,South,Office Supplies,Art,Newell Scissors Standard,50.09,4.0,0.15,22.47
1103,US-2021-102875,"April 08, 2021",04/11/2021,Kavya Thomas,Corporate,Central,Furniture,Furnishings,Eldon Desk Lamp Value,45.33,1.0,0.1,19.23
1104,US-2022-102665,09/05/2022,11-May-2022,Grace Wright,Consumer,South,Office Supplies,Appliances,Hoover Vacuum Value,231.36,2.0,0.0,84.02
1105,US-2024-101354,"February 09, 2024",02/13/2024,Kenji Nair,Consumer,East,Office Supplies,Storage,SAFCO Storage Bin Value,101.77,1.0,0.0,46.21
1106,US-2022-100307,07-Dec-2022,2022-12-10,Hannah Chen,Consumer,,Technology,Phones,Apple iPhone Accessory Classic,1202.78,5.0,0.1,274.96
1107,US-2023-103279,21-Aug-2023,2023-08-27,Yusuf Lee,Consumer,East,Office Supplies,Envelopes,Poly String Envelope Value,6.23,1.0,0.6,0.27
1108,US-2023-102974,2023-07-26,"July 29, 2023",Olivia Nair,Consumer,West,Office Supplies,Envelopes,Kraft Clasp Envelope Value,13.79,1.0,0.0,8.49
1109,US-2021-102740,"March 10, 2021",03/12/2021,Maria Clark,Consumer,Central,Office Supplies,Art,Prismacolor Pencils Classic,41.83,3.0,0.1,23.9
1110,US-2022-101850,02/09/2022,12/02/2022,Ananya Young,Consumer,Central,Office Supplies,Paper,Boise Copy Paper Classic,35.58,3.0,0.1,20.08
1111,US-2024-101082,"June 17, 2024",06/18/2024,Chloe Lee,Home Office,South,Office Supplies,Binders,Acco Binder Deluxe,38.14,2.0,0.0,22.69
1112,US-2022-100478,"March 06, 2022",03/10/2022,Emma Chen,Consumer,East,Technology,Accessories,SanDisk USB Drive Standard,70.27,2.0,0.15,28.97
1113,US-2024-100512,04-Feb-2024,2024-02-07,Chloe Martinez,Consumer,,Office Supplies,Binders,GBC Binding System Standard,50.58,3.0,0.15,27.2
1114,US-2022-100702,07/05/2022,10/07/2022,Isabella Brown,Corporate,South,Technology,Copiers,Hewlett Packard Copier Value,2465.26,2.0,0.0,513.36
1115,US-2023-102964,"December 07, 2023",12/13/2023,,Consumer,East,Office Supplies,Binders,GBC Binding System Value,103.11,5.0,0.0,64.24
1116,US-2024-101471,"September 29, 2024",10/04/2024,Kavya Wright,Corporate,South,Office Supplies,Storage,Fellowes File Cart Classic,197.36,2.0,0.15,66.76
1117,US-2022-102643,07/14/2022,21/07/2022,Ethan Garcia,Corporate,East,Furniture,Chairs,Harbour Creations Chair Pro,398.95,2.0,0.2,78.27
1118,US-2021-101350,20/10/2021,21-Oct-2021,Ravi King,Consumer,South,Office Supplies,Envelopes,Poly String Envelope Pro,20.1,2.0,0.0,13.42
1119,US-2022-100125,26/01/2022,30-Jan-2022,Kenji Wright,Consumer,East,Technology,Machines,Cubify 3D Printer Pro,1178.85,2.0,0.1,126.5
1120,US-2023-100758,"September 17, 2023",09/22/2023,Daniel Garcia,Corporate,Central,Office Supplies,Storage,SAFCO Storage Bin Value,92.07,5.0,0.7,-79.94
1121,US-2022-100668,2022-04-15,"April 18, 2022",Noah Davis,Consumer,West,Office Supplies,Labels,Avery Label Set Standard,31.66,3.0,0.0,21.22
1122,US-2021-100343,25-Apr-2021,2021-04-30,Grace Smith,Corporate,East,Office Supplies,Binders,Acco Binder Classic,18.58,1.0,0.3,7.46
1123,US-2022-101698,12/24/2022,27/12/2022,Nina Young,Corporate,East,Office Supplies,Appliances,Avanti Refrigerator Standard,303.17,3.0,0.3,45.54
1124,US-2022-100029,"November 08, 2022",11/12/2022,Wei Walker,Home Office,Central,Furniture,Chairs,Global Deluxe Chair Classic,169.46,1.0,0.15,34.13
1125,US-2022-101157,14-Jul-2022,2022-07-20,Emma Thomas,Consumer,East,Technology,Accessories,Logitech Mouse Classic,168.29,5.0,0.0,86.47
1126,US-2024-102576,12/04/2024,10/12/2024,Amit Wilson,Corporate,West,Office Supplies,Appliances,Honeywell Fan Deluxe,68.37,1.0,0.3,9.35
1127,US-2023-103198,04-Jan-2023,2023-01-10,Daniel Garcia,Corporate,East,Office Supplies,Supplies,Elmer's Glue Pack Value,82.73,4.0,0.2,39.43
1128,US-2023-102965,08/02/2023,08/08/2023,Kenji Walker,Consumer,West,Office Supplies,Art,Prismacolor Pencils Value,14.36,1.0,0.0,8.02
1129,US-2023-100640,05/29/2023,03/06/2023,Emma Nair,Home Office,East,Office Supplies,Art,Sharpie Marker Set Value,58.2,5.0,0.3,23.79
1130,US-2022-100426,"February 21, 2022",02/27/2022,Omar Garcia,Consumer,Central,Technology,Accessories,SanDisk USB Drive Value,12.51,1.0,0.6,-2.46
1131,US-2024-102793,11/13/2024,18/11/2024,,Consumer,West,Furniture,Bookcases,O'Sullivan Bookcase Pro,1297.65,4.0,0.0,400.6
1132,US-2021-100399,2021-05-02,"May 03, 2021",Kavya Martinez,Corporate,East,Office Supplies,Supplies,Elmer's Glue Pack Value,148.62,5.0,0.1,66.3
1133,US-2021-102101,"October 09, 2021",10/12/2021,Lucas Thomas,Consumer,South,Technology,Accessories,SanDisk USB Drive Classic,65.79,2.0,0.3,18.74
1134,US-2022-102627,17-Jun-2022,2022-06-22,Mateo Martinez,Consumer,Central,Technology,Phones,Samsung Galaxy Dock Classic,1205.66,6.0,0.4,-290.01
1135,US-2022-100965,2022-02-01,"February 06, 2022",Nina Kumar,Home Office,West,Office Supplies,Supplies,Elmer's Glue Pack Pro,25.16,1.0,0.15,12.21
1136,US-2023-101545,2023-10-28,"October 29, 2023",Kenji Wright,Corporate,East,Office Supplies,Fasteners,Bostitch Staples Deluxe,12.53,2.0,0.1,8.14
1137,US-2022-100535,19-Sep-2022,2022-09-20,Sofia Chen,Corporate,Central,Office Supplies,Fasteners,Bostitch Staples Classic,17.9,4.0,0.0,12.78
1138,US-2022-100053,2022-04-02,"April 05, 2022",James Brown,Corporate,West,Office Supplies,Supplies,Elmer's Glue Pack Value,26.03,1.0,0.0,14.62
1139,US-2022-101129,"September 14, 2022",09/18/2022,Olivia Nair,Corporate,West,Office Supplies,Storage,Fellowes File Cart Deluxe,473.22,4.0,0.0,175.93
1140,US-2024-100503,20-Jun-2024,2024-06-23,Daniel Lee,Consumer,East,Office Supplies,Storage,SAFCO Storage Bin Pro,149.7,2.0,0.4,1.1
1141,US-2022-100841,12/07/2022,10/12/2022,Wei King,Consumer,Central,Technology,Copiers,Canon imageCLASS Copier Pro,1398.03,1.0,0.3,-262.22
1142,US-2022-101445,07-Oct-2022,2022-10-10,Nina Lee,Home Office,South,Office Supplies,Labels,Sharpie Label Tape Value,27.18,3.0,0.0,18.38
1143,US-2022-102802,"September 09, 2022",09/13/2022,Nina Thomas,Consumer,South,Office Supplies,Fasteners,Bostitch Staples Deluxe,28.14,5.0,0.0,20.41
1144,US-2022-102388,02/02/2022,03/02/2022,Zoe Walker,Corporate,Central,Technology,Phones,Apple iPhone Accessory Standard,317.0,1.0,0.1,65.43
1145,US-2023-101036,11/24/2023,28/11/2023,Hannah Garcia,Corporate,East,Office Supplies,Art,Sharpie Marker Set Classic,14.97,1.0,0.0,8.33
1146,US-2022-103153,2022-05-22,"May 25, 2022",Amit Smith,Corporate,Central,Office Supplies,Appliances,Avanti Refrigerator Classic,105.53,1.0,0.4,0.06
1147,US-2023-102869,"April 27, 2023",05/03/2023,Yusuf Brown,Consumer,South,Office Supplies,Appliances,Honeywell Fan Value,199.97,5.0,0.2,47.71
1148,US-2021-100186,28-Mar-2021,2021-04-02,Isabella Smith,Corporate,Central,Technology,Copiers,Canon imageCLASS Copier Pro,4321.16,3.0,0.0,788.02
1149,US-2021-102464,2021-11-21,"November 24, 2021",Liam Johnson,Corporate,East,Technology,Machines,Zebra Label Printer Value,1274.6,2.0,0.2,96.42
1150,US-2022-100765,12/29/2022,04/01/2023,Grace Anderson,Corporate,Central,Office Supplies,Storage,IRIS Storage Box Pro,191.98,2.0,0.0,76.24
1151,US-2023-103096,2023-02-16,"February 18, 2023",Maria Smith,Consumer,West,Office Supplies,Envelopes,Poly String Envelope Value,11.22,1.0,0.15,6.69
1152,US-2021-100193,29/12/2021,31-Dec-2021,Nina Nair,Corporate,West,Technology,Accessories,Belkin Cable Pro,196.26,4.0,0.0,98.9
1153,US-2023-101025,12/29/2023,01/01/2024,Chloe Patel,Home Office,Central,Office Supplies,Labels,Sharpie Label Tape Classic,8.16,1.0,0.0,5.52
1154,US-2021-101717,07-Dec-2021,2021-12-11,Noah Rodriguez,Corporate,South,Technology,Phones,Apple iPhone Accessory Classic,1338.39,4.0,0.0,419.31
1155,US-2021-100495,"December 21, 2021",12/24/2021,Sofia Brown,Corporate,South,Technology,Machines,Cubify 3D Printer Standard,2153.8,3.0,0.1,257.41
1156,US-2024-102531,28-Sep-2024,2024-10-02,Lucas Martinez,Corporate,East,Office Supplies,Art,Newell Scissors Standard,1.46,1.0,0.8,-1.6
1157,US-2021-103067,"May 16, 2021",05/20/2021,James Johnson,Corporate,East,Office Supplies,Fasteners,Bostitch Staples Standard,6.01,1.0,0.15,3.72
1158,US-2021-102313,09/03/2021,06/09/2021,Yusuf Davis,Consumer,South,Office Supplies,Paper,Xerox Multipurpose Paper Standard,12.03,1.0,0.3,6.01
1159,US-2022-102398,22/08/2022,23-Aug-2022,Emma Davis,Consumer,West,Office Supplies,Binders,GBC Binding System Deluxe,17.18,1.0,0.0,10.65
1160,US-2022-101079,"January 15, 2022",01/20/2022,Wei Wright,Consumer,East,Office Supplies,Envelopes,Poly String Envelope Classic,14.52,1.0,0.0,9.43
1161,US-2023-100433,01/08/2023,13/01/2023,Maria Nair,Consumer,Central,Furniture,Bookcases,Sauder Bookcase Standard,237.04,1.0,0.2,27.97
1162,US-2024-100168,09/02/2024,05/09/2024,Grace Young,Consumer,West,Office Supplies,Paper,HP Premium Paper Pro,23.63,2.0,0.1,14.35
1163,US-2022-100107,02/03/2022,03-Mar-2022,Grace Brown,Home Office,West,Technology,Accessories,Belkin Cable Standard,161.68,4.0,0.4,29.39
1164,US-2023-101492,"March 14, 2023",03/20/2023,Zoe Wilson,Consumer,West,Technology,Machines,Cubify 3D Printer Standard,3526.47,5.0,0.1,615.09
1165,US-2023-101395,16/06/2023,18-Jun-2023,Nina Walker,Consumer,Central,Office Supplies,Art,Prismacolor Pencils Pro,43.58,3.0,0.15,23.62
1166,US-2021-100890,16/12/2021,21-Dec-2021,Zoe King,Consumer,Central,Office Supplies,Art,Sharpie Marker Set Standard,15.69,2.0,0.3,6.08
1167,US-2022-100311,"April 02, 2022",04/07/2022,Zoe Smith,Home Office,West,Office Supplies,Storage,SAFCO Storage Bin Classic,214.42,3.0,0.15,59.34
1168,US-2022-101517,02/10/2022,12/02/2022,Noah Johnson,Home Office,South,Office Supplies,Envelopes,Kraft Clasp Envelope Standard,11.16,1.0,0.0,6.9
1169,US-2024-101859,03/06/2024,08-Jun-2024,Yusuf Kumar,Consumer,Central,Office Supplies,Labels,Sharpie Label Tape Value,16.71,3.0,0.15,10.21
1170,US-2021-103247,09-May-2021,2021-05-12,Chloe Davis,Home Office,West,Furniture,Tables,Bretford Conference Table Pro,565.09,2.0,0.2,0.7
1171,US-2021-101433,03/05/2021,06-May-2021,Laura Johnson,Consumer,Central,Office Supplies,Binders,Wilson Jones Binder Deluxe,60.67,5.0,0.1,32.99
1172,US-2022-100389,19-Jan-2022,2022-01-22,Mateo Rodriguez,Corporate,Central,Technology,Phones,Samsung Galaxy Dock Standard,383.57,1.0,0.0,121.29
1173,US-2024-102121,10/12/2024,13-Dec-2024,Kavya Nair,Corporate,East,Office Supplies,Paper,Xerox Multipurpose Paper Classic,2.31,1.0,0.5,0.63
1174,US-2022-101336,2022-03-19,"March 23, 2022",Kavya Martinez,Consumer,Central,Technology,Accessories,Logitech Mouse Value,81.74,2.0,0.0,40.26
1175,US-2024-101529,16-Sep-2024,2024-09-17,Priya Wilson,Consumer,South,Office Supplies,Labels,Sharpie Label Tape Deluxe,6.03,1.0,0.4,2.64
1176,US-2023-102666,"July 24, 2023",07/29/2023,Lucas Walker,Corporate,Central,Office Supplies,Storage,SAFCO Storage Bin Pro,210.19,3.0,0.4,7.36
1177,US-2024-100536,"November 07, 2024",11/10/2024,Liam Thomas,Home Office,West,Office Supplies,Fasteners,Bostitch Staples Deluxe,21.49,5.0,0.1,14.15
1178,US-2024-100248,"October 24, 2024",10/29/2024,Lucas Martinez,Consumer,Central,Furniture,Chairs,Hon Task Chair Classic,702.95,3.0,0.0,205.72
1179,US-2023-102249,31/05/2023,04-Jun-2023,Amit Davis,Consumer,East,Office Supplies,Labels,Sharpie Label Tape Standard,18.38,3.0,0.4,7.32
1180,US-2022-100936,"April 10, 2022",04/14/2022,Priya Martinez,Consumer,East,Furniture,Tables,Chromcraft Round Table Classic,331.97,1.0,0.2,11.46
1181,US-2022-102984,"November 07, 2022",11/08/2022,Priya Anderson,Consumer,,Office Supplies,Supplies,Elmer's Glue Pack Classic,12.51,1.0,0.0,7.09
1182,US-2024-101082,17-Jun-2024,2024-06-18,Chloe Lee,Home Office,South,Office Supplies,Envelopes,Poly String Envelope Deluxe,62.68,3.0,0.0,37.94
1183,US-2024-102010,29-Feb-2024,2024-03-06,Mia Chen,Consumer,Central,Office Supplies,Art,Sharpie Marker Set Value,25.61,2.0,0.2,11.64
1184,US-2023-102055,"December 23, 2023",12/25/2023,James Wilson,Corporate,Central,Furniture,Tables,Bevis Table Standard,589.39,2.0,0.0,151.31
1185,US-2022-101176,2022-05-28,"May 31, 2022",Emma Patel,Consumer,Central,Office Supplies,Fasteners,ACCO Fasteners Pro,25.49,3.0,0.2,17.02
1186,US-2023-101678,30/06/2023,05-Jul-2023,Laura Clark,Corporate,South,Office Supplies,Fasteners,Bostitch Staples Standard,21.81,3.0,0.0,15.04
1187,US-2024-103146,13/09/2024,16-Sep-2024,Hannah Wilson,Home Office,East,Office Supplies,Envelopes,Poly String Envelope Standard,24.04,2.0,0.0,15.0
1188,US-2021-103274,23/04/2021,26-Apr-2021,Priya Clark,Consumer,South,Office Supplies,Labels,Avery Label Set Standard,5.34,1.0,0.3,2.75
1189,US-2023-101160,03/16/2023,21/03/2023,Mia Chen,Corporate,East,Office Supplies,Appliances,Avanti Refrigerator Standard,147.15,2.0,0.2,32.69
1190,US-2022-101881,2022-08-25,"August 27, 2022",James Wright,Consumer,East,Technology,Copiers,Canon imageCLASS Copier Standard,3551.3,2.0,0.0,802.94
1191,US-2022-102659,"June 07, 2022",06/11/2022,Mateo Brown,Home Office,Central,Office Supplies,Storage,SAFCO Storage Bin Value,261.31,4.0,0.0,112.82
1192,US-2021-101289,13/06/2021,20-Jun-2021,Olivia Chen,Corporate,East,Office Supplies,Paper,HP Premium Paper Classic,50.95,4.0,0.1,32.67
1193,US-2022-100855,"September 15, 2022",09/19/2022,Carlos King,Consumer,Central,Office Supplies,Envelopes,Poly String Envelope Classic,26.5,2.0,0.0,15.91
1194,US-2024-103046,01/21/2024,25/01/2024,Daniel Clark,Home Office,South,Office Supplies,Art,Sharpie Marker Set Standard,22.5,1.0,0.0,12.68
1195,US-2024-101184,"April 29, 2024",05/03/2024,Omar Brown,Consumer,South,Furniture,Chairs,Harbour Creations Chair Value,1008.41,4.0,0.1,229.12
1196,US-2024-102815,2024-05-22,"May 24, 2024",Olivia Davis,Corporate,West,Office Supplies,Storage,Fellowes File Cart Standard,566.73,6.0,0.0,239.46
1197,US-2024-102412,21/03/2024,28-Mar-2024,Sofia Smith,Corporate,East,Office Supplies,Binders,GBC Binding System Value,54.55,4.0,0.3,24.93
1198,US-2022-103202,"October 06, 2022",10/07/2022,Noah Thomas,Corporate,Central,Technology,Copiers,Hewlett Packard Copier Classic,1672.46,1.0,0.0,323.38
1199,US-2023-101108,26/06/2023,03-Jul-2023,Liam Smith,Consumer,West,Technology,Phones,Apple iPhone Accessory Pro,290.83,1.0,0.1,71.72
1200,US-2022-102338,2022-11-29,"December 02, 2022",Kenji Davis,Consumer,East,Technology,Phones,Apple iPhone Accessory Pro,1271.97,4.0,0.15,224.23
1201,US-2022-101306,03-Apr-2022,2022-04-04,Arjun Patel,Consumer,Central,Office Supplies,Envelopes,Poly String Envelope Standard,9.25,1.0,0.2,5.06
1202,US-2024-101118,04-Mar-2024,2024-03-06,Hannah Young,Consumer,Central,Office Supplies,Paper,HP Premium Paper Pro,20.88,2.0,0.0,13.57
1203,US-2023-100674,08/01/2023,04/08/2023,Mateo Smith,Home Office,Central,Office Supplies,Envelopes,Poly String Envelope Value,20.48,2.0,0.15,11.34
1204,US-2021-100851,10-Jun-2021,2021-06-11,Lucas Wright,Consumer,Central,Office Supplies,Appliances,Hoover Vacuum Classic,111.08,1.0,0.3,20.61
1205,US-2024-100852,"July 15, 2024",07/20/2024,Carlos Chen,Consumer,East,Office Supplies,Supplies,Elmer's Glue Pack Value,53.29,2.0,0.1,25.9
1206,US-2021-102374,04/19/2021,24/04/2021,Isabella Brown,Corporate,Central,Office Supplies,Storage,IRIS Storage Box Value,96.57,1.0,0.15,32.11
1207,US-2021-100040,2021-01-20,"January 26, 2021",Ethan Wright,Corporate,West,Technology,Phones,Apple iPhone Accessory Value,613.19,2.0,0.2,97.63
1208,US-2022-101738,28/09/2022,30-Sep-2022,Mateo Patel,Corporate,Central,Office Supplies,Labels,Sharpie Label Tape Value,6.27,1.0,0.4,2.62
1209,US-2024-101486,10/10/2024,15/10/2024,Emma Smith,Consumer,Central,Office Supplies,Storage,Fellowes File Cart Pro,129.13,2.0,0.15,40.81
1210,US-2022-101595,20-Apr-2022,2022-04-23,Nina Davis,Corporate,South,Office Supplies,Art,Newell Scissors Standard,9.25,2.0,0.8,-9.66
1211,US-2021-102943,"August 17, 2021",08/24/2021,Daniel Garcia,Consumer,Central,Office Supplies,Storage,SAFCO Storage Bin Deluxe,383.91,5.0,0.0,175.61
1212,US-2024-100880,"November 12, 2024",11/17/2024,Zoe Nair,Consumer,West,Office Supplies,Appliances,Avanti Refrigerator Value,831.77,4.0,0.0,334.25
1213,US-2021-100493,05/05/2021,08/05/2021,Zoe Lee,Consumer,East,Office Supplies,Storage,IRIS Storage Box Value,108.38,1.0,0.15,31.88
1214,US-2023-103155,2023-02-28,"March 03, 2023",Maria Johnson,Consumer,West,Furniture,Chairs,Hon Task Chair Value,908.87,4.0,0.0,286.53
1215,US-2024-103209,"January 18, 2024",01/23/2024,Chloe Patel,Consumer,Central,Furniture,Furnishings,Fellowes Wall Clock Value,16.2,2.0,0.7,-13.0
1216,US-2021-102711,20-Apr-2021,2021-04-23,Zoe King,Corporate,South,Office Supplies,Binders,Acco Binder Standard,27.77,2.0,0.0,16.75
1217,US-2024-100137,"March 05, 2024",03/09/2024,Yusuf Kumar,Consumer,East,Office Supplies,Binders,Acco Binder Standard,71.65,6.0,0.3,28.97
1218,US-2023-101114,2023-11-14,"November 19, 2023",Mia Anderson,Corporate,East,Office Supplies,Supplies,Elmer's Glue Pack Deluxe,127.54,4.0,0.15,60.15
1219,US-2023-101126,"December 20, 2023",12/25/2023,Ananya Brown,Consumer,east,Office Supplies,Fasteners,Bostitch Staples Standard,8.45,1.0,0.15,5.47
1220,US-2021-102208,2021-04-09,"April 13, 2021",Nina Davis,Corporate,Central,Office Supplies,Appliances,Avanti Refrigerator Deluxe,183.36,1.0,0.0,67.85
1221,US-2024-101333,"January 20, 2024",01/25/2024,Sofia Clark,Corporate,East,Furniture,Bookcases,O'Sullivan Bookcase Pro,956.58,4.0,0.3,-18.23
1222,US-2023-103309,2023-05-16,"May 17, 2023",Nina Chen,Home Office,West,Technology,Phones,Samsung Galaxy Dock Classic,858.68,2.0,0.1,229.25
1223,US-2023-102311,"October 17, 2023",10/20/2023,James Patel,Consumer,West,Office Supplies,Art,Prismacolor Pencils Deluxe,17.62,1.0,0.0,10.73
1224,US-2024-100599,02/17/2024,21/02/2024,Wei King,Corporate,East,Furniture,Chairs,Global Deluxe Chair Classic,733.79,5.0,0.4,-108.76
1225,US-2021-100964,"April 10, 2021",04/17/2021,Olivia Anderson,Corporate,West,Office Supplies,Supplies,Stanley Hole Punch Value,63.09,4.0,0.15,28.93
1226,US-2022-102661,09/18/2022,22/09/2022,James Johnson,Corporate,Central,Technology,Phones,Cisco IP Phone Standard,267.61,1.0,0.0,81.12
1227,US-2021-101223,2021-10-12,"October 15, 2021",Liam Thomas,Consumer,East,Office Supplies,Art,Sharpie Marker Set Deluxe,9.87,1.0,0.3,4.43
1228,US-2024-101022,2024-03-15,"March 19, 2024",Carlos Walker,Home Office,West,Office Supplies,Supplies,Elmer's Glue Pack Classic,33.87,4.0,0.4,7.96
1229,US-2021-100571,22-Dec-2021,2021-12-29,Carlos Garcia,Consumer,South,Furniture,Bookcases,Bush Classic Bookcase Value,277.85,2.0,0.3,-6.83
1230,US-2021-102302,10/08/2021,14/10/2021,Wei Patel,Consumer,East,Office Supplies,Storage,SAFCO Storage Bin Pro,99.91,1.0,0.0,41.39
1231,US-2021-101951,"August 17, 2021",08/20/2021,Noah King,Home Office,West,Office Supplies,Supplies,Stanley Hole Punch Classic,25.5,1.0,0.1,13.05
1232,US-2022-100990,07/26/2022,29/07/2022,Liam Rodriguez,Consumer,West,Technology,Phones,Apple iPhone Accessory Pro,370.16,1.0,0.0,112.51
1233,US-2024-102853,07/16/2024,17/07/2024,Yusuf King,Corporate,South,Technology,Accessories,Logitech Mouse Standard,,2.0,0.1,48.1
1234,US-2023-100913,07/05/2023,11-May-2023,Sofia Thomas,Consumer,West,Office Supplies,Paper,Xerox Multipurpose Paper Classic,10.35,1.0,0.0,6.68
1235,US-2024-103234,2024-06-20,"June 23, 2024",Laura Davis,Consumer,East,Office Supplies,Labels,Sharpie Label Tape Pro,12.19,2.0,0.4,6.0
1236,US-2022-102791,16-Feb-2022,2022-02-21,Mia Thomas,Consumer,East,Office Supplies,Paper,Xerox Multipurpose Paper Pro,59.32,5.0,0.15,35.63
1237,US-2023-100750,"September 02, 2023",09/08/2023,Kavya Johnson,Home Office,South,Office Supplies,Binders,GBC Binding System Value,33.05,2.0,0.2,14.18
1238,US-2022-101673,13-Aug-2022,2022-08-18,,Home Office,East,Office Supplies,Envelopes,Kraft Clasp Envelope Value,23.61,2.0,0.15,12.45
1239,US-2022-101878,22-Jul-2022,2022-07-28,Ethan Rodriguez,Consumer,West,Office Supplies,Binders,Wilson Jones Binder Pro,20.87,1.0,0.3,9.35
1240,US-2024-100617,19/01/2024,25-Jan-2024,Laura Young,Consumer,East,Office Supplies,Fasteners,ACCO Fasteners Pro,8.37,1.0,0.0,5.71
1241,US-2024-101548,2024-10-23,"October 24, 2024",Nina Smith,Corporate,Central,Furniture,Tables,Chromcraft Round Table Value,1663.76,6.0,0.3,-134.71
1242,US-2021-100553,04/05/2021,09/04/2021,Wei Wilson,Home Office,West,Office Supplies,Labels,Avery Label Set Value,7.31,2.0,0.4,3.37
1243,US-2022-103078,"November 18, 2022",11/22/2022,Nina Davis,Consumer,East,Office Supplies,Art,Sharpie Marker Set Deluxe,56.8,4.0,0.15,28.54
1244,US-2024-101840,24-Aug-2024,2024-08-28,Noah Martinez,Corporate,Central,Office Supplies,Fasteners,Bostitch Staples Value,5.14,1.0,0.2,3.4
1245,US-2023-100372,"March 13, 2023",03/18/2023,Ethan King,Corporate,Central,Office Supplies,Supplies,Stanley Hole Punch Pro,64.18,6.0,0.2,29.47
1246,US-2021-100792,"August 29, 2021",09/02/2021,Laura Garcia,Consumer,Central,Office Supplies,Paper,Xerox Multipurpose Paper Value,5.63,1.0,0.1,3.52
1247,US-2022-100289,"January 17, 2022",01/20/2022,Kenji Anderson,Consumer,East,Furniture,Bookcases,Sauder Bookcase Pro,1312.26,6.0,0.2,144.99
1248,US-2022-102832,2022-01-01,"January 07, 2022",Carlos Martinez,Consumer,West,Technology,Copiers,Canon imageCLASS Copier Classic,1889.77,1.0,0.15,94.43
1249,US-2022-100240,2022-06-21,"June 26, 2022",Nina Wilson,Consumer,West,Office Supplies,Fasteners,ACCO Fasteners Value,15.24,3.0,0.0,10.93
1250,US-2021-102534,11/07/2021,15-Jul-2021,James Garcia,Consumer,East,Office Supplies,Envelopes,Poly String Envelope Classic,33.75,3.0,0.1,19.92
1251,US-2023-101764,13-Feb-2023,2023-02-16,Yusuf King,Consumer,Central,Furniture,Bookcases,Bush Classic Bookcase Standard,911.68,3.0,0.15,167.44
1252,US-2022-101199,25/11/2022,30-Nov-2022,Kenji Brown,Home Office,South,Office Supplies,Envelopes,Kraft Clasp Envelope Deluxe,28.06,2.0,0.0,17.4
1253,US-2022-100906,04/27/2022,02/05/2022,Carlos Rodriguez,Consumer,South,Technology,Accessories,SanDisk USB Drive Deluxe,45.43,1.0,0.3,12.82
1254,US-2022-100449,27-Jun-2022,2022-06-30,Amit Patel,Home Office,East,Furniture,Bookcases,Sauder Bookcase Pro,822.23,2.0,0.0,246.3
1255,US-2022-101109,2022-10-07,"October 12, 2022",Ravi Kumar,Consumer,East,Office Supplies,Art,Newell Scissors Classic,60.6,4.0,0.1,33.65
1256,US-2023-100623,01/27/2023,01/02/2023,Emma Johnson,Corporate,Central,Furniture,Chairs,Harbour Creations Chair Pro,284.18,3.0,0.2,36.07
1257,US-2023-102095,2023-12-07,"December 11, 2023",Sofia Davis,Home Office,East,Furniture,Bookcases,Bush Classic Bookcase Pro,394.67,2.0,0.0,96.0
1258,US-2021-101583,09/07/2021,12/09/2021,Olivia Lee,Consumer,South,Furniture,Chairs,Harbour Creations Chair Standard,829.83,4.0,0.0,257.16
1259,US-2024-101665,11/28/2024,03/12/2024,Mia Davis,Corporate,Central,Office Supplies,Envelopes,Poly String Envelope Pro,40.02,3.0,0.0,24.65
1260,US-2023-101733,23-Dec-2023,2023-12-28,Wei Wright,Home Office,Central,Technology,Machines,Lexmark Printer Value,774.66,1.0,0.0,167.71
1261,US-2024-100349,02/07/2024,10/02/2024,Ravi Clark,Corporate,West,Furniture,Chairs,Harbour Creations Chair Value,232.26,1.0,0.0,74.5
1262,US-2023-100638,"October 28, 2023",11/01/2023,Nina Patel,Home Office,East,Office Supplies,Appliances,Honeywell Fan Deluxe,108.88,2.0,0.6,-52.82
1263,US-2022-101720,2022-08-26,"August 30, 2022",Carlos Wilson,Home Office,Central,Technology,Accessories,Belkin Cable Pro,163.27,4.0,0.0,86.82
1264,US-2021-101909,01/30/2021,03/02/2021,Liam Johnson,Consumer,West,Office Supplies,Paper,Xerox Multipurpose Paper Classic,9.86,1.0,0.3,4.65
1265,US-2022-100386,18-Sep-2022,2022-09-20,Ananya Kumar,Consumer,East,Technology,Accessories,Belkin Cable Deluxe,134.92,4.0,0.0,70.3
1266,US-2022-102613,01/31/2022,02/02/2022,Hannah Anderson,Corporate,South,Technology,Accessories,Logitech Mouse Value,111.53,2.0,0.0,54.36
1267,US-2022-101227,20-Aug-2022,2022-08-24,Yusuf Walker,Consumer,East,Office Supplies,Appliances,Honeywell Fan Standard,330.29,2.0,0.0,133.59
1268,US-2021-101566,13/04/2021,17-Apr-2021,Arjun Garcia,Home Office,West,Furniture,Chairs,Hon Task Chair Pro,197.12,1.0,0.15,37.91
1269,US-2021-101670,04/09/2021,12/04/2021,Kavya Walker,Home Office,West,Office Supplies,Supplies,Elmer's Glue Pack Pro,90.49,5.0,0.3,32.18
1270,US-2021-101023,07/04/2021,07/07/2021,Emma Wright,Consumer,East,Office Supplies,Appliances,Honeywell Fan Pro,245.57,6.0,0.4,7.75
1271,US-2021-103177,08/08/2021,13/08/2021,Carlos Clark,Consumer,Central,Office Supplies,Appliances,Hoover Vacuum Pro,373.85,4.0,0.1,112.31
1272,US-2021-101030,04-Jul-2021,2021-07-08,Kenji Davis,Consumer,South,Office Supplies,Envelopes,Poly String Envelope Deluxe,20.47,2.0,,8.9
1273,US-2024-100043,2024-12-11,"December 15, 2024",Olivia Wright,Consumer,Central,Furniture,Chairs,Global Deluxe Chair Standard,167.19,1.0,0.0,51.63
1274,US-2023-102707,"September 22, 2023",09/26/2023,Lucas Walker,Consumer,East,Technology,Copiers,Canon imageCLASS Copier Standard,827.13,1.0,0.2,-26.54
1275,US-2024-101935,2024-08-04,"August 06, 2024",Lucas Thomas,Consumer,Central,Office Supplies,Art,Prismacolor Pencils Pro,9.8,1.0,0.5,1.86
1276,US-2024-102376,07/05/2024,10/07/2024,Carlos Wilson,Consumer,South,Office Supplies,Binders,Wilson Jones Binder Classic,5.91,1.0,0.6,0.31
1277,US-2021-102298,14/07/2021,19-Jul-2021,Arjun Thomas,Corporate,South,Office Supplies,Labels,Avery Label Set Deluxe,11.57,4.0,0.2,7.41
1278,US-2022-102258,20/09/2022,24-Sep-2022,Olivia Lee,Consumer,East,Office Supplies,Labels,Avery Label Set Deluxe,12.25,2.0,0.1,7.91
1279,US-2022-101564,17-Aug-2022,2022-08-21,Daniel Young,Consumer,South,Technology,Machines,Lexmark Printer Classic,3431.7,6.0,0.0,857.85
1280,US-2021-101117,01/11/2021,16/01/2021,Ethan Thomas,Consumer,East,Office Supplies,Paper,Boise Copy Paper Value,11.94,1.0,0.0,7.73
1281,US-2021-101332,"March 22, 2021",03/27/2021,Liam King,Consumer,West,Office Supplies,Paper,Boise Copy Paper Deluxe,17.62,2.0,0.2,9.93
1282,US-2021-100963,19-Apr-2021,2021-04-25,Arjun Martinez,Corporate,West,Furniture,Furnishings,Fellowes Wall Clock Pro,188.15,4.0,0.0,93.17
1283,US-2022-100605,2022-09-03,"September 06, 2022",Yusuf Martinez,Consumer,East,Furniture,Bookcases,O'Sullivan Bookcase Value,694.23,2.0,0.0,210.04
1284,US-2024-100615,04/02/2024,07-Feb-2024,Ananya Kumar,Home Office,West,Office Supplies,Appliances,Honeywell Fan Deluxe,173.81,1.0,0.0,74.24
1285,US-2024-101112,21-Aug-2024,2024-08-25,Ravi Brown,Corporate,West,Office Supplies,Envelopes,Poly String Envelope Standard,72.24,4.0,0.1,40.74
1286,US-2021-100493,"May 05, 2021",05/08/2021,Zoe Lee,Consumer,East,Office Supplies,Supplies,Elmer's Glue Pack Value,47.7,2.0,0.0,25.16
1287,US-2022-101445,"October 07, 2022",10/10/2022,Nina Lee,Home Office,South,Office Supplies,Appliances,Avanti Refrigerator Deluxe,619.68,6.0,0.15,167.97
1288,US-2021-100853,04/19/2021,23/04/2021,Laura Thomas,Corporate,West,Technology,Accessories,SanDisk USB Drive Pro,86.81,2.0,0.3,28.74
1289,US-2022-100054,11/10/2022,15/11/2022,James Patel,Corporate,West,Technology,Accessories,Logitech Mouse Value,169.95,4.0,0.0,82.09
1290,US-2022-101146,04/30/2022,03/05/2022,Priya Walker,Consumer,West,Furniture,Bookcases,Bush Classic Bookcase Classic,1055.71,4.0,0.3,4.91
1291,US-2022-102600,08/01/2022,10-Jan-2022,Olivia Johnson,Consumer,South,Office Supplies,Art,Sharpie Marker Set Value,16.04,1.0,0.15,7.95
1292,US-2022-102014,2022-04-10,"April 14, 2022",Ravi Garcia,Consumer,East,Furniture,Tables,Bretford Conference Table Classic,255.0,1.0,0.3,-17.46
1293,US-2022-100717,2022-10-11,"October 14, 2022",Mia Martinez,Corporate,West,Office Supplies,Fasteners,ACCO Fasteners Standard,17.03,2.0,0.15,11.07
1294,US-2023-100361,02/10/2023,13/02/2023,Arjun Lee,Consumer,East,Office Supplies,Labels,Avery Label Set Value,14.24,3.0,0.3,8.09
1295,US-2023-100333,10/20/2023,26/10/2023,Mia Thomas,Home Office,East,Furniture,Chairs,Hon Task Chair Value,143.57,1.0,0.2,17.33
1296,US-2024-100317,"October 09, 2024",10/13/2024,Zoe Thomas,Consumer,Central,Office Supplies,Envelopes,Poly String Envelope Value,8.07,1.0,0.2,4.17
1297,US-2024-100986,"September 10, 2024",09/15/2024,Yusuf Chen,Corporate,West,Office Supplies,Appliances,Hoover Vacuum Classic,462.29,4.0,0.3,54.69
1298,US-2022-100032,11/26/2022,02/12/2022,Omar Patel,Consumer,Central,Office Supplies,Art,Newell Scissors Pro,26.5,3.0,0.0,15.13
1299,US-2021-102438,2021-04-30,"May 03, 2021",Hannah Rodriguez,Consumer,South,Technology,Copiers,Canon imageCLASS Copier Value,1675.65,1.0,0.0,402.42
1300,US-2023-103230,"January 31, 2023",02/04/2023,Nina Anderson,Consumer,Central,Office Supplies,Paper,Boise Copy Paper Standard,17.34,2.0,0.0,10.66
1301,US-2024-100440,2024-01-15,"January 18, 2024",Chloe Smith,Corporate,Central,Office Supplies,Envelopes,Poly String Envelope Deluxe,42.87,4.0,0.1,26.63
1302,US-2023-102427,09/14/2023,20/09/2023,Omar Clark,Consumer,West,Technology,Machines,Zebra Label Printer Pro,796.28,1.0,0.0,161.93
1303,US-2023-102707,22-Sep-2023,2023-09-26,Lucas Walker,Consumer,East,Office Supplies,Binders,Acco Binder Pro,23.42,1.0,0.2,11.73
1304,US-2022-102328,01/06/2022,06-Jun-2022,Omar Davis,Corporate,West,Office Supplies,Supplies,Stanley Hole Punch Classic,72.35,3.0,0.15,33.18
1305,US-2023-100113,2023-08-18,"August 21, 2023",Hannah Anderson,Home Office,West,Office Supplies,Supplies,Elmer's Glue Pack Classic,92.9,4.0,0.0,51.85
1306,US-2021-101467,2021-10-18,"October 21, 2021",Wei Wilson,Consumer,East,Office Supplies,Art,Newell Scissors Pro,16.49,1.0,0.2,7.55
1307,US-2023-101162,2023-01-04,"January 08, 2023",Ravi Kumar,Corporate,West,Office Supplies,Storage,Fellowes File Cart Standard,111.06,2.0,0.1,39.5
1308,US-2024-102451,28-Sep-2024,2024-09-29,Lucas Kumar,Corporate,South,Office Supplies,Binders,Acco Binder Standard,15.62,1.0,0.1,8.35
1309,US-2024-100477,22-Dec-2024,2024-12-27,Yusuf Thomas,Consumer,East,Office Supplies,Fasteners,ACCO Fasteners Pro,6.62,1.0,0.2,3.93
1310,US-2021-102379,11/21/2021,22/11/2021,James Davis,Home Office,East,Office Supplies,Appliances,Honeywell Fan Standard,117.17,1.0,0.0,46.85
1311,US-2023-100360,2023-03-27,"March 30, 2023",Mateo Anderson,Consumer,Central,Office Supplies,Fasteners,ACCO Fasteners Pro,8.25,1.0,0.1,5.57
1312,US-2023-101636,06-Mar-2023,2023-03-09,Carlos Anderson,Corporate,East,Office Supplies,Supplies,Elmer's Glue Pack Classic,22.19,1.0,0.0,11.77
1313,US-2021-102609,01/01/2021,08/01/2021,Mateo Kumar,Home Office,South,Office Supplies,Paper,Xerox Multipurpose Paper Pro,39.31,4.0,0.0,26.49
1314,US-2024-103282,23-Jun-2024,2024-06-26,Daniel King,Corporate,South,Technology,Machines,Cubify 3D Printer Deluxe,2261.2,5.0,0.5,-1334.49
1315,US-2022-102233,31/10/2022,05-Nov-2022,Olivia Martinez,Consumer,Central,Office Supplies,Appliances,Honeywell Fan Classic,130.88,1.0,0.3,18.61
1316,US-2024-100838,05/10/2024,15/05/2024,Ananya Wright,Home Office,East,Office Supplies,Binders,Wilson Jones Binder Deluxe,30.09,3.0,0.3,11.9
1317,US-2024-100911,"July 18, 2024",07/24/2024,Chloe Wilson,Corporate,West,Office Supplies,Paper,HP Premium Paper Deluxe,19.58,2.0,0.15,11.55
1318,US-2024-100382,14/12/2024,16-Dec-2024,Noah Brown,Corporate,East,Furniture,Tables,Bevis Table Standard,229.37,1.0,0.4,-61.78
1319,US-2024-100947,"August 06, 2024",08/09/2024,Noah King,Consumer,East,Office Supplies,Supplies,Stanley Hole Punch Pro,29.83,1.0,0.0,15.89
1320,US-2021-102541,"September 05, 2021",09/09/2021,Daniel Johnson,Consumer,East,Office Supplies,Fasteners,ACCO Fasteners Pro,5.42,1.0,0.3,3.02
1321,US-2024-101148,09/02/2024,14-Feb-2024,Kavya Patel,Consumer,South,Technology,Machines,Zebra Label Printer Deluxe,2487.52,4.0,0.15,252.25
1322,US-2023-100071,2023-07-11,"July 14, 2023",Arjun Davis,Consumer,East,Furniture,Tables,Bevis Table Classic,1224.63,3.0,0.0,287.66
1323,US-2021-102210,10/18/2021,21/10/2021,Amit Clark,Consumer,Central,Technology,Phones,Apple iPhone Accessory Standard,798.94,2.0,0.0,199.43
1324,US-2022-101317,23-Nov-2022,2022-11-30,Isabella Nair,Consumer,East,Office Supplies,Labels,Sharpie Label Tape Classic,10.31,1.0,0.0,6.64
1325,US-2023-102249,31-May-2023,2023-06-04,Amit Davis,Consumer,East,Office Supplies,Envelopes,Poly String Envelope Value,15.85,2.0,0.3,7.3
1326,US-2023-102968,11-Feb-2023,2023-02-16,Chloe Lee,Consumer,East,Technology,Accessories,Belkin Cable Value,106.0,2.0,0.15,43.44
1327,US-2023-102331,21/05/2023,24-May-2023,Arjun Wilson,Consumer,Central,Technology,Accessories,Logitech Mouse Classic,48.1,1.0,0.0,25.34
1328,US-2024-103270,09-Jan-2024,2024-01-14,Daniel Kumar,Consumer,East,Office Supplies,Binders,Acco Binder Pro,9.77,1.0,0.1,5.35
1329,US-2021-101475,"December 07, 2021",12/10/2021,Daniel Lee,Home Office,West,Office Supplies,Paper,HP Premium Paper Deluxe,3.14,1.0,0.7,0.0
1330,US-2024-102527,2024-03-15,"March 17, 2024",Sofia Rodriguez,Consumer,Central,Furniture,Bookcases,Sauder Bookcase Standard,532.44,2.0,0.2,50.69
1331,US-2023-101462,2023-09-23,"September 27, 2023",Noah Nair,Consumer,West,Office Supplies,Appliances,Honeywell Fan Classic,98.19,2.0,0.4,-1.95
1332,US-2021-102366,24-Jun-2021,2021-06-27,Mia Garcia,Consumer,West,Office Supplies,Supplies,Elmer's Glue Pack Pro,13.76,1.0,0.4,2.91
1333,US-2021-100077,01/03/2021,02-Mar-2021,Ravi Thomas,Home Office,West,Office Supplies,Storage,SAFCO Storage Bin Value,63.07,1.0,0.0,25.33
1334,US-2021-101874,17/02/2021,20-Feb-2021,Liam Patel,Consumer,Central,Office Supplies,Art,Sharpie Marker Set Classic,,3.0,0.7,-7.34
1335,US-2021-101886,22/05/2021,23-May-2021,Mateo Thomas,Home Office,East,Office Supplies,Art,Sharpie Marker Set Deluxe,23.94,2.0,0.2,11.91
1336,US-2021-101520,09/26/2021,03/10/2021,Zoe Lee,Consumer,West,Office Supplies,Storage,SAFCO Storage Bin Standard,192.13,3.0,0.15,56.31
1337,US-2021-102843,02/04/2021,10/02/2021,Kavya Chen,Consumer,Central,Office Supplies,Art,Prismacolor Pencils Deluxe,107.63,5.0,0.0,61.99
1338,US-2024-102542,03/17/2024,21/03/2024,Noah Clark,Consumer,Central,Furniture,Furnishings,Tenex Chairmat Deluxe,131.93,4.0,0.4,8.74
1339,US-2023-101977,2023-07-01,"July 05, 2023",James Wright,Corporate,West,Furniture,Chairs,Hon Task Chair Classic,422.91,2.0,0.15,98.0
1340,US-2024-100296,03/19/2024,25/03/2024,James Wilson,Corporate,East,Furniture,Bookcases,O'Sullivan Bookcase Standard,389.75,1.0,0.0,102.43
1341,US-2022-100036,31-Aug-2022,2022-09-01,Noah Johnson,Home Office,East,Office Supplies,Supplies,Stanley Hole Punch Deluxe,9.97,1.0,0.15,4.57
1342,US-2022-102323,"February 16, 2022",02/23/2022,Hannah Wilson,Consumer,West,Technology,Machines,Lexmark Printer Deluxe,1642.85,3.0,0.0,309.23
1343,US-2022-102718,09/29/2022,03/10/2022,Omar Young,Consumer,East,Technology,Phones,Samsung Galaxy Dock Pro,343.92,1.0,0.15,56.72
1344,US-2024-101012,20-Sep-2024,2024-09-23,Mia Thomas,Consumer,West,Technology,Accessories,Belkin Cable Value,19.0,1.0,0.5,0.07
1345,US-2023-101554,27-Nov-2023,2023-12-01,Nina Wright,Home Office,South,Technology,Copiers,Canon imageCLASS Copier Pro,2016.94,1.0,0.0,369.9
1346,US-2024-101979,"October 01, 2024",10/05/2024,Mia Chen,Home Office,East,Office Supplies,Labels,Avery Label Set Pro,13.19,2.0,0.2,8.28
1347,US-2024-100723,09/10/2024,15/09/2024,Mia Lee,Consumer,East,Office Supplies,Supplies,Stanley Hole Punch Value,49.26,2.0,0.1,23.98
1348,US-2022-100073,26-Apr-2022,2022-04-29,Arjun Thomas,Consumer,East,Office Supplies,Labels,Avery Label Set Deluxe,14.76,1.0,0.0,9.86
1349,US-2024-102359,02-Dec-2024,2024-12-09,Grace Chen,Corporate,Central,Office Supplies,Supplies,Stanley Hole Punch Value,185.19,5.0,0.0,103.64
1350,US-2022-102201,2022-03-23,"March 26, 2022",Mateo Martinez,Home Office,Central,Office Supplies,Art,Sharpie Marker Set Deluxe,22.5,2.0,0.1,12.34
1351,US-2022-101871,05-Sep-2022,2022-09-10,Kavya Brown,Consumer,East,Furniture,Bookcases,Bush Classic Bookcase Deluxe,1029.87,3.0,0.0,320.69
1352,US-2021-103125,2021-08-26,"August 30, 2021",Yusuf Clark,Consumer,East,Office Supplies,Labels,Sharpie Label Tape Value,40.4,6.0,0.4,19.44
1353,US-2024-100723,2024-09-10,"September 15, 2024",Mia Lee,Consumer,East,Office Supplies,Paper,Boise Copy Paper Classic,21.85,2.0,0.0,13.66
1354,US-2023-100334,28-Sep-2023,2023-10-02,Sofia Young,Consumer,Central,Office Supplies,Storage,IRIS Storage Box Standard,132.63,1.0,0.15,37.89
1355,US-2023-101266,28/06/2023,01-Jul-2023,Carlos Thomas,Corporate,Central,Furniture,Chairs,Global Deluxe Chair Pro,477.86,2.0,0.1,132.06
1356,US-2022-102428,"January 29, 2022",02/02/2022,Nina Wilson,Consumer,South,Office Supplies,Art,Prismacolor Pencils Deluxe,28.52,3.0,0.3,12.1
1357,US-2024-100515,16/05/2024,21-May-2024,Omar Smith,Consumer,West,Office Supplies,Art,Sharpie Marker Set Pro,107.02,5.0,0.0,58.83
1358,US-2021-102566,03/28/2021,01/04/2021,Isabella Rodriguez,Home Office,South,Office Supplies,Fasteners,ACCO Fasteners Pro,11.54,3.0,0.4,5.63
1359,US-2022-103264,"May 31, 2022",06/03/2022,Laura Kumar,Consumer,West,Office Supplies,Appliances,Honeywell Fan Value,152.42,2.0,0.15,42.46
1360,US-2021-102874,05-Feb-2021,2021-02-08,Lucas Young,Consumer,West,Office Supplies,Binders,Acco Binder Deluxe,11.75,1.0,0.3,5.25
1361,US-2022-102273,02/04/2022,07-Apr-2022,Ethan Wilson,Consumer,South,Furniture,Tables,Bevis Table Standard,106.66,1.0,0.6,-88.11
1362,US-2022-102289,2022-10-22,"October 29, 2022",Grace Martinez,Home Office,South,Office Supplies,Labels,Avery Label Set Pro,24.26,2.0,0.1,14.99
1363,US-2022-100427,2022-05-04,"May 08, 2022",Maria Davis,Home Office,East,Furniture,Bookcases,Bush Classic Bookcase Standard,1025.04,3.0,0.0,287.04
1364,US-2021-102062,18-Oct-2021,2021-10-25,Carlos Lee,Home Office,South,Technology,Copiers,Canon imageCLASS Copier Deluxe,8263.68,5.0,0.0,1804.39
1365,US-2023-101540,07/06/2023,10-Jun-2023,Ananya Johnson,Consumer,East,Furniture,Bookcases,Sauder Bookcase Standard,202.59,1.0,0.4,-40.4
1366,US-2024-100409,2024-07-05,"July 07, 2024",Olivia Davis,Consumer,East,Furniture,Furnishings,Fellowes Wall Clock Standard,83.21,2.0,0.0,38.61
1367,US-2023-100350,18-Feb-2023,2023-02-22,Hannah Garcia,Consumer,West,Furniture,Tables,Chromcraft Round Table Pro,640.64,2.0,0.0,166.84
1368,US-2021-102566,2021-03-28,"April 01, 2021",Isabella Rodriguez,Home Office,South,Technology,Phones,Apple iPhone Accessory Standard,1210.82,4.0,0.0,371.73
1369,US-2024-101263,"August 04, 2024",08/06/2024,Carlos Davis,Consumer,West,Office Supplies,Supplies,Stanley Hole Punch Deluxe,15.61,1.0,0.3,6.66
1370,US-2024-102899,04/10/2024,08-Oct-2024,Laura Clark,Corporate,Central,Office Supplies,Fasteners,Bostitch Staples Standard,10.14,2.0,0.0,7.25
1371,US-2024-102890,12/26/2024,02/01/2025,Hannah Garcia,Home Office,Central,Office Supplies,Envelopes,Kraft Clasp Envelope Value,69.19,6.0,0.1,40.74
1372,US-2024-101609,"June 20, 2024",06/23/2024,Maria Young,Home Office,Central,Office Supplies,Appliances,Avanti Refrigerator Classic,507.47,6.0,0.4,15.68
1373,US-2021-102546,03-Oct-2021,2021-10-08,Liam Wright,Consumer,West,Furniture,Tables,Chromcraft Round Table Deluxe,243.86,4.0,0.8,-694.46
1374,US-2024-100184,"May 12, 2024",05/16/2024,Maria Smith,Home Office,Central,Office Supplies,Labels,Avery Label Set Standard,35.83,5.0,0.2,20.7
1375,US-2023-101865,2023-10-28,"November 01, 2023",Ethan Wilson,Corporate,Central,Office Supplies,Appliances,Hoover Vacuum Deluxe,112.3,1.0,0.0,43.52
1376,US-2022-100159,14/05/2022,16-May-2022,Liam King,Corporate,West,Office Supplies,Paper,Xerox Multipurpose Paper Value,12.85,1.0,0.0,8.28
1377,US-2023-102910,2023-12-30,"January 02, 2024",Olivia Wilson,Consumer,South,Office Supplies,Paper,Boise Copy Paper Deluxe,40.69,4.0,0.2,22.85
1378,US-2023-100814,03/09/2023,11/03/2023,Sofia Wright,Consumer,South,Office Supplies,Storage,SAFCO Storage Bin Classic,175.84,3.0,0.3,31.75
1379,US-2023-101438,2023-09-05,"September 07, 2023",Mateo Lee,Consumer,West,Office Supplies,Art,Newell Scissors Standard,29.98,3.0,0.2,14.42
1380,US-2023-100897,08/12/2023,15-Dec-2023,Ethan Clark,Home Office,West,Technology,Machines,Cubify 3D Printer Value,3402.61,4.0,0.0,
1381,US-2022-101985,21/01/2022,26-Jan-2022,Wei Anderson,Home Office,Central,Furniture,Chairs,Harbour Creations Chair Pro,810.06,5.0,0.1,155.04
1382,US-2023-103089,02/09/2023,13/02/2023,Daniel Smith,Corporate,South,Technology,Machines,Zebra Label Printer Deluxe,1493.82,2.0,0.4,-353.94
1383,US-2023-101613,"May 03, 2023",05/08/2023,Daniel Wright,Corporate,East,Office Supplies,Appliances,Avanti Refrigerator Classic,844.86,4.0,0.0,351.82
1384,US-2023-102568,01/04/2023,05-Apr-2023,Sofia Patel,Home Office,South,Office Supplies,Paper,Xerox Multipurpose Paper Standard,23.93,2.0,0.15,14.14
1385,US-2024-101571,06/03/2024,10-Mar-2024,Kenji Rodriguez,Corporate,East,Office Supplies,Supplies,Stanley Hole Punch Classic,23.65,1.0,0.0,13.93
1386,US-2024-102669,"January 12, 2024",01/15/2024,Carlos Lee,Consumer,East,Furniture,Chairs,Hon Task Chair Value,866.42,4.0,0.1,189.0
1387,US-2021-103245,04-Sep-2021,2021-09-07,Ethan Davis,Consumer,East,Technology,Phones,Apple iPhone Accessory Value,453.34,1.0,0.0,130.92
1388,US-2021-100171,2021-05-18,"May 25, 2021",Wei Chen,Home Office,East,Office Supplies,Labels,Avery Label Set Value,12.6,2.0,0.1,7.89
1389,US-2023-101919,13/12/2023,19-Dec-2023,Daniel Garcia,Consumer,West,Office Supplies,Supplies,Stanley Hole Punch Value,79.82,6.0,0.2,31.89
1390,US-2022-101755,09-Oct-2022,2022-10-12,Isabella Davis,Consumer,East,Office Supplies,Paper,HP Premium Paper Deluxe,51.76,5.0,0.0,33.56
1391,US-2024-100172,"February 25, 2024",03/01/2024,Mateo Patel,Consumer,Central,Office Supplies,Storage,SAFCO Storage Bin Value,67.84,1.0,0.0,28.64
1392,US-2024-100039,"October 03, 2024",10/09/2024,Hannah Thomas,Home Office,South,Technology,Machines,Zebra Label Printer Pro,2252.74,3.0,0.15,125.91
1393,US-2022-102483,05/12/2022,10-Dec-2022,Lucas Wright,Consumer,West,Furniture,Tables,Chromcraft Round Table Standard,1371.77,3.0,0.1,188.8
1394,US-2022-100436,05/24/2022,31/05/2022,Isabella Thomas,Consumer,Central,Office Supplies,Storage,Fellowes File Cart Deluxe,163.1,2.0,0.0,71.21
1395,US-2021-101273,13/06/2021,14-Jun-2021,Chloe Lee,Corporate,South,Office Supplies,Fasteners,Bostitch Staples Value,2.85,1.0,0.2,1.7
1396,US-2023-102082,"September 16, 2023",09/18/2023,Mia Garcia,Home Office,Central,Office Supplies,Envelopes,Kraft Clasp Envelope Classic,17.02,2.0,0.15,9.16
1397,US-2022-102468,27-Apr-2022,2022-05-04,Laura Young,Home Office,Central,Office Supplies,Art,Sharpie Marker Set Classic,32.96,2.0,0.0,18.65
1398,US-2022-100088,2022-12-13,"December 19, 2022",Mia Clark,Home Office,South,Office Supplies,Labels,Avery Label Set Value,10.02,1.0,0.2,5.87
1399,US-2024-100448,01/03/2024,10/01/2024,Chloe Brown,Consumer,Central,Office Supplies,Fasteners,Bostitch Staples Classic,20.78,5.0,0.3,12.23
1400,US-2023-100955,04/29/2023,01/05/2023,Sofia Young,Corporate,South,Office Supplies,Fasteners,ACCO Fasteners Deluxe,23.4,4.0,0.0,15.88
1401,US-2021-101884,2021-11-09,"November 15, 2021",Noah Garcia,Corporate,West,Office Supplies,Appliances,Hoover Vacuum Value,212.64,2.0,0.3,20.95
1402,US-2023-102469,"September 06, 2023",09/11/2023,Noah Young,Consumer,Central,Office Supplies,Binders,Acco Binder Value,14.58,1.0,0.3,6.23
1403,US-2022-102801,07/01/2022,10-Jan-2022,Ravi Patel,Corporate,West,Office Supplies,Envelopes,Poly String Envelope Pro,8.73,1.0,0.15,4.85
1404,US-2022-102399,18/03/2022,24-Mar-2022,Daniel Wright,Home Office,South,Furniture,Bookcases,Sauder Bookcase Pro,228.1,1.0,0.0,71.25
1405,US-2021-100216,07/22/2021,25/07/2021,Zoe Thomas,Consumer,West,Technology,Accessories,SanDisk USB Drive Deluxe,48.86,2.0,0.3,13.42
1406,US-2023-103303,07-Nov-2023,2023-11-10,Grace Walker,Consumer,East,Office Supplies,Art,Sharpie Marker Set Deluxe,18.94,2.0,0.4,5.55
1407,US-2022-100513,07/08/2022,10-Aug-2022,James Lee,Consumer,West,Office Supplies,Paper,Xerox Multipurpose Paper Deluxe,10.16,1.0,0.1,6.14
1408,US-2024-101062,"September 09, 2024",09/13/2024,James Thomas,Consumer,East,Office Supplies,Storage,IRIS Storage Box Value,338.21,4.0,0.2,88.02
1409,US-2024-102174,24/08/2024,31-Aug-2024,Omar Thomas,Consumer,West,Furniture,Tables,Bevis Table Value,94.31,1.0,0.7,-134.94
1410,US-2023-102514,27-Dec-2023,2024-01-02,Sofia Nair,Consumer,South,Office Supplies,Fasteners,ACCO Fasteners Deluxe,22.51,5.0,0.0,15.68
1411,US-2024-100217,"December 15, 2024",12/18/2024,Priya Rodriguez,Consumer,,Office Supplies,Envelopes,Poly String Envelope Deluxe,63.01,4.0,0.0,39.13
1412,US-2021-103136,13-Dec-2021,2021-12-18,Sofia Thomas,Consumer,South,Furniture,Bookcases,O'Sullivan Bookcase Deluxe,286.69,1.0,0.0,68.97
1413,US-2021-100772,07/08/2021,09-Aug-2021,Liam Kumar,Corporate,Central,Office Supplies,Storage,IRIS Storage Box Value,190.47,5.0,0.0,77.41
1414,US-2021-102375,05/05/2021,08-May-2021,Arjun Johnson,Home Office,East,Office Supplies,Supplies,Stanley Hole Punch Value,12.24,1.0,0.6,-0.89
1415,US-2023-103099,15/06/2023,19-Jun-2023,Olivia Johnson,Corporate,Central,Office Supplies,Supplies,Stanley Hole Punch Classic,92.49,4.0,0.0,48.29
1416,US-2023-102309,04/09/2023,16/04/2023,Kavya Clark,Corporate,East,Furniture,Tables,Chromcraft Round Table Deluxe,528.49,1.0,0.0,148.12
1417,US-2023-100697,"December 08, 2023",12/12/2023,Zoe Garcia,Consumer,South,Office Supplies,Supplies,Stanley Hole Punch Classic,78.74,3.0,0.2,32.37
1418,US-2021-102590,04-Sep-2021,2021-09-08,Ethan Martinez,Consumer,Central,Furniture,Chairs,Harbour Creations Chair Classic,1028.41,4.0,0.0,331.45
1419,US-2023-102064,09/06/2023,15-Jun-2023,Omar Kumar,Consumer,Central,Office Supplies,Binders,Wilson Jones Binder Deluxe,9.76,2.0,0.7,-3.02
1420,US-2022-100502,06/25/2022,30/06/2022,Ravi Nair,Consumer,South,Technology,Accessories,SanDisk USB Drive Deluxe,37.3,1.0,0.1,16.02
1421,US-2022-101379,"January 29, 2022",01/30/2022,Kenji Garcia,Home Office,South,Furniture,Furnishings,Eldon Desk Lamp Value,116.19,5.0,0.1,43.07
1422,US-2022-100709,12/02/2022,19-Feb-2022,Ethan Patel,Consumer,Central,Furniture,Furnishings,Fellowes Wall Clock Pro,186.19,3.0,0.0,77.21
1423,US-2022-100103,2022-08-06,"August 10, 2022",Priya Nair,Consumer,Central,Office Supplies,Fasteners,Bostitch Staples Deluxe,7.63,1.0,0.1,5.3
1424,US-2021-101386,08/17/2021,20/08/2021,Ananya Smith,Home Office,South,Office Supplies,Paper,Boise Copy Paper Classic,25.48,2.0,0.0,16.09
1425,US-2023-100550,24-Jul-2023,2023-07-25,Arjun Lee,Corporate,West,Office Supplies,Binders,Acco Binder Classic,8.17,1.0,0.0,4.94
1426,US-2022-102403,01/31/2022,04/02/2022,Amit Johnson,Corporate,West,Technology,Machines,Lexmark Printer Classic,300.33,1.0,0.3,-28.58
1427,US-2024-100030,2024-03-15,"March 22, 2024",Kavya Nair,Consumer,South,Technology,Machines,Lexmark Printer Classic,658.79,1.0,0.0,147.67
1428,US-2022-100752,2022-10-25,"November 01, 2022",Yusuf King,Consumer,West,Office Supplies,Storage,SAFCO Storage Bin Deluxe,252.69,4.0,0.0,103.68
1429,US-2022-100655,07/20/2022,26/07/2022,Nina Lee,Consumer,Central,Office Supplies,Labels,Sharpie Label Tape Classic,15.4,2.0,0.0,10.24
1430,US-2024-101570,"February 10, 2024",02/16/2024,Noah Anderson,Consumer,East,Office Supplies,Envelopes,Poly String Envelope Pro,13.41,1.0,0.1,7.96
1431,US-2024-101296,14-Sep-2024,2024-09-18,Noah Smith,Consumer,East,Office Supplies,Labels,Avery Label Set Pro,17.91,2.0,0.3,9.36
1432,US-2021-102877,11/19/2021,22/11/2021,Ananya Smith,Corporate,East,Office Supplies,Fasteners,ACCO Fasteners Standard,50.34,6.0,0.2,31.96
1433,US-2021-101419,"August 20, 2021",08/25/2021,Kavya Clark,Consumer,West,Furniture,Tables,Bretford Conference Table Standard,201.92,1.0,0.4,-48.69
1434,US-2024-100616,2024-01-09,"January 10, 2024",Noah Wilson,Consumer,South,Office Supplies,Appliances,Avanti Refrigerator Standard,185.59,1.0,0.0,74.75
1435,US-2022-101447,2022-08-18,"August 23, 2022",Sofia Garcia,Corporate,East,Office Supplies,Fasteners,ACCO Fasteners Standard,5.12,1.0,0.2,3.31
1436,US-2021-102374,2021-04-19,"April 24, 2021",Isabella Brown,Corporate,Central,Furniture,Furnishings,Fellowes Wall Clock Pro,117.07,4.0,0.0,55.28
1437,US-2023-101734,"June 24, 2023",06/28/2023,Priya Wilson,Corporate,East,Office Supplies,Appliances,Avanti Refrigerator Classic,129.41,1.0,0.0,49.71
1438,US-2022-100164,"March 30, 2022",04/01/2022,Daniel Johnson,Consumer,Central,Furniture,Tables,Chromcraft Round Table Standard,445.84,2.0,0.3,-31.38
1439,US-2024-101335,19-Sep-2024,2024-09-22,Zoe Johnson,Consumer,South,Office Supplies,Paper,Xerox Multipurpose Paper Deluxe,48.14,5.0,0.15,28.08
1440,US-2023-102739,01/06/2023,13/01/2023,Chloe Davis,Consumer,South,Office Supplies,Labels,Sharpie Label Tape Standard,18.74,3.0,0.0,11.92
1441,US-2022-102772,"March 25, 2022",03/29/2022,Amit Garcia,Home Office,West,Office Supplies,Binders,Wilson Jones Binder Classic,16.82,1.0,0.0,9.96
1442,US-2023-101800,28-Mar-2023,2023-04-03,Kenji Kumar,Corporate,East,Technology,Accessories,SanDisk USB Drive Standard,74.27,4.0,0.7,-45.79
1443,US-2023-101028,2023-02-27,"March 01, 2023",Olivia Martinez,Corporate,Central,Furniture,Bookcases,O'Sullivan Bookcase Deluxe,219.49,1.0,0.0,64.5
1444,US-2021-101273,"June 13, 2021",06/14/2021,Chloe Lee,Corporate,South,Office Supplies,Art,Newell Scissors Classic,74.66,6.0,0.1,41.19
1445,US-2024-100985,12-Oct-2024,2024-10-16,Priya Patel,Corporate,West,Furniture,Furnishings,Tenex Chairmat Value,53.22,1.0,0.0,23.36
1446,US-2024-103285,2024-03-18,"March 23, 2024",Arjun Rodriguez,Consumer,Central,Office Supplies,Supplies,Stanley Hole Punch Pro,18.12,1.0,0.0,10.06
1447,US-2023-101093,04-May-2023,2023-05-08,Zoe Martinez,Consumer,West,Office Supplies,Fasteners,ACCO Fasteners Value,30.46,4.0,0.0,20.57
1448,US-2024-101571,2024-03-06,"March 10, 2024",Kenji Rodriguez,Corporate,East,Office Supplies,Art,Newell Scissors Deluxe,13.72,1.0,0.15,7.3
1449,US-2024-101181,"June 18, 2024",06/22/2024,Nina Clark,Consumer,Central,Office Supplies,Paper,Boise Copy Paper Value,8.71,1.0,0.15,5.31
1450,US-2024-102897,03/20/2024,24/03/2024,Ananya Brown,Consumer,West,Office Supplies,Paper,Xerox Multipurpose Paper Deluxe,16.56,1.0,0.0,11.16
1451,US-2024-102743,02/12/2024,06-Dec-2024,,Corporate,Central,Office Supplies,Storage,Fellowes File Cart Classic,128.48,1.0,0.1,46.02
1452,US-2024-102047,04/08/2024,10/04/2024,Grace Rodriguez, CONSUMER ,West,Office Supplies,Labels,Avery Label Set Value,29.65,4.0,0.0,19.84
1453,US-2022-101692,2022-12-13,"December 14, 2022",Hannah Lee,Consumer,West,Furniture,Chairs,Global Deluxe Chair Classic,516.64,2.0,0.0,163.17
1454,US-2021-100926,"December 25, 2021",12/30/2021,Grace Young,Corporate,South,Office Supplies,Appliances,Avanti Refrigerator Deluxe,5.4,2.0,0.1,1.83
1455,US-2024-101253,09/22/2024,26/09/2024,Sofia Kumar,Corporate,East,Furniture,Bookcases,Bush Classic Bookcase Value,989.51,3.0,0.1,211.92
1456,US-2021-103074,01/29/2021,04/02/2021,Arjun Brown,Corporate,West,Office Supplies,Binders,GBC Binding System Standard,41.13,3.0,0.0,24.1
1457,US-2023-100148,14-Sep-2023,2023-09-15,Omar Anderson,Corporate,South,Office Supplies,Art,Prismacolor Pencils Pro,32.64,2.0,0.0,19.16
1458,US-2023-100293,26-May-2023,2023-05-29,Lucas Thomas,Home Office,West,Office Supplies,Binders,Acco Binder Classic,16.42,1.0,0.3,6.91
1459,US-2024-100933,28/11/2024,03-Dec-2024,Liam Nair,Consumer,East,Office Supplies,Storage,SAFCO Storage Bin Classic,124.02,1.0,0.0,49.26
1460,US-2021-100056,25/08/2021,28-Aug-2021,Ravi King,Consumer,East,Technology,Machines,Lexmark Printer Standard,582.96,2.0,0.5,-380.68
1461,US-2024-100440,15/01/2024,18-Jan-2024,Chloe Smith,Corporate,Central,Furniture,Tables,Bretford Conference Table Classic,447.18,1.0,0.1,78.76
1462,US-2023-101021,23-Sep-2023,2023-09-26,Omar Smith,Consumer,East,Office Supplies,Labels,Avery Label Set Classic,29.67,3.0,0.2,18.0
1463,US-2022-101145,18/10/2022,21-Oct-2022,Liam Clark,Corporate,South,Technology,Machines,Zebra Label Printer Value,846.43,1.0,0.0,177.43
1464,US-2024-101122,12/28/2024,01/01/2025,Isabella Clark,Consumer,East,Office Supplies,Appliances,Hoover Vacuum Standard,79.33,1.0,0.0,28.35
1465,US-2023-102082,16/09/2023,18-Sep-2023,Mia Garcia,Home Office,Central,Technology,Accessories,Belkin Cable Value,91.57,2.0,0.0,46.77
1466,US-2024-100972,2024-12-24,"December 30, 2024",Olivia Smith,Consumer,South,Furniture,Bookcases,Sauder Bookcase Deluxe,246.5,1.0,0.0,71.56
1467,US-2023-101251,"June 29, 2023",07/06/2023,Maria Wright,Consumer,Central,Office Supplies,Paper,Xerox Multipurpose Paper Standard,3.18,1.0,0.7,-0.47
1468,US-2021-100690,01-Aug-2021,2021-08-08,Arjun Wright,Consumer,Central,Office Supplies,Binders,Acco Binder Classic,18.18,2.0,0.15,8.91
1469,US-2024-100746,29/08/2024,01-Sep-2024,Amit Wright,Corporate,East,Furniture,Bookcases,O'Sullivan Bookcase Classic,557.92,2.0,0.1,132.94
1470,US-2024-101331,24-Nov-2024,2024-11-27,Sofia Smith,Corporate,South,Furniture,Furnishings,Tenex Chairmat Standard,12.95,3.0,0.7,-11.23
1471,US-2021-102767,04/21/2021,28/04/2021,Sofia Young,Corporate,West,Technology,Machines,Zebra Label Printer Deluxe,965.29,1.0,0.3,-140.02
1472,US-2022-100854,27-Aug-2022,2022-09-01,Olivia Kumar,Corporate,West,Office Supplies,Storage,IRIS Storage Box Value,107.28,1.0,0.1,37.84
1473,US-2022-100212,02/13/2022,19/02/2022,Omar Wright,Consumer,Central,Office Supplies,Binders,GBC Binding System Standard,26.99,3.0,0.1,15.18
1474,US-2024-101576,04-Oct-2024,2024-10-10,James Rodriguez,Consumer,South,Furniture,Furnishings,Eldon Desk Lamp Standard,283.66,5.0,0.2,86.19
1475,US-2021-103139,11/09/2021,12/11/2021,Amit Garcia,Consumer,South,Office Supplies,Envelopes,Poly String Envelope Value,27.27,2.0,0.0,17.24
1476,US-2024-102626,12/02/2024,15-Feb-2024,Omar Lee,Consumer,West,Office Supplies,Paper,HP Premium Paper Pro,14.21,1.0,0.0,9.04
1477,US-2024-101930,03/06/2024,08-Jun-2024,Ethan Garcia,Corporate,East,Office Supplies,Envelopes,Poly String Envelope Classic,13.15,1.0,0.1,7.53
1478,US-2021-100567,08/08/2021,14-Aug-2021,Arjun Wright,Home Office,East,Furniture,Chairs,Hon Task Chair Standard,540.76,3.0,0.0,182.19
1479,US-2024-101640,"August 30, 2024",09/02/2024,Omar Wright,Consumer,South,Office Supplies,Storage,Fellowes File Cart Pro,158.91,2.0,0.0,68.74
1480,US-2021-100013,16/05/2021,23-May-2021,Noah King,Consumer,Central,Office Supplies,Labels,Avery Label Set Classic,5.76,1.0,0.2,3.58
1481,US-2023-100132,20/04/2023,23-Apr-2023,Amit Garcia,Consumer,Central,Office Supplies,Appliances,Honeywell Fan Pro,143.5,3.0,0.6,-71.47
1482,US-2022-100397,"May 01, 2022",05/04/2022,Noah King,Home Office,West,Technology,Accessories,Belkin Cable Value,41.86,2.0,0.7,-28.86
1483,US-2023-100124,"August 26, 2023",08/28/2023,Emma Rodriguez,Corporate,East,Office Supplies,Supplies,Stanley Hole Punch Classic,166.39,6.0,0.0,95.47
1484,US-2024-102821,16/11/2024,20-Nov-2024,Hannah Davis,Corporate,Central,Office Supplies,Labels,Avery Label Set Deluxe,25.46,3.0,0.0,18.1
1485,US-2023-103025,2023-08-06,"August 10, 2023",Carlos Young,Consumer,West,Furniture,Bookcases,Sauder Bookcase Pro,2114.93,6.0,0.0,602.02
1486,US-2022-101538,07/13/2022,16/07/2022,Chloe Patel,Corporate,South,Office Supplies,Art,Newell Scissors Pro,104.47,5.0,0.0,66.76
1487,US-2021-103075,09-Aug-2021,2021-08-13,Mia Wright,Home Office,East,Furniture,Bookcases,Sauder Bookcase Deluxe,1739.52,5.0,0.0,486.7
1488,US-2022-102483,05-Dec-2022,2022-12-10,Lucas Wright,Consumer,West,Office Supplies,Labels,Avery Label Set Deluxe,7.07,1.0,0.3,3.7
1489,US-2024-100344,2024-03-04,"March 07, 2024",Amit Patel,Corporate,South,Furniture,Furnishings,Tenex Chairmat Standard,101.97,2.0,0.0,44.96
1490,US-2024-102110,06/03/2024,10-Mar-2024,Laura Wilson,Home Office,West,Furniture,Chairs,Harbour Creations Chair Standard,242.81,2.0,0.5,
1491,US-2023-102662,01/11/2023,03-Nov-2023,Olivia Walker,Consumer,East,Technology,Machines,Lexmark Printer Pro,437.28,2.0,0.5,-269.12
1492,US-2022-101702,10/09/2022,17-Sep-2022,James Davis,Corporate,Central,Technology,Phones,Samsung Galaxy Dock Classic,298.05,1.0,0.3,-1.24
1493,US-2022-100462,08-Jul-2022,2022-07-12,Sofia Smith,Consumer,East,Technology,Accessories,Belkin Cable Deluxe,,4.0,0.1,72.73
1494,US-2024-103287,"December 17, 2024",12/24/2024,Arjun Chen,Corporate,West,Furniture,Tables,Bretford Conference Table Value,1315.6,4.0,0.0,348.12
1495,US-2024-100610,"October 07, 2024",10/10/2024,Wei Wilson,Home Office,East,Technology,Phones,Apple iPhone Accessory Value,142.78,1.0,0.1,30.98
1496,US-2021-101433,03/05/2021,06-May-2021,Laura Johnson,Consumer,Central,Office Supplies,Binders,Wilson Jones Binder Deluxe,60.67,5.0,0.1,32.99
1497,US-2024-101716,2024-02-11,"February 16, 2024",Amit Chen,Consumer,Central,Office Supplies,Art,Newell Scissors Standard,9.91,1.0,0.4,3.0
1498,US-2022-100883,01/24/2022,28/01/2022,Liam Johnson,Consumer,Central,Office Supplies,Paper,Xerox Multipurpose Paper Value,33.78,5.0,0.3,18.75
1499,US-2022-100960,22-Jul-2022,2022-07-26,Priya Chen,Consumer,Central,Office Supplies,Labels,Sharpie Label Tape Value,10.06,1.0,0.0,6.19
1500,US-2021-102563,2021-07-25,"July 29, 2021",Ethan Lee,Home Office,South,Furniture,Chairs,Global Deluxe Chair Value,163.62,1.0,0.0,48.85
1501,US-2024-100972,24-Dec-2024,2024-12-30,Olivia Smith,Consumer,South,Office Supplies,Envelopes,Poly String Envelope Deluxe,18.07,5.0,0.7,-3.62
1502,US-2022-101109,07-Oct-2022,2022-10-12,Ravi Kumar,Consumer,East,Office Supplies,Storage,IRIS Storage Box Value,259.63,2.0,0.0,114.71
1503,US-2022-101799,07/17/2022,22/07/2022,Carlos Kumar,Consumer,South,Office Supplies,Envelopes,Poly String Envelope Value,17.47,1.0,0.0,11.04
1504,US-2022-101537,11/03/2022,14-Mar-2022,Liam Lee,Home Office,Central,Office Supplies,Labels,Avery Label Set Classic,9.58,1.0,0.1,6.39
1505,US-2023-100300,23-Aug-2023,2023-08-29,Nina Young,Consumer,South,Technology,Machines,Cubify 3D Printer Value,874.4,1.0,0.0,179.7
1506,US-2022-101696,24-Sep-2022,2022-09-30,Ethan Clark,Corporate,Central,Office Supplies,Paper,Boise Copy Paper Deluxe,53.47,,0.15,31.53
1507,US-2021-101955,23-Feb-2021,2021-02-26,Priya Davis,Consumer,West,Technology,Copiers,Canon imageCLASS Copier Deluxe,1225.62,1.0,0.0,233.97
1508,US-2023-101460,03/07/2023,11/03/2023,Amit Rodriguez,Consumer,Central,Technology,Copiers,Hewlett Packard Copier Standard,877.64,2.0,0.1,102.22
1509,US-2024-100123,19-Aug-2024,2024-08-22,Zoe Garcia,Corporate,Central,Technology,Accessories,SanDisk USB Drive Classic,41.24,1.0,0.0,20.28
1510,US-2023-101712,2023-12-08,"December 12, 2023",Carlos King,Consumer,East,Office Supplies,Labels,Avery Label Set Standard,33.85,3.0,0.0,21.27
1511,US-2022-103038,09/06/2022,10/09/2022,Noah Rodriguez,Consumer,Central,Office Supplies,Paper,HP Premium Paper Standard,24.17,2.0,0.0,16.38
1512,US-2021-101358,"December 12, 2021",12/19/2021,Yusuf Walker,Home Office,Central,Furniture,Chairs,Hon Task Chair Standard,1048.74,4.0,0.0,336.98
1513,US-2024-102472,"March 22, 2024",03/27/2024,Kenji Clark,Home Office,West,Technology,Machines,Lexmark Printer Value,1753.0,2.0,0.0,350.24
1514,US-2024-101939,09/29/2024,03/10/2024,Ravi Johnson,Home Office,South,Furniture,Bookcases,Sauder Bookcase Deluxe,335.94,5.0,0.8,-861.24
1515,US-2021-101614,23/09/2021,27-Sep-2021,Arjun Johnson,Home Office,East,Office Supplies,Appliances,Hoover Vacuum Classic,178.46,1.0,0.1,67.8
1516,US-2022-100628,10-Mar-2022,2022-03-13,Liam Kumar,Consumer,South,Furniture,Bookcases,O'Sullivan Bookcase Deluxe,381.4,2.0,0.3,1.22
1517,US-2023-102223,10/21/2023,22/10/2023,Liam Johnson,Corporate,West,Office Supplies,Envelopes,Kraft Clasp Envelope Standard,26.38,2.0,0.0,16.4
1518,US-2022-100449,27/06/2022,30-Jun-2022,Amit Patel,Home Office,East,Technology,Machines,Cubify 3D Printer Deluxe,331.93,1.0,0.1,59.84
1519,US-2023-102638,2023-09-07,"September 12, 2023",Hannah Nair,Consumer,South,Technology,Accessories,Belkin Cable Standard,92.04,3.0,0.1,42.25
1520,US-2021-102027,"July 04, 2021",07/07/2021,Mateo Martinez,Consumer,South,Furniture,Chairs,Global Deluxe Chair Standard,494.87,2.0,0.0,165.19
1521,US-2022-100848,01/16/2022,18/01/2022,Isabella Wright,Home Office,East,Office Supplies,Storage,IRIS Storage Box Classic,85.98,1.0,0.1,28.68
1522,US-2024-101727,11/04/2024,16-Apr-2024,Carlos Anderson,Corporate,West,Office Supplies,Binders,Acco Binder Deluxe,85.99,4.0,0.0,49.7
1523,US-2022-100122,06/05/2022,13-May-2022,Hannah Kumar,Consumer,Central,Office Supplies,Art,Newell Scissors Deluxe,6.49,1.0,0.6,-0.16
1524,US-2024-102461,07/12/2024,17/07/2024,Chloe Thomas,Home Office,East,Office Supplies,Supplies,Elmer's Glue Pack Standard,55.19,2.0,0.0,29.83
1525,US-2023-103173,26/06/2023,28-Jun-2023,Yusuf Martinez,Consumer,East,Office Supplies,Appliances,Honeywell Fan Value,212.74,2.0,0.15,58.98
1526,US-2021-101973,07/15/2021,22/07/2021,Sofia Smith,Consumer,Central,Furniture,Bookcases,Sauder Bookcase Pro,269.98,1.0,0.0,69.95
1527,US-2022-101607,2022-05-30,"June 03, 2022",Ravi Martinez,Consumer,West,Office Supplies,Appliances,Hoover Vacuum Pro,630.17,4.0,0.0,258.83
1528,US-2024-101333,20/01/2024,25-Jan-2024,Sofia Clark,Corporate,East,Furniture,Furnishings,Eldon Desk Lamp Value,29.45,2.0,0.7,-21.75
1529,US-2022-101187,"September 30, 2022",10/07/2022,Kavya Young,Home Office,Central,Office Supplies,Binders,Acco Binder Classic,20.01,1.0,0.0,11.29
1530,US-2021-101933,31-Jul-2021,2021-08-03,Wei Wright,Consumer,Central,Technology,Accessories,Logitech Mouse Classic,37.59,1.0,0.2,14.17
1531,US-2021-100114,06/14/2021,18/06/2021,Daniel Johnson,Home Office,South,Office Supplies,Art,Prismacolor Pencils Pro,9.19,1.0,0.3,3.92
1532,US-2021-103123,11/24/2021,28/11/2021,Kenji Davis,Corporate,East,Office Supplies,Storage,SAFCO Storage Bin Standard,399.31,3.0,0.0,176.58
1533,US-2023-103273,2023-08-03,"August 06, 2023",Priya Johnson,Corporate,Central,Furniture,Tables,Chromcraft Round Table Pro,724.95,2.0,0.0,179.89
1534,US-2024-100895,18-Dec-2024,2024-12-21,Grace King,Home Office,East,Technology,Accessories,SanDisk USB Drive Classic,21.71,1.0,0.5,0.64
1535,US-2021-102888,03/10/2021,13/03/2021,Amit Davis,Corporate,West,Furniture,Tables,Bretford Conference Table Pro,63.77,2.0,0.3,-5.04
1536,US-2021-102459,28-Oct-2021,2021-10-31,Amit Smith,Consumer,East,Office Supplies,Labels,Avery Label Set Classic,20.11,2.0,0.0,13.29
1537,US-2021-100630,11/27/2021,03/12/2021,Grace Clark,Consumer,West,Office Supplies,Binders,Wilson Jones Binder Value,33.41,2.0,0.0,20.21
1538,US-2021-102652,11/12/2021,19/11/2021,Kenji Rodriguez,Corporate,South,Furniture,Tables,Bevis Table Value,303.36,1.0,0.2,10.54
1539,US-2021-100529,15-Jun-2021,2021-06-19,Priya Thomas,Home Office,East,Furniture,Chairs,Global Deluxe Chair Standard,318.35,2.0,0.3,23.82
1540,US-2021-103083,12/18/2021,25/12/2021,Sofia Chen,Consumer,Central,Office Supplies,Appliances,Hoover Vacuum Value,81.1,,0.3,11.12
1541,US-2023-103214,2023-08-10,"August 14, 2023",Laura Smith,Consumer,West,Office Supplies,Paper,Xerox Multipurpose Paper Classic,46.22,3.0,0.0,30.09
1542,US-2023-101892,"September 06, 2023",09/10/2023,Arjun Walker,Consumer,West,Office Supplies,Appliances,Honeywell Fan Standard,,4.0,0.15,149.19
1543,US-2021-100335,"June 02, 2021",06/07/2021,Zoe Johnson,Consumer,West,Office Supplies,Storage,SAFCO Storage Bin Deluxe,197.0,2.0,0.15,57.58
1544,US-2022-102305,15/01/2022,18-Jan-2022,Grace King,Home Office,West,Office Supplies,Appliances,Avanti Refrigerator Standard,132.5,1.0,0.2,33.23
1545,US-2021-102030,11/24/2021,29/11/2021,Laura Garcia,Corporate,East,Furniture,Chairs,Global Deluxe Chair Standard,955.83,4.0,0.0,323.09
1546,US-2022-102962,29/10/2022,02-Nov-2022,Hannah Smith,Consumer,East,Furniture,Furnishings,Tenex Chairmat Classic,103.22,2.0,0.1,40.58
1547,US-2023-101774,23/08/2023,29-Aug-2023,Mia Lee,Corporate,West,Furniture,Furnishings,Fellowes Wall Clock Deluxe,129.4,2.0,0.0,58.63
1548,US-2022-100081,01/06/2022,07-Jun-2022,Zoe Chen,Consumer,East,Office Supplies,Fasteners,ACCO Fasteners Value,6.64,2.0,0.4,3.36
1549,US-2022-102345,"April 08, 2022",04/14/2022,Daniel Garcia,Corporate,Central,Furniture,Furnishings,Eldon Desk Lamp Standard,91.79,3.0,0.3,23.22
1550,US-2023-102263,28-Aug-2023,2023-08-30,Grace Johnson,Consumer,Central,Furniture,Chairs,Global Deluxe Chair Standard,444.99,3.0,0.1,103.52
1551,US-2024-100687,25/12/2024,29-Dec-2024,Arjun Wright,Consumer,West,Office Supplies,Art,Sharpie Marker Set Classic,28.88,2.0,0.0,17.15
1552,US-2023-101406,2023-10-02,"October 07, 2023",Carlos Kumar,Corporate,Central,Technology,Accessories,Logitech Mouse Pro,161.03,3.0,0.0,80.85
1553,US-2023-101337,05/15/2023,18/05/2023,Wei Young,Corporate,West,Furniture,Tables,Chromcraft Round Table Classic,462.13,1.0,0.0,129.26
1554,US-2021-102405,12/11/2021,15-Nov-2021,Yusuf Rodriguez,Corporate,Central,Furniture,Bookcases,Sauder Bookcase Deluxe,334.19,1.0,0.1,76.32
1555,US-2023-100268,"August 29, 2023",09/05/2023,Lucas Rodriguez,Consumer,East,Furniture,Chairs,Harbour Creations Chair Value,185.72,1.0,0.1,49.07
1556,US-2024-102953,13-Sep-2024,2024-09-16,Nina King,Corporate,East,Office Supplies,Storage,Fellowes File Cart Classic,421.64,4.0,0.0,177.06
1557,US-2024-101660,25/09/2024,29-Sep-2024,Liam Wright,Corporate,South,Office Supplies,Binders,Wilson Jones Binder Classic,77.01,5.0,0.1,44.08
1558,US-2023-102809,"April 22, 2023",04/26/2023,Omar Thomas,Consumer,Central,Office Supplies,Fasteners,Bostitch Staples Deluxe,13.97,4.0,0.4,7.42
1559,US-2021-100347,20/04/2021,24-Apr-2021,Ananya Clark,Corporate,West,Office Supplies,Art,Sharpie Marker Set Standard,46.78,3.0,0.2,21.85
1560,US-2023-101654,02/20/2023,26/02/2023,Nina Chen,Consumer,South,Furniture,Bookcases,Sauder Bookcase Value,1479.51,6.0,0.2,181.25
1561,US-2023-100260,2023-10-19,"October 22, 2023",Laura Anderson,Consumer,East,Furniture,Furnishings,Fellowes Wall Clock Classic,118.37,4.0,0.4,6.2
1562,US-2023-101438,09/05/2023,07/09/2023,Mateo Lee,Consumer,West,Technology,Accessories,Belkin Cable Classic,24.87,1.0,0.1,11.64
1563,US-2023-102331,"May 21, 2023",05/24/2023,Arjun Wilson,Consumer,Central,Furniture,Chairs,Harbour Creations Chair Classic,138.71,1.0,0.0,46.12
1564,US-2021-100301,"June 17, 2021",06/19/2021,Lucas Rodriguez,Consumer,South,Office Supplies,Supplies,Elmer's Glue Pack Standard,110.15,4.0,0.15,48.78
1565,US-2024-103013,2024-05-15,"May 17, 2024",Sofia Clark,Consumer,Central,Office Supplies,Storage,IRIS Storage Box Classic,47.56,1.0,0.6,
1566,US-2024-101352,25/07/2024,29-Jul-2024,Amit Chen,Consumer,Central,Office Supplies,Envelopes,Kraft Clasp Envelope Pro,19.06,2.0,0.15,9.8
1567,US-2021-102882,02/26/2021,02/03/2021,Liam Martinez,Corporate,West,Office Supplies,Labels,Sharpie Label Tape Pro,16.86,2.0,0.3,9.37
1568,US-2023-102183,2023-02-07,"February 11, 2023",Emma Lee,Consumer,West,Office Supplies,Fasteners,Bostitch Staples Deluxe,22.44,3.0,0.2,14.69
1569,US-2021-101414,02/19/2021,23/02/2021,Emma Clark,Consumer,East,Technology,Accessories,Logitech Mouse Classic,103.36,2.0,0.2,39.98
1570,US-2022-101889,2022-02-26,"March 05, 2022",Nina Lee,Consumer,East,Office Supplies,Supplies,Stanley Hole Punch Deluxe,37.87,1.0,0.0,20.97
1571,US-2022-100702,05/07/2022,10-Jul-2022,Isabella Brown,Corporate,South,Office Supplies,Appliances,Hoover Vacuum Deluxe,206.56,1.0,0.15,64.27
1572,US-2022-102632,09/24/2022,27/09/2022,Nina Thomas,Corporate,West,Furniture,Chairs,Hon Task Chair Value,895.83,5.0,0.0,284.07
1573,US-2022-100261,05/09/2022,11/05/2022,Noah King,Consumer,West,Office Supplies,Labels,Avery Label Set Standard,34.32,4.0,0.1,20.93
1574,US-2022-102840,"May 30, 2022",06/04/2022,Kavya Chen,Consumer,West,Furniture,Chairs,Harbour Creations Chair Standard,62.86,1.0,0.1,14.54
1575,US-2021-102486,16/01/2021,20-Jan-2021,Noah Anderson,Home Office,West,Office Supplies,Appliances,Hoover Vacuum Classic,525.96,4.0,0.2,144.45
1576,US-2021-102908,11/12/2021,15/11/2021,Omar Nair,Consumer,South,Office Supplies,Binders,GBC Binding System Value,52.76,2.0,0.0,32.96
1577,US-2023-102235,13-Feb-2023,2023-02-17,Mateo Rodriguez,Consumer,East,Office Supplies,Envelopes,Poly String Envelope Deluxe,14.72,1.0,0.0,8.51
1578,US-2021-102462,"November 04, 2021",11/07/2021,Carlos Chen,Consumer,South,Technology,Machines,Cubify 3D Printer Value,1559.56,3.0,0.3,
1579,US-2021-101527,10/10/2021,12-Oct-2021,Kavya Rodriguez,Home Office,West,Office Supplies,Appliances,Hoover Vacuum Pro,284.74,4.0,0.5,-44.27
1580,US-2022-101850,09-Feb-2022,2022-02-12,Ananya Young,Consumer,Central,Office Supplies,Envelopes,Poly String Envelope Value,23.67,2.0,0.2,12.04
1581,US-2022-100754,"April 24, 2022",04/29/2022,Noah Martinez,Home Office,West,Furniture,Bookcases,O'Sullivan Bookcase Standard,1204.21,5.0,0.2,143.53
1582,US-2023-103155,02/28/2023,03/03/2023,Maria Johnson,Consumer,West,Office Supplies,Fasteners,ACCO Fasteners Standard,8.53,3.0,0.4,4.58
1583,US-2021-100598,18/02/2021,19-Feb-2021,Ethan Thomas,Home Office,East,Office Supplies,Storage,Fellowes File Cart Standard,215.62,2.0,0.1,76.56
1584,US-2022-102020,2022-03-21,"March 24, 2022",Mateo Young,Corporate,West,Office Supplies,Binders,Wilson Jones Binder Classic,51.44,4.0,0.15,28.85
1585,US-2024-103323,"April 04, 2024",04/11/2024,Kenji Garcia,Home Office,Central,Furniture,Bookcases,Bush Classic Bookcase Standard,269.78,1.0,0.0,62.69
1586,US-2024-101509,07/03/2024,10-Mar-2024,Chloe Martinez,Home Office,Central,Technology,Phones,Samsung Galaxy Dock Deluxe,533.58,2.0,0.0,147.82
1587,US-2024-100875,08/10/2024,17/08/2024,Ananya Rodriguez,Consumer,West,Office Supplies,Envelopes,Poly String Envelope Standard,69.76,5.0,0.0,
1588,US-2022-100111,29-Jun-2022,2022-07-02,Zoe Garcia,Consumer,West,Office Supplies,Appliances,Hoover Vacuum Deluxe,275.42,2.0,0.2,58.04
1589,US-2024-102655,14/08/2024,19-Aug-2024,Grace Kumar,Home Office,West,Furniture,Furnishings,Eldon Desk Lamp Standard,171.77,3.0,0.0,75.66
1590,US-2023-103037,2023-05-24,"May 29, 2023",Maria King,Consumer,East,Furniture,Tables,Bretford Conference Table Deluxe,484.57,2.0,0.0,127.34
1591,US-2021-102889,2021-02-08,"February 10, 2021",Olivia Davis,Consumer,East,Technology,Phones,Cisco IP Phone Pro,115.71,1.0,0.7,-156.07
1592,US-2024-101727,11-Apr-2024,2024-04-16,Carlos Anderson,Corporate,West,Technology,Accessories,Belkin Cable Classic,326.37,6.0,0.0,171.81
1593,US-2024-102853,16-Jul-2024,2024-07-17,Yusuf King,Corporate,South,Office Supplies,Appliances,Avanti Refrigerator Classic,343.56,3.0,0.0,135.87
1594,US-2022-102991,2022-07-16,"July 19, 2022",Yusuf Thomas,Home Office,East,Office Supplies,Labels,Avery Label Set Pro,5.62,1.0,0.4,2.46
1595,US-2023-100799,"May 26, 2023",05/30/2023,Zoe Young,Corporate,East,Furniture,Chairs,Hon Task Chair Pro,117.61,1.0,0.15,20.95
1596,US-2022-101532,20/01/2022,24-Jan-2022,Priya Patel,Consumer,West,Office Supplies,Fasteners,ACCO Fasteners Value,36.66,4.0,0.0,25.13
1597,US-2022-102255,2022-08-06,"August 09, 2022",Liam Chen,Consumer,East,Office Supplies,Supplies,Stanley Hole Punch Classic,22.7,2.0,0.6,-4.33
1598,US-2021-101501,2021-11-26,"December 01, 2021",,Corporate,East,Furniture,Bookcases,Sauder Bookcase Value,121.45,1.0,0.2,10.04
1599,US-2023-102965,2023-08-02,"August 08, 2023",Kenji Walker,Consumer,West,Office Supplies,Appliances,Honeywell Fan Value,72.68,1.0,0.5,-9.64
1600,US-2023-100771,"April 23, 2023",04/28/2023,Olivia Rodriguez,Consumer,East,Office Supplies,Envelopes,Poly String Envelope Deluxe,63.5,5.0,0.1,36.44
1601,US-2021-102552,03-Jun-2021,2021-06-08,Laura Garcia,Consumer,East,Office Supplies,Storage,SAFCO Storage Bin Standard,161.19,2.0,0.0,62.72
1602,US-2023-102826,"March 23, 2023",03/26/2023,Ananya Martinez,Consumer,Central,Office Supplies,Fasteners,Bostitch Staples Pro,12.42,2.0,0.3,7.46
1603,US-2024-102031,"February 25, 2024",02/26/2024,Mia Nair,Corporate,Central,Office Supplies,Envelopes,Poly String Envelope Standard,32.25,3.0,0.0,20.2
1604,US-2021-102400,16-Mar-2021,2021-03-23,Hannah Anderson,Home Office,East,Furniture,Tables,Bevis Table Standard,1632.6,5.0,0.0,417.34
1605,US-2021-103185,21-Jul-2021,2021-07-25,Liam Davis,Home Office,Central,Office Supplies,Labels,Sharpie Label Tape Value,5.38,1.0,0.2,3.06
1606,US-2023-103062,27-Jun-2023,2023-07-03,Grace Martinez,Consumer,West,Office Supplies,Paper,HP Premium Paper Pro,,5.0,0.15,30.39
1607,US-2021-100213,"July 30, 2021",08/02/2021,Hannah Walker,Consumer,West,Office Supplies,Appliances,Honeywell Fan Standard,114.65,1.0,0.3,12.62
1608,US-2021-102393,01/18/2021,22/01/2021,James Kumar,Home Office,West,Furniture,Chairs,Hon Task Chair Standard,299.47,1.0,0.0,88.99
1609,US-2023-100688,12/03/2023,05/12/2023,Ethan Clark,Consumer,East,Office Supplies,Binders,Acco Binder Standard,16.07,1.0,0.15,8.55
1610,US-2021-103021,"December 02, 2021",12/03/2021,Ananya Chen,Home Office,Central,Office Supplies,Envelopes,Kraft Clasp Envelope Pro,55.85,6.0,0.3,25.97
1611,US-2021-101886,22-May-2021,2021-05-23,Mateo Thomas,Home Office,East,Technology,Machines,Zebra Label Printer Deluxe,660.08,1.0,0.1,59.77
1612,US-2021-102710,"December 31, 2021",01/05/2022,Amit Rodriguez,Consumer,Central,Office Supplies,Appliances,Avanti Refrigerator Standard,64.88,1.0,0.7,-61.63
1613,US-2024-101621,2024-03-09,"March 14, 2024",Maria Smith,Corporate,East,Furniture,Bookcases,Sauder Bookcase Classic,255.63,1.0,0.15,39.67
1614,US-2021-103207,03/06/2021,06-Jun-2021,Zoe Rodriguez,Consumer,Central,Office Supplies,Labels,Sharpie Label Tape Classic,8.5,2.0,0.4,3.89
1615,US-2023-103309,16/05/2023,17-May-2023,Nina Chen,Home Office,West,Office Supplies,Supplies,Elmer's Glue Pack Classic,25.22,3.0,0.5,3.34
1616,US-2022-100110,06/26/2022,30/06/2022,Omar King,Corporate,Central,Technology,Machines,Zebra Label Printer Deluxe,714.58,1.0,0.0,165.11
1617,US-2021-101384,04/17/2021,22/04/2021,Yusuf Thomas,Home Office,East,Office Supplies,Envelopes,Poly String Envelope Classic,8.97,1.0,0.0,5.8
1618,US-2024-100062,"May 27, 2024",05/30/2024,Grace Thomas,Home Office,East,Office Supplies,Paper,Boise Copy Paper Classic,7.28,2.0,0.1,
1619,US-2021-100102,22/04/2021,25-Apr-2021,Mia Anderson,Consumer,South,Technology,Phones,Apple iPhone Accessory Value,672.68,2.0,0.0,184.54
1620,US-2022-102162,2022-04-21,"April 23, 2022",Noah Garcia,Corporate,East,Furniture,Tables,Bretford Conference Table Classic,1003.97,2.0,0.0,235.4
1621,US-2021-102061,16/12/2021,18-Dec-2021,Maria Martinez,Corporate,West,Office Supplies,Art,Sharpie Marker Set Classic,20.06,2.0,0.4,5.51
1622,US-2024-100949,"May 24, 2024",05/29/2024,Lucas Johnson,Consumer,Central,Office Supplies,Art,Sharpie Marker Set Classic,11.17,1.0,0.15,6.12
1623,US-2023-100814,2023-03-09,"March 11, 2023",Sofia Wright,Consumer,South,Furniture,Bookcases,Bush Classic Bookcase Pro,763.92,5.0,0.3,-53.31
1624,US-2022-103113,2022-11-07,"November 11, 2022",Lucas Garcia,Consumer,West,Office Supplies,Envelopes,Poly String Envelope Standard,59.17,5.0,0.0,35.14
1625,US-2024-101128,03/16/2024,19/03/2024,Olivia Johnson,Home Office,East,Office Supplies,Supplies,Stanley Hole Punch Standard,18.21,1.0,0.2,8.29
1626,US-2023-102945,08/23/2023,29/08/2023,Amit Wright,Corporate,South,Office Supplies,Fasteners,ACCO Fasteners Classic,5.56,1.0,0.0,3.88
1627,US-2022-103276,10-Jul-2022,2022-07-13,Isabella Chen,Corporate,West,Technology,Machines,Zebra Label Printer Standard,564.46,1.0,0.2,50.73
1628,US-2024-101511,08/14/2024,19/08/2024,Lucas Martinez,Consumer,East,Office Supplies,Art,Newell Scissors Standard,35.01,2.0,0.0,20.13
1629,US-2021-101846,2021-12-30,"January 06, 2022",Maria Wright,Home Office,West,Office Supplies,Paper,Boise Copy Paper Standard,10.26,1.0,0.5,3.23
1630,US-2021-101773,11/12/2021,15/11/2021,Yusuf Young,Corporate,Central,Office Supplies,Labels,Avery Label Set Classic,7.67,1.0,0.0,5.05
1631,US-2024-102880,04/14/2024,18/04/2024,Liam Garcia,Home Office,East,Office Supplies,Storage,SAFCO Storage Bin Pro,106.65,1.0,0.0,45.37
1632,US-2023-100274,04/21/2023,23/04/2023,Lucas Wright,Consumer,Central,Furniture,Furnishings,Fellowes Wall Clock Standard,337.03,6.0,0.0,131.5
1633,US-2023-102223,21/10/2023,22-Oct-2023,Liam Johnson,Corporate,West,Office Supplies,Labels,Sharpie Label Tape Standard,21.46,2.0,0.0,13.5
1634,US-2021-102528,2021-10-11,"October 13, 2021",Kavya Young,Consumer,East,Office Supplies,Binders,Acco Binder Standard,37.82,2.0,0.0,24.14
1635,US-2021-102400,03/16/2021,23/03/2021,Hannah Anderson,Home Office,East,Office Supplies,Art,Prismacolor Pencils Standard,33.12,3.0,0.2,16.13
1636,US-2021-100962,11/30/2021,07/12/2021,Kavya Johnson,Consumer,East,Office Supplies,Binders,GBC Binding System Deluxe,18.15,1.0,0.0,10.58
1637,US-2022-100181,12-Jul-2022,2022-07-15,Ethan Clark,Consumer,East,Office Supplies,Fasteners,Bostitch Staples Classic,12.66,2.0,0.15,8.33
1638,US-2022-100294,"October 25, 2022",10/28/2022,Kenji Davis,Corporate,South,Furniture,Bookcases,Bush Classic Bookcase Classic,677.88,2.0,0.0,184.8
1639,US-2022-100099,07/09/2022,13/07/2022,Olivia Wilson,Corporate,Central,Office Supplies,Paper,Xerox Multipurpose Paper Deluxe,72.68,6.0,0.0,47.41
1640,US-2023-102986,2023-03-11,"March 17, 2023",Nina Lee,Corporate,Central,Furniture,Bookcases,O'Sullivan Bookcase Pro,92.49,1.0,0.5,-33.88
1641,US-2022-102233,"October 31, 2022",11/05/2022,Olivia Martinez,Consumer,Central,Furniture,Bookcases,O'Sullivan Bookcase Value,344.01,2.0,0.2,
1642,US-2022-101270,23/02/2022,02-Mar-2022,Liam Chen,Consumer,South,Furniture,Bookcases,Bush Classic Bookcase Classic,465.04,2.0,0.1,90.52
1643,US-2024-100612,16/06/2024,20-Jun-2024,Yusuf Anderson,Home Office,East,Office Supplies,Labels,Sharpie Label Tape Classic,9.99,1.0,0.0,6.94
1644,US-2022-100732,04/19/2022,22/04/2022,Mia Lee,Corporate,West,Office Supplies,Paper,Xerox Multipurpose Paper Value,6.57,1.0,0.3,3.01
1645,US-2023-102638,07/09/2023,12-Sep-2023,Hannah Nair,Consumer,South,Technology,Accessories,SanDisk USB Drive Deluxe,56.04,1.0,0.1,26.09
1646,US-2022-100671,10/01/2022,16-Jan-2022,Nina Walker,Corporate,East,Office Supplies,Envelopes,Kraft Clasp Envelope Deluxe,41.57,2.0,0.0,26.48
1647,US-2021-100058,"May 24, 2021",05/29/2021,Yusuf Thomas,Consumer,West,Office Supplies,Labels,Sharpie Label Tape Pro,11.41,1.0,0.0,7.51
1648,US-2023-103133,06/20/2023,23/06/2023,Isabella Davis,Consumer,East,Office Supplies,Envelopes,Kraft Clasp Envelope Standard,44.49,5.0,0.15,24.29
1649,US-2021-102732,"June 11, 2021",06/16/2021,Mateo Patel,Consumer,South,Office Supplies,Labels,Avery Label Set Classic,52.6,5.0,0.2,31.66
1650,US-2024-101714,14-Nov-2024,2024-11-18,Noah Young,Corporate,West,Office Supplies,Fasteners,Bostitch Staples Pro,18.45,3.0,0.0,13.3
1651,US-2022-103276,07/10/2022,13/07/2022,Isabella Chen,Corporate,West,Technology,Copiers,Hewlett Packard Copier Deluxe,2264.86,2.0,0.3,-352.73
1652,US-2024-103054,2024-03-23,"March 26, 2024",Omar Johnson,Consumer,East,Office Supplies,Art,Sharpie Marker Set Classic,33.46,2.0,0.0,18.08
1653,US-2024-101659,31/08/2024,04-Sep-2024,Priya Wright,Corporate,Central,Furniture,Chairs,Harbour Creations Chair Deluxe,406.48,5.0,0.7,-486.17
1654,US-2024-103087,"August 19, 2024",08/21/2024,Ravi Smith,Home Office,Central,Office Supplies,Paper,Boise Copy Paper Pro,20.89,2.0,0.15,11.31
1655,US-2023-101688,19/09/2023,22-Sep-2023,Lucas Kumar,Consumer,East,Office Supplies,Envelopes,Poly String Envelope Pro,6.33,1.0,0.5,1.59
1656,US-2024-101190,"August 04, 2024",08/07/2024,Kenji Brown,Consumer,South,Furniture,Bookcases,Bush Classic Bookcase Deluxe,131.31,1.0,0.15,19.93
1657,US-2023-101088,12/18/2023,21/12/2023,James Clark,Consumer,South,Office Supplies,Labels,Avery Label Set Pro,24.97,2.0,0.0,16.7
1658,US-2023-102281,24/05/2023,30-May-2023,Noah Kumar,Corporate,West,Office Supplies,Envelopes,Poly String Envelope Standard,35.82,5.0,0.6,1.77
1659,US-2023-100090,07-Jun-2023,2023-06-12,Chloe Rodriguez,Corporate,East,Technology,Machines,Lexmark Printer Deluxe,784.72,1.0,0.1,102.9
1660,US-2022-101385,14-Jan-2022,2022-01-17,Arjun Nair,Home Office,West,Office Supplies,Labels,Sharpie Label Tape Pro,38.42,4.0,0.2,23.47
1661,US-2024-101928,"April 14, 2024",04/17/2024,Yusuf Garcia,Corporate,West,Office Supplies,Paper,HP Premium Paper Deluxe,5.33,1.0,0.15,3.04
1662,US-2023-100939,"January 28, 2023",02/01/2023,Sofia Brown,Consumer,South,Office Supplies,Supplies,Stanley Hole Punch Pro,26.51,1.0,0.0,14.07
1663,US-2021-103159,15/04/2021,17-Apr-2021,Carlos Walker,Consumer,South,Office Supplies,Envelopes,Kraft Clasp Envelope Value,12.03,1.0,0.0,7.12
1664,US-2023-102641,12/29/2023,03/01/2024,Omar Walker,Corporate,Central,Office Supplies,Fasteners,ACCO Fasteners Deluxe,7.51,1.0,0.0,5.08
1665,US-2023-100430,2023-11-26,"November 29, 2023",Omar Wilson,Consumer,West,Furniture,Tables,Bevis Table Standard,278.5,1.0,0.0,72.64
1666,US-2023-102301,11/05/2023,14-May-2023,Wei Thomas,Corporate,South,Furniture,Tables,Bevis Table Standard,350.98,1.0,0.3,-19.72
1667,US-2021-100890,"December 16, 2021",12/21/2021,Zoe King,Consumer,Central,Office Supplies,Paper,HP Premium Paper Pro,11.91,1.0,0.0,7.64
1668,US-2023-102779,"August 20, 2023",08/23/2023,Olivia Lee,Consumer,West,Furniture,Chairs,Hon Task Chair Standard,246.04,2.0,0.5,-94.72
1669,US-2021-102187,"September 09, 2021",09/12/2021,Chloe Johnson,Consumer,Central,Office Supplies,Storage,Fellowes File Cart Pro,69.27,1.0,0.0,26.78
1670,US-2024-101348,10/20/2024,23/10/2024,Omar Young,Corporate,West,Office Supplies,Supplies,Elmer's Glue Pack Classic,10.83,1.0,0.15,5.19
1671,US-2023-103242,"July 04, 2023",07/06/2023,Wei Davis,Consumer,East,Furniture,Chairs,Harbour Creations Chair Classic,473.02,3.0,0.0,157.31
1672,US-2024-101260,2024-03-11,"March 18, 2024",Sofia Wilson,Corporate,West,Office Supplies,Art,Prismacolor Pencils Deluxe,14.96,1.0,0.2,7.05
1673,US-2023-102963,05/16/2023,20/05/2023,Nina Martinez,Consumer,Central,Technology,Machines,Cubify 3D Printer Value,1068.43,1.0,0.0,230.63
1674,US-2022-100020,06/24/2022,01/07/2022,Lucas Kumar,Home Office,West,Technology,Machines,Cubify 3D Printer Pro,946.04,1.0,0.0,201.66
1675,US-2024-100733,2024-09-07,"September 11, 2024",Emma King,Consumer,South,Office Supplies,Appliances,Hoover Vacuum Deluxe,125.24,1.0,0.0,51.67
1676,US-2022-100558,24-Jul-2022,2022-07-28,Maria Walker,Corporate,West,Furniture,Chairs,Harbour Creations Chair Classic,130.61,1.0,0.2,21.64
1677,US-2023-101131,06-May-2023,2023-05-08,Priya King,Consumer,East,Office Supplies,Envelopes,Kraft Clasp Envelope Pro,5.24,1.0,0.5,1.33
1678,US-2021-102306,12/13/2021,16/12/2021,Carlos Walker,Consumer,West,Technology,Machines,Lexmark Printer Standard,1065.31,2.0,0.0,209.18
1679,US-2022-100444,30-Apr-2022,2022-05-04,Olivia Wilson,Consumer,Central,Office Supplies,Labels,Sharpie Label Tape Pro,32.81,3.0,0.0,22.14
1680,US-2022-101057,13-Jul-2022,2022-07-15,Kavya King,Corporate,West,Office Supplies,Paper,Boise Copy Paper Standard,16.67,3.0,0.1,11.06
1681,US-2021-100179,07/07/2021,10-Jul-2021,Carlos Walker,Home Office,Central,Technology,Accessories,SanDisk USB Drive Pro,70.48,2.0,0.0,34.01
1682,US-2024-102322,04/16/2024,19/04/2024,Ethan Martinez,Consumer,East,Office Supplies,Envelopes,Poly String Envelope Classic,27.43,2.0,0.0,16.83
1683,US-2021-101302,25-Nov-2021,2021-11-28,Kenji Thomas,Consumer,West,Office Supplies,Art,Sharpie Marker Set Deluxe,25.45,1.0,0.0,14.78
1684,US-2024-102383,10/01/2024,06/10/2024,Wei Nair,Consumer,South,Furniture,Furnishings,Tenex Chairmat Classic,35.93,1.0,0.1,14.61
1685,US-2021-101231,22-Nov-2021,2021-11-25,Daniel King,Consumer,West,Furniture,Tables,Bevis Table Deluxe,117.57,1.0,0.7,-171.78
1686,US-2022-101484,"December 20, 2022",12/25/2022,Omar Rodriguez,Corporate,East,Technology,Phones,Samsung Galaxy Dock Deluxe,387.4,1.0,0.0,117.7
1687,US-2021-101601,02/19/2021,25/02/2021,Grace Patel,Consumer,Central,Office Supplies,Storage,SAFCO Storage Bin Classic,141.23,2.0,0.3,22.53
1688,US-2022-101569,2022-09-29,"October 05, 2022",Sofia King, CONSUMER ,East,Office Supplies,Art,Prismacolor Pencils Pro,33.66,3.0,0.3,12.4
1689,US-2023-100287,2023-09-05,"September 08, 2023",Grace Brown,Consumer,Central,Office Supplies,Storage,Fellowes File Cart Value,384.1,3.0,0.1,139.57
1690,US-2024-100838,2024-05-10,"May 15, 2024",Ananya Wright,Home Office,East,Office Supplies,Binders,Wilson Jones Binder Standard,78.31,4.0,0.0,46.75
1691,US-2022-102323,16-Feb-2022,2022-02-23,Hannah Wilson,Consumer,West,Office Supplies,Fasteners,Bostitch Staples Pro,4.76,4.0,0.7,-0.24
1692,US-2024-100117,2024-10-04,"October 09, 2024",Ananya Kumar,Corporate,Central,Office Supplies,Envelopes,Kraft Clasp Envelope Value,9.72,1.0,0.1,5.64
1693,US-2021-100853,19/04/2021,23-Apr-2021,Laura Thomas,Corporate,West,Office Supplies,Supplies,Stanley Hole Punch Classic,29.35,1.0,0.15,13.5
1694,US-2021-100679,2021-12-28,"January 02, 2022",Isabella Nair,Corporate,Central,Office Supplies,Binders,Wilson Jones Binder Value,6.9,1.0,0.5,1.79
1695,US-2024-102031,25/02/2024,26-Feb-2024,Mia Nair,Corporate,Central,Office Supplies,Binders,GBC Binding System Standard,24.44,1.0,0.0,15.23
1696,US-2023-100516,"July 30, 2023",08/06/2023,Arjun Brown,Consumer,East,Furniture,Tables,Chromcraft Round Table Standard,924.55,5.0,0.1,160.49
1697,US-2022-100416,03/21/2022,26/03/2022,Wei Patel,Corporate,East,Furniture,Chairs,Hon Task Chair Value,192.73,1.0,0.1,51.62
1698,US-2023-101816,21/04/2023,23-Apr-2023,Noah Smith,Consumer,West,Furniture,Bookcases,O'Sullivan Bookcase Value,326.39,2.0,0.0,88.48
1699,US-2024-100177,2024-12-10,"December 14, 2024",Nina Anderson,Consumer,East,Furniture,Chairs,Hon Task Chair Value,409.28,2.0,0.0,134.32
1700,US-2021-101472,30/10/2021,06-Nov-2021,Priya Thomas,Corporate,Central,Furniture,Bookcases,O'Sullivan Bookcase Classic,52.37,1.0,0.3,1.45
1701,US-2023-100710,13-Sep-2023,2023-09-15,Grace Anderson,Corporate,East,Office Supplies,Paper,HP Premium Paper Standard,20.87,2.0,0.15,12.67
1702,US-2023-102676,02-Mar-2023,2023-03-07,Ethan Clark,Consumer,East,Office Supplies,Art,Newell Scissors Standard,13.96,2.0,0.3,5.84
1703,US-2022-101823,"November 10, 2022",11/17/2022,Amit Kumar,Corporate,West,Office Supplies,Paper,HP Premium Paper Standard,20.66,3.0,0.2,11.79
1704,US-2024-100911,18/07/2024,24-Jul-2024,Chloe Wilson,Corporate,West,Office Supplies,Storage,IRIS Storage Box Value,92.25,1.0,0.15,28.6
1705,US-2021-100633,06/25/2021,27/06/2021,Noah Rodriguez,Corporate,East,Office Supplies,Paper,HP Premium Paper Value,23.99,4.0,0.5,7.78
1706,US-2024-100504,"November 15, 2024",11/18/2024,Emma Johnson,Corporate,East,Furniture,Furnishings,Tenex Chairmat Pro,46.68,1.0,0.0,21.7
1707,US-2022-102066,07/09/2022,13/07/2022,Mateo Brown,Home Office,Central,Office Supplies,Storage,SAFCO Storage Bin Classic,68.71,1.0,0.15,20.59
1708,US-2022-102246,12/05/2022,16-May-2022,Sofia Wright,Home Office,East,Furniture,Furnishings,Eldon Desk Lamp Classic,183.85,5.0,0.2,63.75
1709,US-2023-100913,"May 07, 2023",05/11/2023,Sofia Thomas,Consumer,West,Office Supplies,Binders,Wilson Jones Binder Value,25.41,2.0,0.1,15.27
1710,US-2024-100120,06/29/2024,03/07/2024,Nina Nair,Home Office,West,Technology,Accessories,Belkin Cable Deluxe,219.29,4.0,0.0,112.27
1711,US-2023-100800,2023-12-11,"December 15, 2023",Noah Brown,Corporate,Central,Furniture,Bookcases,Sauder Bookcase Value,553.89,2.0,0.1,109.34
1712,US-2022-100665,"December 25, 2022",12/31/2022,Lucas Young,Consumer,Central,Office Supplies,Storage,IRIS Storage Box Pro,273.17,2.0,0.0,114.56
1713,US-2024-101999,11-Feb-2024,2024-02-14,Amit Nair,Consumer,Central,Office Supplies,Paper,Xerox Multipurpose Paper Value,11.92,1.0,0.0,7.77
1714,US-2021-102642,12-Jun-2021,2021-06-15,Sofia King,Corporate,West,Office Supplies,Labels,Sharpie Label Tape Standard,5.09,1.0,0.15,2.82
1715,US-2023-100404,06/04/2023,12-Apr-2023,Lucas Wilson,Consumer,Central,Office Supplies,Fasteners,Bostitch Staples Standard,9.59,2.0,0.3,5.89
1716,US-2024-103058,18/12/2024,21-Dec-2024,Emma Thomas,Corporate,East,Office Supplies,Supplies,Elmer's Glue Pack Deluxe,20.25,1.0,0.2,9.47
1717,US-2021-102637,"December 25, 2021",12/31/2021,Liam Anderson,Consumer,West,Office Supplies,Binders,GBC Binding System Classic,56.52,3.0,0.1,31.91
1718,US-2022-102237,2022-09-13,"September 16, 2022",James Garcia,Home Office,Central,Office Supplies,Paper,HP Premium Paper Value,39.96,3.0,0.0,26.51
1719,US-2023-100333,2023-10-20,"October 26, 2023",Mia Thomas,Home Office,East,Office Supplies,Fasteners,ACCO Fasteners Pro,41.56,6.0,0.1,26.94
1720,US-2023-102351,05/21/2023,25/05/2023,Sofia Wright,Corporate,West,Office Supplies,Paper,HP Premium Paper Pro,10.32,1.0,0.15,5.89
1721,US-2021-100910,31-Dec-2021,2022-01-02,Ravi Martinez,Consumer,East,Office Supplies,Binders,GBC Binding System Deluxe,33.31,3.0,0.0,20.17
1722,US-2021-102594,20/11/2021,23-Nov-2021,Lucas Nair,Home Office,Central,Technology,Accessories,Logitech Mouse Value,23.72,1.0,0.2,8.75
1723,US-2023-100404,2023-04-06,"April 12, 2023",Lucas Wilson,Consumer,Central,Office Supplies,Supplies,Elmer's Glue Pack Deluxe,21.31,1.0,0.0,12.02
1724,US-2023-100106,2023-05-03,"May 05, 2023",Daniel Wright,Corporate,West,Technology,Machines,Zebra Label Printer Classic,456.57,1.0,0.5,-246.63
1725,US-2024-102017,09/12/2024,16/09/2024,Omar Wright,Consumer,Central,Technology,Accessories,SanDisk USB Drive Value,146.03,5.0,0.3,38.68
1726,US-2021-102133,17-Jun-2021,2021-06-18,Zoe Clark,Home Office,West,Office Supplies,Appliances,Avanti Refrigerator Value,136.13,1.0,0.0,59.25
1727,US-2022-101767,09/07/2022,11/09/2022,Maria Davis,Consumer,South,Office Supplies,Supplies,Stanley Hole Punch Classic,124.75,5.0,0.0,69.39
1728,US-2022-102909,"October 11, 2022",10/18/2022,Daniel Johnson,Consumer,East,Office Supplies,Labels,Sharpie Label Tape Classic,9.56,2.0,0.1,6.47
1729,US-2021-100161,"September 24, 2021",09/27/2021,Mia Wilson,Home Office,Central,Office Supplies,Binders,Acco Binder Pro,24.94,2.0,0.2,12.41
1730,US-2021-101175,27/02/2021,02-Mar-2021,Priya Clark,Consumer,South,Office Supplies,Storage,IRIS Storage Box Pro,85.33,1.0,0.15,26.94
1731,US-2022-102096,05-Dec-2022,2022-12-08,Nina Chen,Consumer,West,Office Supplies,Fasteners,Bostitch Staples Value,15.93,4.0,0.0,11.42
1732,US-2024-100719,28/11/2024,03-Dec-2024,Priya Brown,Consumer,West,Technology,Machines,Zebra Label Printer Pro,846.44,1.0,0.1,105.27
1733,US-2023-102809,22-Apr-2023,2023-04-26,Omar Thomas,Consumer,Central,Office Supplies,Binders,Acco Binder Classic,15.4,1.0,0.0,9.36
1734,US-2022-100250,23-Oct-2022,2022-10-26,Kenji Davis,Home Office,South,Furniture,Tables,Bretford Conference Table Value,278.27,1.0,0.4,-63.89
1735,US-2023-100167,02/11/2023,06-Nov-2023,Daniel Clark,Consumer,East,Office Supplies,Appliances,Avanti Refrigerator Standard,793.76,6.0,0.0,284.67
1736,US-2022-100613,21-Jul-2022,2022-07-24,Zoe Martinez,Corporate,East,Office Supplies,Binders,Wilson Jones Binder Pro,12.19,1.0,0.0,7.54
1737,US-2022-100312,2022-05-22,"May 24, 2022",Ethan Martinez,Consumer,East,Office Supplies,Binders,GBC Binding System Deluxe,29.34,2.0,0.3,11.5
1738,US-2021-100927,11/10/2021,16-Oct-2021,Mateo Davis,Consumer,South,Office Supplies,Supplies,Stanley Hole Punch Classic,46.94,3.0,0.4,12.46
1739,US-2023-100593,"March 02, 2023",03/06/2023,Arjun Young,Consumer,West,Furniture,Tables,Bevis Table Value,485.68,1.0,0.0,127.92
1740,US-2022-100708,25-May-2022,2022-05-29,Ravi Rodriguez,Consumer,West,Technology,Machines,Zebra Label Printer Standard,2967.63,5.0,0.15,125.3
1741,US-2024-100108,"November 12, 2024",11/16/2024,Daniel Nair,Consumer,West,Office Supplies,Envelopes,Poly String Envelope Deluxe,16.79,1.0,0.15,9.68
1742,US-2022-101656,06/07/2022,08-Jul-2022,Noah King,Corporate,West,Office Supplies,Envelopes,Poly String Envelope Pro,63.54,5.0,0.0,41.41
1743,US-2023-103271,"August 08, 2023",08/13/2023,Wei Chen,Consumer,South,Office Supplies,Paper,HP Premium Paper Standard,22.53,2.0,0.0,14.77
1744,US-2021-101386,17/08/2021,20-Aug-2021,Ananya Smith,Home Office,South,Technology,Accessories,Belkin Cable Pro,109.01,2.0,0.15,43.29
1745,US-2023-103023,01/30/2023,04/02/2023,Zoe Nair,Home Office,West,Technology,Accessories,Belkin Cable Value,88.34,2.0,0.1,35.42
1746,US-2024-100420,09/10/2024,17/09/2024,Laura Anderson,Consumer,South,Technology,Machines,Zebra Label Printer Classic,1019.75,2.0,0.3,-127.77
1747,US-2022-101459,17/05/2022,22-May-2022,Hannah Young,Home Office,West,Office Supplies,Art,Newell Scissors Deluxe,,1.0,0.15,8.94
1748,US-2023-100156,2023-06-30,"July 06, 2023",Emma Martinez,Consumer,Central,Furniture,Bookcases,O'Sullivan Bookcase Pro,933.74,4.0,0.2,124.14
1749,US-2021-101388,"September 04, 2021",09/10/2021,Maria King,Consumer,Central,Office Supplies,Paper,Xerox Multipurpose Paper Classic,65.75,6.0,0.2,36.19
1750,US-2022-102763,10/03/2022,08/10/2022,Kavya Rodriguez,Home Office,East,Office Supplies,Art,Prismacolor Pencils Value,52.48,3.0,0.0,31.98
1751,US-2024-101444,13-Mar-2024,2024-03-16,Kavya Johnson,Consumer,East,Furniture,Furnishings,Eldon Desk Lamp Standard,39.06,1.0,0.15,
1752,US-2024-102132,01/12/2024,14/01/2024,Grace Kumar,Consumer,West,Office Supplies,Binders,Acco Binder Classic,8.06,1.0,0.5,1.71
1753,US-2022-103295,"April 24, 2022",04/28/2022,Ravi Young,Consumer,West,Office Supplies,Appliances,Honeywell Fan Pro,172.07,2.0,0.15,48.39
1754,US-2021-101601,2021-02-19,"February 25, 2021",Grace Patel,Consumer,Central,Technology,Machines,Cubify 3D Printer Deluxe,1647.55,3.0,0.0,357.77
1755,US-2022-102634,"June 13, 2022",06/16/2022,Omar Lee,Consumer,Central,Office Supplies,Art,Newell Scissors Deluxe,111.59,5.0,0.0,66.95
1756,US-2024-100064,10/09/2024,12/10/2024,Olivia Davis,Corporate,East,Furniture,Chairs,Hon Task Chair Standard,945.1,4.0,0.0,282.52
1757,US-2023-100698,2023-09-05,"September 09, 2023",Olivia Smith,Home Office,West,Office Supplies,Paper,Xerox Multipurpose Paper Value,9.85,1.0,0.0,6.62
1758,US-2021-100831,03/03/2021,06/03/2021,Wei Nair,Corporate,East,Office Supplies,Appliances,Honeywell Fan Classic,214.2,2.0,0.3,25.21
1759,US-2022-102746,2022-08-09,"August 14, 2022",Ananya Rodriguez,Corporate,East,Furniture,Tables,Bretford Conference Table Value,160.99,1.0,0.4,-41.88
1760,US-2022-100125,2022-01-26,"January 30, 2022",Kenji Wright,Consumer,East,Technology,Copiers,Hewlett Packard Copier Value,3723.04,3.0,0.0,551.68
1761,US-2021-101053,01-Nov-2021,2021-11-04,Maria Davis,Consumer,West,Office Supplies,Envelopes,Poly String Envelope Classic,24.16,2.0,0.2,13.06
1762,US-2023-100366,09-Sep-2023,2023-09-13,Kavya Lee,Consumer,Central,Technology,Copiers,Canon imageCLASS Copier Pro,2804.05,2.0,0.1,305.22
1763,US-2023-101114,11/14/2023,19/11/2023,Mia Anderson,Corporate,East,Technology,Phones,Apple iPhone Accessory Value,197.58,1.0,0.2,25.69
1764,US-2021-101729,2021-10-28,"November 02, 2021",Liam Kumar,Consumer,Central,Furniture,Furnishings,Eldon Desk Lamp Pro,137.28,4.0,0.4,14.17
1765,US-2021-100047,"November 27, 2021",12/01/2021,Carlos Rodriguez,Corporate,Central,Office Supplies,Binders,Wilson Jones Binder Standard,36.25,2.0,0.0,21.84
1766,US-2024-101848,05/01/2024,09-Jan-2024,Laura Johnson,Consumer,East,Furniture,Tables,Bevis Table Standard,394.81,1.0,0.1,61.22
1767,US-2024-100470,2024-04-16,"April 20, 2024",Hannah Garcia,Consumer,Central,Office Supplies,Appliances,Avanti Refrigerator Pro,94.83,1.0,0.0,37.66
1768,US-2023-102437,"June 22, 2023",06/28/2023,Ethan Wright,Corporate,East,Office Supplies,Envelopes,Kraft Clasp Envelope Deluxe,31.26,3.0,0.0,19.37
1769,US-2023-100267,03/18/2023,22/03/2023,Chloe Thomas,Consumer,West,Technology,Copiers,Canon imageCLASS Copier Standard,1245.9,1.0,0.2,11.69
1770,US-2024-102979,11-Apr-2024,2024-04-17,Mia Smith,Consumer,Central,Office Supplies,Storage,IRIS Storage Box Deluxe,39.06,1.0,0.6,-18.22
1771,US-2024-103306,2024-11-27,"November 30, 2024",Lucas Wright,Consumer,South,Office Supplies,Supplies,Elmer's Glue Pack Classic,16.61,1.0,0.0,9.09
1772,US-2021-100324,07/09/2021,15/07/2021,Mia Brown,Home Office,Central,Office Supplies,Storage,SAFCO Storage Bin Classic,400.46,4.0,0.2,112.26
1773,US-2023-101072,"August 17, 2023",08/19/2023,Isabella Chen,Consumer,South,Furniture,Furnishings,Tenex Chairmat Deluxe,47.37,1.0,0.15,16.5
1774,US-2024-101824,"October 28, 2024",10/30/2024,Yusuf Clark,Corporate,East,Furniture,Bookcases,Bush Classic Bookcase Classic,387.24,2.0,0.15,69.8
1775,US-2021-101788,09/06/2021,10/09/2021,Amit Nair,Consumer,East,Furniture,Tables,Bevis Table Pro,863.64,2.0,0.2,52.99
1776,US-2022-100115,"April 14, 2022",04/17/2022,Yusuf King,Corporate,South,Furniture,Bookcases,O'Sullivan Bookcase Pro,240.61,1.0,0.15,35.97
1777,US-2022-102048,13/02/2022,18-Feb-2022,Kenji Chen,Corporate,South,Technology,Phones,Samsung Galaxy Dock Deluxe,1181.75,5.0,0.0,347.18
1778,US-2021-102163,"January 23, 2021",01/28/2021,Chloe Johnson,Consumer,West,Technology,Phones,Samsung Galaxy Dock Deluxe,535.53,2.0,0.3,8.79
1779,US-2024-100231,18-May-2024,2024-05-22,Zoe Kumar,Consumer,West,Technology,Accessories,SanDisk USB Drive Standard,33.66,1.0,0.2,13.83
1780,US-2022-102338,11/29/2022,02/12/2022,Kenji Davis,Consumer,East,Office Supplies,Supplies,Stanley Hole Punch Standard,19.21,1.0,0.4,4.89
1781,US-2024-101624,06/09/2024,07-Sep-2024,Wei Chen,Home Office,East,Technology,Accessories,Belkin Cable Deluxe,102.23,3.0,0.0,54.05
1782,US-2021-103205,24-Sep-2021,2021-09-27,Ethan Brown,Consumer,East,Office Supplies,Binders,Acco Binder Deluxe,23.55,1.0,0.0,14.13
1783,US-2022-101538,2022-07-13,"July 16, 2022",Chloe Patel,Corporate,South,Technology,Phones,Cisco IP Phone Classic,369.37,1.0,0.15,61.82
1784,US-2023-101395,2023-06-16,"June 18, 2023",Nina Walker,Consumer,Central,Furniture,Chairs,Hon Task Chair Standard,134.55,2.0,0.4,-7.87
1785,US-2023-103015,17/04/2023,20-Apr-2023,Mateo Brown,Consumer,West,Technology,Phones,Samsung Galaxy Dock Classic,409.12,1.0,0.1,107.52
1786,US-2023-100385,2023-07-27,"July 31, 2023",Daniel Kumar,Consumer,East,Office Supplies,Appliances,Avanti Refrigerator Deluxe,443.32,5.0,0.15,132.54
1787,US-2024-102742,25-Nov-2024,2024-11-29,Laura Davis,Home Office,Central,Technology,Machines,Zebra Label Printer Deluxe,584.16,1.0,0.15,41.91
1788,US-2024-100420,"September 10, 2024",09/17/2024,Laura Anderson,Consumer,South,Technology,Copiers,Hewlett Packard Copier Standard,4635.0,3.0,0.0,746.28
1789,US-2021-102030,24-Nov-2021,2021-11-29,Laura Garcia,Corporate,East,Office Supplies,Supplies,Elmer's Glue Pack Deluxe,58.47,4.0,0.15,26.88
1790,US-2023-103040,"November 10, 2023",11/16/2023,Carlos Wright,Corporate,Central,Office Supplies,Labels,Sharpie Label Tape Classic,20.84,3.0,0.0,13.87
1791,US-2021-101501,"November 26, 2021",12/01/2021,Sofia Anderson,Corporate,East,Furniture,Bookcases,Sauder Bookcase Pro,526.78,3.0,0.2,64.81
1792,US-2021-103118,04/20/2021,23/04/2021,Ananya Johnson,Consumer,West,Office Supplies,Supplies,Stanley Hole Punch Pro,73.35,3.0,0.0,41.87
1793,US-2023-101406,10/02/2023,07/10/2023,Carlos Kumar,Corporate,Central,Technology,Machines,Cubify 3D Printer Classic,939.31,2.0,0.15,79.11
1794,US-2022-102799,2022-01-15,"January 19, 2022",Nina Lee,Consumer,West,Office Supplies,Art,Sharpie Marker Set Pro,14.36,1.0,0.0,8.37
1795,US-2022-100847,04/01/2022,07-Jan-2022,Ethan Walker,Corporate,Central,Furniture,Furnishings,Fellowes Wall Clock Classic,32.03,1.0,0.2,9.91
1796,US-2024-100727,09/09/2024,14/09/2024,Priya Walker,Consumer,East,Technology,Accessories,Logitech Mouse Pro,39.15,1.0,0.1,17.36
1797,US-2021-101965,05/26/2021,30/05/2021,Daniel Chen,Consumer,Central,Office Supplies,Paper,Xerox Multipurpose Paper Value,63.03,5.0,0.15,37.5
1798,US-2024-102447,28-Apr-2024,2024-05-02,Maria Kumar,Home Office,South,Furniture,Tables,Bretford Conference Table Deluxe,730.94,2.0,0.1,145.32
1799,US-2021-101034,"April 17, 2021",04/18/2021,Grace Kumar,Consumer,East,Office Supplies,Fasteners,ACCO Fasteners Standard,5.49,1.0,0.2,3.2
1800,US-2021-100182,22/08/2021,28-Aug-2021,Chloe Clark,Home Office,East,Office Supplies,Appliances,Honeywell Fan Value,915.0,6.0,0.15,268.01
1801,US-2022-101459,17-May-2022,2022-05-22,Hannah Young,Home Office,West,Furniture,Bookcases,Sauder Bookcase Standard,249.46,1.0,0.2,29.27
1802,US-2024-101792,01/01/2024,04/01/2024,Ananya Garcia,Consumer,Central,Office Supplies,Binders,Wilson Jones Binder Classic,84.54,4.0,0.1,46.31
1803,US-2022-100849,30-Apr-2022,2022-05-07,Hannah Walker,Corporate,Central,Office Supplies,Envelopes,Kraft Clasp Envelope Value,24.58,2.0,0.15,13.92
1804,US-2022-101702,"September 10, 2022",09/17/2022,James Davis,Corporate,Central,Office Supplies,Paper,Xerox Multipurpose Paper Pro,13.52,1.0,0.0,8.86
1805,US-2021-103021,02-Dec-2021,2021-12-03,Ananya Chen,Home Office,Central,Furniture,Tables,Chromcraft Round Table Deluxe,383.53,2.0,0.4,-109.79
1806,US-2022-101514,03/14/2022,19/03/2022,Ethan King,Corporate,West,Furniture,Tables,Bretford Conference Table Value,558.91,2.0,0.2,54.08
1807,US-2024-100066,"July 13, 2024",07/14/2024,Kavya Brown,Consumer,East,Furniture,Furnishings,Tenex Chairmat Classic,19.22,1.0,0.4,2.73
1808,US-2022-100572,2022-07-15,"July 20, 2022",Ravi Thomas,Corporate,East,Furniture,Tables,Chromcraft Round Table Deluxe,1769.73,4.0,0.0,453.27
1809,US-2022-102226,06/02/2022,07/06/2022,Priya Lee,Corporate,East,Office Supplies,Fasteners,Bostitch Staples Pro,10.22,2.0,0.3,5.7
1810,US-2021-102877,19-Nov-2021,2021-11-22,Ananya Smith,Corporate,East,Furniture,Chairs,Hon Task Chair Classic,208.81,1.0,0.0,70.56
1811,US-2023-100667,03/09/2023,08-Sep-2023,Mateo Martinez,Home Office,West,Furniture,Chairs,Global Deluxe Chair Deluxe,152.55,,0.2,25.56
1812,US-2021-102497,2021-04-30,"May 04, 2021",Mateo King,Consumer,East,Office Supplies,Supplies,Elmer's Glue Pack Classic,42.73,2.0,0.1,20.13
1813,US-2023-101588,"January 03, 2023",01/06/2023,Lucas Walker,Consumer,Central,Office Supplies,Art,Prismacolor Pencils Standard,33.38,5.0,0.5,6.67
1814,US-2022-102755,06/08/2022,12/06/2022,Ethan Rodriguez,Consumer,West,Furniture,Bookcases,O'Sullivan Bookcase Value,1320.11,5.0,0.1,274.13
1815,US-2022-103160,2022-11-05,"November 09, 2022",Amit Martinez,Home Office,West,Office Supplies,Storage,IRIS Storage Box Standard,65.09,1.0,0.4,-0.19
1816,US-2021-102837,07-Sep-2021,2021-09-09,Grace Young,Consumer,Central,Office Supplies,Labels,Avery Label Set Standard,40.71,3.0,0.0,27.85
1817,US-2024-102684,12/22/2024,26/12/2024,Wei Davis,Consumer,South,Office Supplies,Supplies,Elmer's Glue Pack Standard,53.65,2.0,0.1,26.04
1818,US-2021-103052,03-Oct-2021,2021-10-07,Kenji Walker,Corporate,West,Furniture,Tables,Chromcraft Round Table Standard,433.66,1.0,0.0,109.69
1819,US-2021-102434,"June 14, 2021",06/17/2021,Olivia Wright,Consumer,East,Technology,Phones,Samsung Galaxy Dock Classic,367.91,1.0,,111.91
1820,US-2021-101997,"May 25, 2021",05/26/2021,Grace Patel,Consumer,East,Office Supplies,Labels,Avery Label Set Pro,48.17,6.0,0.1,29.41
1821,US-2021-101415,14/08/2021,21-Aug-2021,Emma Patel,Consumer,South,Office Supplies,Labels,Avery Label Set Pro,4.0,1.0,0.6,0.93
1822,US-2024-100973,15/11/2024,22-Nov-2024,Nina Patel,Consumer,South,Technology,Phones,Apple iPhone Accessory Classic,176.43,1.0,0.4,-29.59
1823,US-2021-102141,"May 18, 2021",05/20/2021,Arjun Rodriguez,Consumer,West,Technology,Phones,Samsung Galaxy Dock Pro,1887.75,6.0,0.15,281.53
1824,US-2023-101120,01/12/2023,06-Dec-2023,Carlos Davis,Home Office,South,Office Supplies,Appliances,Honeywell Fan Value,263.35,2.0,0.1,
1825,US-2023-102316,07/05/2023,10/07/2023,Liam Garcia,Consumer,East,Office Supplies,Appliances,Honeywell Fan Pro,473.54,4.0,0.15,154.65
1826,US-2021-101497,31-Jul-2021,2021-08-03,Ananya Rodriguez,Corporate,South,Technology,Accessories,SanDisk USB Drive Deluxe,236.02,6.0,0.4,42.21
1827,US-2024-101210,26/06/2024,02-Jul-2024,Mateo Clark,Consumer,East,Office Supplies,Art,Sharpie Marker Set Classic,94.81,6.0,0.15,49.06
1828,US-2021-102419,04/23/2021,30/04/2021,Isabella Wright,Consumer,East,Office Supplies,Fasteners,ACCO Fasteners Deluxe,5.03,1.0,0.0,3.68
1829,US-2024-100188,06/19/2024,22/06/2024,Ethan Martinez,Corporate,South,Office Supplies,Appliances,Honeywell Fan Standard,,5.0,0.0,235.28
1830,US-2023-100352,09/07/2023,11-Jul-2023,Mia Young,Consumer,South,Office Supplies,Supplies,Elmer's Glue Pack Standard,32.83,1.0,,17.77
1831,US-2021-102825,2021-03-21,"March 25, 2021",Ananya Smith,Consumer,West,Furniture,Furnishings,Eldon Desk Lamp Deluxe,50.66,1.0,0.0,21.99
1832,US-2022-101008,2022-02-18,"February 21, 2022",Priya Chen,Corporate,East,Office Supplies,Supplies,Stanley Hole Punch Pro,24.86,2.0,0.4,7.7
1833,US-2022-102308,2022-01-30,"February 04, 2022",Zoe Walker,Consumer,Central,Office Supplies,Envelopes,Kraft Clasp Envelope Deluxe,20.62,2.0,0.3,9.39
1834,US-2021-101387,28-Jun-2021,2021-07-04,Laura Patel,Consumer,Central,Office Supplies,Binders,Wilson Jones Binder Value,91.47,6.0,0.0,55.11
1835,US-2022-102072,23-Sep-2022,2022-09-26,Grace Kumar,Consumer,South,Office Supplies,Labels,Sharpie Label Tape Value,8.99,2.0,0.5,2.59
1836,US-2023-103187,"January 28, 2023",01/30/2023,Nina Wilson,Consumer,West,Furniture,Furnishings,Tenex Chairmat Classic,46.64,1.0,0.0,20.89
1837,US-2023-102826,03/23/2023,26/03/2023,Ananya Martinez,Consumer,Central,Office Supplies,Supplies,Stanley Hole Punch Value,33.52,1.0,0.0,18.78
1838,US-2021-101679,2021-10-08,"October 14, 2021",Arjun Patel,Consumer,West,Furniture,Tables,Bretford Conference Table Deluxe,338.06,2.0,0.4,-90.01
1839,US-2024-101988,"October 26, 2024",11/02/2024,Hannah Johnson,Consumer,South,Technology,Machines,Cubify 3D Printer Classic,1146.6,2.0,0.4,-389.99
1840,US-2021-100768,"September 27, 2021",10/01/2021,Noah Garcia,Home Office,Central,Office Supplies,Supplies,Stanley Hole Punch Deluxe,15.59,1.0,0.2,6.86
1841,US-2021-101703,09/26/2021,03/10/2021,Zoe Wilson,Consumer,Central,Office Supplies,Supplies,Elmer's Glue Pack Standard,68.2,3.0,0.1,33.87
1842,US-2022-102186,06/29/2022,01/07/2022,Maria Clark,Consumer,Central,Office Supplies,Art,Sharpie Marker Set Pro,55.4,4.0,0.0,32.16
1843,US-2021-101775,2021-07-16,"July 20, 2021",Ravi Garcia,Consumer,Central,Office Supplies,Labels,Avery Label Set Classic,28.94,3.0,0.0,19.37
1844,US-2021-102034,2021-02-10,"February 16, 2021",Priya King,Corporate,Central,Office Supplies,Binders,Wilson Jones Binder Pro,12.7,1.0,0.0,7.51
1845,US-2023-101636,"March 06, 2023",03/09/2023,Carlos Anderson,Corporate,East,Office Supplies,Supplies,Elmer's Glue Pack Deluxe,18.31,1.0,0.0,10.31
1846,US-2024-100204,"April 08, 2024",04/11/2024,Yusuf Garcia,Home Office,East,Office Supplies,Labels,Sharpie Label Tape Classic,41.4,5.0,0.0,27.87
1847,US-2024-101290,09-Oct-2024,2024-10-14,Nina Patel,Consumer,East,Office Supplies,Storage,Fellowes File Cart Deluxe,217.92,2.0,0.0,94.45
1848,US-2022-102886,30-Mar-2022,2022-04-03,Wei Chen,Home Office,South,Furniture,Chairs,Harbour Creations Chair Value,690.68,5.0,0.3,7.53
1849,US-2022-101129,14/09/2022,18-Sep-2022,Olivia Nair,Corporate,West,Furniture,Furnishings,Eldon Desk Lamp Pro,190.71,3.0,0.0,92.06
1850,US-2024-100469,11/06/2024,14-Jun-2024,Noah Garcia,Corporate,South,Office Supplies,Storage,Fellowes File Cart Deluxe,272.51,4.0,,39.72
1851,US-2022-100969,01/21/2022,28/01/2022,Omar Young,Consumer,West,Office Supplies,Supplies,Stanley Hole Punch Classic,58.36,2.0,0.1,29.86
1852,US-2024-102595,10/05/2024,11/10/2024,Isabella Young,Consumer,West,Office Supplies,Fasteners,ACCO Fasteners Pro,12.18,2.0,0.0,8.63
1853,US-2024-102977,14/07/2024,20-Jul-2024,Mateo Brown,Home Office,East,Office Supplies,Art,Prismacolor Pencils Value,74.32,3.0,0.0,43.56
1854,US-2022-101315,2022-04-06,"April 10, 2022",Hannah Johnson,Corporate,West,Technology,Machines,Lexmark Printer Classic,1738.17,2.0,0.0,393.19
1855,US-2021-100185,09/22/2021,25/09/2021,Ravi Young,Consumer,South,Furniture,Tables,Bretford Conference Table Classic,1320.65,3.0,0.0,349.06
1856,US-2022-100519,05/08/2022,11/05/2022,Laura Johnson,Consumer,East,Office Supplies,Art,Prismacolor Pencils Pro,18.38,2.0,0.4,4.05
1857,US-2022-102125,"April 20, 2022",04/23/2022,Hannah Johnson,Consumer,West,Office Supplies,Labels,Sharpie Label Tape Classic,25.19,4.0,0.3,13.76
1858,US-2024-100100,14/11/2024,18-Nov-2024,Sofia Brown,Consumer,West,Office Supplies,Envelopes,Kraft Clasp Envelope Standard,14.08,2.0,0.15,7.59
1859,US-2024-101260,11/03/2024,18-Mar-2024,Sofia Wilson,Corporate,West,Office Supplies,Appliances,Avanti Refrigerator Pro,81.36,1.0,0.15,27.54
1860,US-2024-103176,"June 23, 2024",06/26/2024,Mia Davis,Corporate,Central,Furniture,Chairs,Global Deluxe Chair Value,239.77,1.0,0.15,50.14
1861,US-2021-102555,2021-05-06,"May 08, 2021",Ethan Chen,Corporate, WEST ,Office Supplies,Art,Sharpie Marker Set Value,57.65,3.0,0.0,31.31
1862,US-2022-101899,02/22/2022,26/02/2022,Olivia Lee,Corporate,East,Furniture,Tables,Chromcraft Round Table Value,451.52,2.0,0.4,-106.01
1863,US-2024-102982,17-May-2024,2024-05-18,Laura Johnson,Consumer,East,Office Supplies,Storage,IRIS Storage Box Deluxe,154.94,2.0,0.0,66.94
1864,US-2023-102662,2023-11-01,"November 03, 2023",Olivia Walker,Consumer,East,Office Supplies,Envelopes,Kraft Clasp Envelope Pro,,3.0,0.0,29.84
1865,US-2024-103066,2024-09-03,"September 06, 2024",Amit Kumar,Home Office,West,Office Supplies,Storage,IRIS Storage Box Pro,319.69,3.0,0.0,140.75
1866,US-2024-100043,"December 11, 2024",12/15/2024,Olivia Wright,Consumer,Central,Office Supplies,Supplies,Stanley Hole Punch Value,18.12,1.0,0.0,10.15
1867,US-2021-100244,2021-11-19,"November 21, 2021",Hannah Kumar,Consumer,West,Office Supplies,Labels,Avery Label Set Standard,28.26,3.0,0.1,17.19
1868,US-2021-101410,21-Jun-2021,2021-06-28,Arjun Garcia,Consumer,South,Office Supplies,Storage,Fellowes File Cart Standard,612.84,6.0,0.0,279.53
1869,US-2024-101250,2024-10-14,"October 15, 2024",Mia Brown,Consumer,Central,Office Supplies,Appliances,Honeywell Fan Pro,126.94,1.0,0.0,48.03
1870,US-2023-102303,12-Apr-2023,2023-04-19,Mia Patel,Home Office,East,Office Supplies,Envelopes,Poly String Envelope Value,11.84,1.0,0.3,4.92
1871,US-2022-100052,01-Apr-2022,2022-04-06,Noah Rodriguez,Consumer,East,Furniture,Tables,Chromcraft Round Table Deluxe,1673.01,4.0,0.0,487.69
1872,US-2024-103308,15-Mar-2024,2024-03-16,Liam Garcia,Corporate,Central,Technology,Phones,Cisco IP Phone Classic,284.98,1.0,0.15,58.74
1873,US-2023-100968,"November 28, 2023",12/04/2023,Olivia Martinez,Corporate,West,Office Supplies,Fasteners,Bostitch Staples Pro,11.57,4.0,0.6,3.45
1874,US-2022-101871,"September 05, 2022",09/10/2022,Kavya Brown,Consumer,East,Office Supplies,Labels,Sharpie Label Tape Value,27.6,3.0,0.0,18.75
1875,US-2023-103133,"June 20, 2023",06/23/2023,Isabella Davis,Consumer,East,Office Supplies,Labels,Avery Label Set Standard,2.87,1.0,0.6,0.38
1876,US-2021-102163,23/01/2021,28-Jan-2021,Chloe Johnson,Consumer,West,Office Supplies,Labels,Avery Label Set Classic,9.53,1.0,0.0,6.18
1877,US-2023-102205,05/19/2023,24/05/2023,Wei Clark,Consumer,East,Office Supplies,Envelopes,Kraft Clasp Envelope Deluxe,21.58,2.0,0.2,10.79
1878,US-2022-103277,02/26/2022,02/03/2022,Amit Brown,Corporate,West,Furniture,Chairs,Harbour Creations Chair Standard,243.9,1.0,0.0,68.52
1879,US-2023-102797,10/27/2023,31/10/2023,Ravi Chen,Home Office,West,Furniture,Tables,Chromcraft Round Table Pro,334.76,1.0,0.1,53.72
1880,US-2022-102548,2022-12-18,"December 19, 2022",Carlos Lee,Consumer,West,Furniture,Chairs,Harbour Creations Chair Value,290.52,1.0,0.0,99.12
1881,US-2023-100287,05/09/2023,08-Sep-2023,,Consumer,Central,Technology,Accessories,SanDisk USB Drive Pro,40.56,1.0,0.2,15.91
1882,US-2022-100822,2022-10-16,"October 18, 2022",Nina Rodriguez,Consumer,Central,Office Supplies,Appliances,Honeywell Fan Deluxe,242.89,3.0,0.0,101.6
1883,US-2021-103076,01/25/2021,27/01/2021,Liam Young,Home Office,East,Office Supplies,Art,Sharpie Marker Set Deluxe,28.34,3.0,0.15,14.18
1884,US-2024-101667,12/04/2024,05/12/2024,Liam Kumar,Home Office,West,Office Supplies,Supplies,Stanley Hole Punch Deluxe,26.75,2.0,0.4,7.52
1885,US-2023-102039,06/06/2023,07-Jun-2023,Mateo Johnson,Corporate,South,Office Supplies,Labels,Avery Label Set Deluxe,16.25,2.0,0.0,11.08
1886,US-2024-100696,11/01/2024,18-Jan-2024,Emma Chen,Consumer,West,Furniture,Furnishings,Tenex Chairmat Pro,40.21,1.0,0.4,3.46
1887,US-2024-101964,27/10/2024,29-Oct-2024,Kavya Thomas,Consumer,West,Furniture,Tables,Bevis Table Standard,509.08,2.0,0.1,93.05
1888,US-2022-100760,2022-08-05,"August 09, 2022",Noah Wright,Corporate,West,Office Supplies,Envelopes,Poly String Envelope Classic,12.04,1.0,0.0,7.35
1889,US-2022-101417,"January 07, 2022",01/13/2022,Yusuf Clark,Home Office,Central,Technology,Accessories,SanDisk USB Drive Standard,54.81,1.0,0.0,27.26
1890,US-2023-102664,11-Jan-2023,2023-01-14,Hannah Chen,Consumer,East,Technology,Copiers,Canon imageCLASS Copier Classic,3623.34,2.0,0.0,735.42
1891,US-2024-101659,2024-08-31,"September 04, 2024",Priya Wright,Corporate,Central,Furniture,Chairs,Global Deluxe Chair Value,342.25,2.0,0.3,-3.06
1892,US-2024-102530,05/11/2024,12-Nov-2024,Laura Rodriguez,Consumer,Central,Office Supplies,Supplies,Elmer's Glue Pack Pro,21.99,1.0,0.1,10.26
1893,US-2022-102952,12/29/2022,05/01/2023,Mia Kumar,Corporate,Central,Office Supplies,Art,Prismacolor Pencils Deluxe,58.31,4.0,0.1,30.57
1894,US-2022-100358,"November 17, 2022",11/20/2022,Isabella Wright,Home Office,East,Office Supplies,Binders,GBC Binding System Pro,12.46,1.0,0.3,5.4
1895,US-2021-101467,10/18/2021,21/10/2021,Wei Wilson,Consumer,East,Office Supplies,Fasteners,Bostitch Staples Value,29.03,4.0,0.1,19.13
1896,US-2023-101395,"June 16, 2023",06/18/2023,Nina Walker,Consumer,Central,Office Supplies,Art,Prismacolor Pencils Classic,47.39,5.0,0.2,24.26
1897,US-2024-100074,22/11/2024,26-Nov-2024,Liam Brown,Consumer,Central,Office Supplies,Appliances,Honeywell Fan Classic,485.29,3.0,0.0,178.88
1898,US-2024-103066,03/09/2024,06-Sep-2024,Amit Kumar,Home Office,West,Office Supplies,Paper,Xerox Multipurpose Paper Value,61.0,5.0,0.0,39.81
1899,US-2022-101400,27-Oct-2022,2022-10-30,Maria Smith,Corporate,Central,Office Supplies,Labels,Avery Label Set Pro,7.95,1.0,0.0,5.23
1900,US-2021-102922,"February 12, 2021",02/16/2021,Omar Kumar,Consumer,Central,Office Supplies,Paper,Boise Copy Paper Classic,53.56,4.0,0.0,35.07
1901,US-2021-102216,27/04/2021,30-Apr-2021,Ravi Garcia,Consumer,West,Furniture,Chairs,Hon Task Chair Classic,99.6,1.0,0.15,17.45
1902,US-2023-101641,20-Jun-2023,2023-06-25,James Rodriguez,Consumer,South,Office Supplies,Supplies,Stanley Hole Punch Classic,68.53,3.0,0.0,37.37
1903,US-2023-101898,01/02/2023,03-Feb-2023,Daniel Clark,Corporate,South,Technology,Machines,Lexmark Printer Standard,2286.26,5.0,0.4,-604.04
1904,US-2023-101573,26-May-2023,2023-05-30,Ethan Clark,Consumer,West,Office Supplies,Art,Sharpie Marker Set Standard,23.36,2.0,0.15,12.17
1905,US-2021-102709,07-Jul-2021,2021-07-11,Ananya King,Home Office,Central,Technology,Accessories,Logitech Mouse Value,49.34,1.0,0.0,22.18
1906,US-2023-100517,14/09/2023,18-Sep-2023,Wei Thomas,Home Office,West,Furniture,Tables,Bevis Table Pro,1292.25,3.0,0.1,203.66
1907,US-2021-103190,07/20/2021,25/07/2021,Priya Thomas,Consumer,Central,Office Supplies,Storage,Fellowes File Cart Classic,180.47,2.0,0.1,62.94
1908,US-2023-100624,06-Mar-2023,2023-03-10,Priya Rodriguez,Home Office,Central,Technology,Phones,Apple iPhone Accessory Pro,2507.36,6.0,0.0,739.27
1909,US-2024-102484,08/15/2024,20/08/2024,Priya Walker,Consumer,Central,Office Supplies,Labels,Avery Label Set Value,15.77,2.0,0.0,11.17
1910,US-2021-102264,11/04/2021,14-Apr-2021,Maria Wilson,Home Office,West,Office Supplies,Fasteners,Bostitch Staples Pro,11.68,2.0,0.2,7.56
1911,US-2023-100209,12/15/2023,18/12/2023,,Consumer,South,Office Supplies,Binders,Wilson Jones Binder Classic,14.43,1.0,0.1,8.0
1912,US-2024-100694,29-Jan-2024,2024-02-02,Ethan Garcia,Consumer,West,Office Supplies,Fasteners,Bostitch Staples Value,4.13,1.0,0.5,1.95
1913,US-2021-102513,04/07/2021,07-Jul-2021,Lucas Davis,Corporate,West,Office Supplies,Binders,Acco Binder Value,39.94,4.0,0.5,9.0
1914,US-2022-100584,"August 26, 2022",09/02/2022,Ethan Kumar,Consumer,East,Furniture,Bookcases,Bush Classic Bookcase Standard,592.62,4.0,0.5,-277.78
1915,US-2022-101476,2022-01-27,"January 31, 2022",Yusuf King,Corporate,East,Office Supplies,Storage,SAFCO Storage Bin Pro,178.44,3.0,0.2,49.21
1916,US-2024-102850,17-May-2024,2024-05-22,Nina Kumar,Consumer,West,Office Supplies,Binders,GBC Binding System Classic,46.35,5.0,0.4,13.94
1917,US-2021-101526,"April 09, 2021",04/16/2021,Olivia Chen,Corporate,Central,Technology,Copiers,Hewlett Packard Copier Deluxe,2274.48,2.0,0.1,303.26
1918,US-2022-101398,03-May-2022,2022-05-07,Olivia Johnson,Corporate,West,Technology,Machines,Zebra Label Printer Standard,534.51,1.0,0.5,-281.27
1919,US-2024-101340,2024-02-29,"March 01, 2024",Yusuf Walker,Consumer,East,Furniture,Chairs,Global Deluxe Chair Deluxe,301.39,3.0,0.4,-49.62
1920,US-2021-103120,07/07/2021,10-Jul-2021,Hannah Walker,Consumer,Central,Office Supplies,Supplies,Elmer's Glue Pack Value,45.48,2.0,0.15,19.91
1921,US-2024-103315,13-Oct-2024,2024-10-14,Nina Davis,Corporate,West,Furniture,Bookcases,Sauder Bookcase Pro,642.39,5.0,0.4,-130.72
1922,US-2021-101127,2021-09-01,"September 04, 2021",Daniel Clark,Consumer,East,Technology,Phones,Apple iPhone Accessory Pro,969.41,2.0,0.0,292.85
1923,US-2022-100342,14/05/2022,18-May-2022,Hannah Davis,Corporate,East,Office Supplies,Envelopes,Poly String Envelope Standard,44.71,4.0,0.0,26.21
1924,US-2023-103134,20/01/2023,22-Jan-2023,Priya Brown,Consumer,South,Office Supplies,Envelopes,Kraft Clasp Envelope Deluxe,34.88,3.0,0.15,18.13
1925,US-2024-101708,25-Jan-2024,2024-01-28,Hannah Patel,Consumer,Central,Furniture,Furnishings,Eldon Desk Lamp Value,45.34,1.0,0.15,14.91
1926,US-2023-101366,17/01/2023,23-Jan-2023,Isabella Kumar,Consumer,South,Office Supplies,Supplies,Elmer's Glue Pack Standard,19.16,1.0,0.0,10.96
1927,US-2024-102484,2024-08-15,"August 20, 2024",Priya Walker,Consumer,Central,Office Supplies,Envelopes,Kraft Clasp Envelope Value,12.02,1.0,0.0,7.28
1928,US-2023-101006,02/13/2023,16/02/2023,Kavya Lee,Corporate,South,Office Supplies,Labels,Avery Label Set Classic,7.16,1.0,0.15,4.53
1929,US-2024-101693,"May 15, 2024",05/19/2024,Isabella Davis,Consumer,East,Technology,Phones,Cisco IP Phone Pro,762.46,2.0,0.0,270.57
1930,US-2024-103005,2024-07-28,"August 02, 2024",Maria Martinez,Consumer,West,Office Supplies,Envelopes,Poly String Envelope Pro,11.5,1.0,0.0,7.05
1931,US-2022-102178,27-Jan-2022,2022-01-31,Chloe Anderson,Corporate,West,Office Supplies,Paper,HP Premium Paper Value,32.63,3.0,0.0,20.91
1932,US-2022-100192,09-Jun-2022,2022-06-12,Noah Kumar,Home Office,West,Office Supplies,Binders,Wilson Jones Binder Standard,109.15,5.0,0.0,65.19
1933,US-2024-102701,26/10/2024,31-Oct-2024,Olivia Martinez,Home Office,East,Office Supplies,Art,Prismacolor Pencils Deluxe,6.9,1.0,0.6,0.31
1934,US-2024-102424,30-Jan-2024,2024-02-02,Omar Garcia,Consumer,West,Technology,Machines,Lexmark Printer Pro,3936.01,5.0,0.15,453.78
1935,US-2022-101037,02/11/2022,08-Nov-2022,Omar Anderson,Corporate,West,Office Supplies,Paper,Xerox Multipurpose Paper Classic,11.25,1.0,0.2,6.23
1936,US-2022-102088,10/06/2022,08/10/2022,Ananya Wilson,Home Office,South,Office Supplies,Fasteners,Bostitch Staples Deluxe,7.94,1.0,0.0,5.6
1937,US-2022-102345,04/08/2022,14/04/2022,Daniel Garcia,Corporate,Central,Furniture,Bookcases,Sauder Bookcase Deluxe,239.76,1.0,0.0,70.36
1938,US-2022-100752,"October 25, 2022",11/01/2022,Yusuf King,Consumer,West,Office Supplies,Art,Sharpie Marker Set Pro,83.33,5.0,0.0,50.1
1939,US-2021-102757,"November 28, 2021",12/02/2021,Emma Young,Home Office,West,Technology,Phones,Apple iPhone Accessory Deluxe,160.24,1.0,0.1,33.7
1940,US-2024-100860,07/29/2024,01/08/2024,Sofia Brown,Consumer,Central,Technology,Phones,Apple iPhone Accessory Deluxe,358.12,1.0,0.0,
1941,US-2024-101474,01-Aug-2024,2024-08-05,Kavya Patel,Consumer,South,Office Supplies,Art,Prismacolor Pencils Value,12.67,1.0,0.0,7.27
1942,US-2021-100669,09/03/2021,07/09/2021,Kenji Chen,Home Office,East,Office Supplies,Fasteners,ACCO Fasteners Value,31.49,4.0,0.0,21.82
1943,US-2021-100915,01/30/2021,01/02/2021,Carlos Clark,Consumer,West,Technology,Machines,Cubify 3D Printer Pro,555.65,4.0,0.8,-1572.02
1944,US-2021-102943,17-Aug-2021,2021-08-24,Daniel Garcia,Consumer,Central,Office Supplies,Storage,SAFCO Storage Bin Standard,371.68,4.0,0.15,117.76
1945,US-2022-102582,03/08/2022,11/03/2022,Carlos Walker,Consumer,South,Furniture,Tables,Bevis Table Value,637.16,3.0,0.5,-327.31
1946,US-2022-103100,"April 17, 2022",04/21/2022,Arjun Young,Consumer,South,Office Supplies,Binders,Acco Binder Deluxe,20.96,1.0,0.0,11.74
1947,US-2022-102716,"December 07, 2022",12/10/2022,Liam Wright,Consumer,East,Furniture,Bookcases,Bush Classic Bookcase Standard,595.02,2.0,0.3,24.26
1948,US-2022-102014,04/10/2022,14/04/2022,Ravi Garcia,Consumer,East,Office Supplies,Art,Sharpie Marker Set Classic,7.42,1.0,0.2,3.63
1949,US-2023-101877,12/26/2023,31/12/2023,Sofia Walker,Consumer,Central,Technology,Machines,Cubify 3D Printer Classic,3817.08,3.0,0.0,914.71
1950,US-2023-102907,2023-03-03,"March 05, 2023",Chloe Young,Consumer,East,Office Supplies,Paper,Boise Copy Paper Classic,8.14,1.0,0.0,5.25
1951,US-2021-102699,06/02/2021,07/06/2021,Ethan Johnson,Consumer,Central,Technology,Accessories,Belkin Cable Pro,52.34,1.0,0.2,20.1
1952,US-2023-102441,2023-03-25,"April 01, 2023",Kenji Walker,Consumer,Central,Office Supplies,Paper,Xerox Multipurpose Paper Deluxe,42.21,3.0,0.0,27.06
1953,US-2023-100258,2023-07-10,"July 13, 2023",Emma Garcia,Corporate,East,Office Supplies,Appliances,Hoover Vacuum Pro,810.56,6.0,0.1,271.54
1954,US-2022-102678,27/04/2022,01-May-2022,Laura Young,Corporate,West,Office Supplies,Appliances,Avanti Refrigerator Value,239.13,2.0,0.15,77.0
1955,US-2021-102129,30-Oct-2021,2021-11-03,Zoe Nair,Consumer,East,Technology,Copiers,Hewlett Packard Copier Classic,1339.28,1.0,0.15,83.2
1956,US-2021-102279,01/30/2021,06/02/2021,Yusuf Clark,Corporate,East,Furniture,Chairs,Harbour Creations Chair Pro,153.17,1.0,0.15,31.51
1957,US-2021-100842,"May 08, 2021",05/15/2021,Chloe Young,Corporate,East,Furniture,Tables,Bretford Conference Table Pro,1116.68,4.0,0.2,26.23
1958,US-2022-100262,31-Jul-2022,2022-08-04,Priya Wright,Consumer,West,Furniture,Furnishings,Tenex Chairmat Value,135.17,,0.0,59.34
1959,US-2021-102990,"September 27, 2021",10/04/2021,Daniel Wright,Consumer,Central,Technology,Phones,Samsung Galaxy Dock Classic,126.59,1.0,0.6,-90.89
1960,US-2022-101342,22/05/2022,29-May-2022,Wei Wilson,Consumer,East,Office Supplies,Labels,Avery Label Set Pro,16.85,3.0,0.3,9.18
1961,US-2021-102998,08-Oct-2021,2021-10-11,Olivia Thomas,Corporate,East,Office Supplies,Labels,Avery Label Set Standard,9.69,2.0,0.4,3.73
1962,US-2022-101776,01-Nov-2022,2022-11-05,Laura Anderson,Corporate,West,Furniture,Bookcases,Bush Classic Bookcase Classic,1921.92,6.0,0.0,607.75
1963,US-2023-103090,12-May-2023,2023-05-15,Grace Martinez,Consumer,West,Office Supplies,Labels,Avery Label Set Deluxe,26.08,,0.4,11.24
1964,US-2022-100011,06/03/2022,10-Mar-2022,Yusuf Wilson,Corporate,South,Office Supplies,Appliances,Avanti Refrigerator Deluxe,88.4,1.0,0.3,8.93
1965,US-2021-102888,2021-03-10,"March 13, 2021",Amit Davis,Corporate,West,Office Supplies,Paper,HP Premium Paper Classic,62.46,4.0,0.0,40.47
1966,US-2022-101476,27/01/2022,31-Jan-2022,Yusuf King,Corporate,East,Office Supplies,Storage,SAFCO Storage Bin Pro,53.29,1.0,0.2,13.78
1967,US-2023-101995,04/19/2023,22/04/2023,Hannah Smith,Corporate,West,Office Supplies,Art,Sharpie Marker Set Classic,13.84,1.0,0.0,7.57
1968,US-2022-100563,2022-11-30,"December 03, 2022",Chloe Johnson,Corporate,East,Furniture,Furnishings,Fellowes Wall Clock Pro,110.56,4.0,0.0,48.26
1969,US-2022-103212,"January 13, 2022",01/19/2022,Yusuf Lee,Consumer,Central,Office Supplies,Envelopes,Kraft Clasp Envelope Standard,11.0,1.0,0.3,5.35
1970,US-2024-101855,2024-10-20,"October 26, 2024",Mia Walker,Consumer,Central,Office Supplies,Storage,SAFCO Storage Bin Value,68.37,1.0,0.2,16.11
1971,US-2021-100142,14-Feb-2021,2021-02-16,Zoe Lee,Consumer,Central,Office Supplies,Envelopes,Poly String Envelope Value,79.19,6.0,0.1,46.76
1972,US-2024-102455,10-Jan-2024,2024-01-15,Emma Patel,Consumer,East,Furniture,Chairs,Harbour Creations Chair Pro,377.71,3.0,0.3,7.96
1973,US-2024-100210,2024-11-19,"November 20, 2024",Nina Wright,Corporate,West,Furniture,Chairs,Global Deluxe Chair Value,1053.75,5.0,0.0,317.1
1974,US-2021-103231,12/22/2021,26/12/2021,Laura Kumar,Corporate,Central,Office Supplies,Labels,Avery Label Set Deluxe,23.73,3.0,0.0,15.86
1975,US-2023-102427,2023-09-14,"September 20, 2023",Omar Clark,Consumer,West,Office Supplies,Appliances,Avanti Refrigerator Deluxe,75.97,1.0,0.1,22.16
1976,US-2024-103138,2024-12-11,"December 14, 2024",Omar Lee,Consumer,West,Furniture,Tables,Bevis Table Classic,512.65,1.0,0.1,90.9
1977,US-2024-101136,2024-08-11,"August 14, 2024",Mia Chen,Consumer,Central,Office Supplies,Paper,Boise Copy Paper Value,9.88,4.0,0.7,-2.21
1978,US-2021-101053,11/01/2021,04/11/2021,Maria Davis,Consumer,West,Technology,Machines,Cubify 3D Printer Classic,1332.15,2.0,0.2,30.8
1979,US-2024-102394,"April 15, 2024",04/17/2024,Ananya Thomas,Home Office,South,Technology,Machines,Zebra Label Printer Value,859.87,1.0,0.0,184.99
1980,US-2023-102667,13/09/2023,16-Sep-2023,Kavya Garcia,Consumer,Central,Office Supplies,Fasteners,ACCO Fasteners Pro,12.22,5.0,0.7,-0.83
1981,US-2023-103027,20/12/2023,24-Dec-2023,Olivia Wilson,Consumer,East,Technology,Machines,Lexmark Printer Classic,276.43,1.0,0.15,30.01
1982,US-2024-101401,06/01/2024,10-Jan-2024,Yusuf King,Consumer,Central,Technology,Phones,Cisco IP Phone Classic,167.24,1.0,0.5,-61.8
1983,US-2023-102414,09-Feb-2023,2023-02-13,Amit Anderson,Consumer,West,Office Supplies,Supplies,Elmer's Glue Pack Deluxe,18.17,1.0,0.3,6.58
1984,US-2024-102914,"July 12, 2024",07/17/2024,Kenji Davis,Corporate,South,Technology,Accessories,Belkin Cable Pro,169.77,4.0,0.1,82.32
1985,US-2023-100946,03-Jul-2023,2023-07-08,Chloe Chen,Corporate,South,Office Supplies,Labels,Avery Label Set Value,12.79,2.0,0.2,7.35
1986,US-2021-101023,"July 04, 2021",07/07/2021,Emma Wright,Consumer,East,Furniture,Furnishings,Eldon Desk Lamp Deluxe,108.71,2.0,0.0,
1987,US-2024-101253,22-Sep-2024,2024-09-26,Sofia Kumar,Corporate,East,Office Supplies,Appliances,Honeywell Fan Pro,129.51,3.0,0.8,-244.77
1988,US-2024-102946,"April 19, 2024",04/23/2024,Daniel Wright,Consumer,West,Technology,Machines,Cubify 3D Printer Value,519.48,1.0,0.2,34.53
1989,US-2021-102861,02-Jul-2021,2021-07-03,Isabella Brown,Consumer,East,Office Supplies,Art,Sharpie Marker Set Classic,34.75,2.0,0.2,16.45
1990,US-2024-103285,18-Mar-2024,2024-03-23,Arjun Rodriguez,Consumer,Central,Office Supplies,Storage,Fellowes File Cart Pro,57.2,1.0,0.3,12.66
1991,US-2021-101355,07/10/2021,10-Oct-2021,Priya Nair,Consumer,Central,Office Supplies,Supplies,Stanley Hole Punch Classic,15.84,1.0,0.2,7.17
1992,US-2024-102182,06-Apr-2024,2024-04-11,Lucas Kumar,Consumer,East,Furniture,Chairs,Hon Task Chair Value,135.82,1.0,0.3,1.98
1993,US-2023-101900,2023-04-15,"April 22, 2023",Maria Young,Corporate,West,Office Supplies,Art,Prismacolor Pencils Value,24.31,2.0,0.3,9.3
1994,US-2024-100285,2024-10-03,"October 05, 2024",Laura Walker,Corporate,South,Office Supplies,Paper,Boise Copy Paper Deluxe,12.73,1.0,0.1,7.2
1995,US-2023-102844,"October 15, 2023",10/18/2023,Chloe Kumar,Consumer,West,Office Supplies,Storage,SAFCO Storage Bin Standard,106.52,2.0,0.4,2.5
1996,US-2021-102537,"August 24, 2021",08/28/2021,Liam Lee,Home Office,East,Office Supplies,Storage,IRIS Storage Box Deluxe,52.6,1.0,0.2,13.9
1997,US-2024-100515,16-May-2024,2024-05-21,Omar Smith,Consumer,West,Technology,Machines,Lexmark Printer Value,5184.83,6.0,0.0,1082.89
1998,US-2024-100601,01/01/2024,04/01/2024,James Wright,Consumer,East,Furniture,Tables,Bevis Table Standard,354.67,1.0,0.0,93.93
1999,US-2022-102075,03/10/2022,08-Oct-2022,Grace Nair,Consumer,South,Furniture,Tables,Bevis Table Deluxe,250.77,1.0,0.3,-22.95
2000,US-2021-100827,"March 01, 2021",03/04/2021,Priya Johnson,Corporate,Central,Furniture,Chairs,Harbour Creations Chair Value,229.64,1.0,0.15,52.8
2001,US-2021-101862,2021-04-24,"April 30, 2021",Isabella Martinez,Consumer,East,Office Supplies,Binders,GBC Binding System Pro,36.09,2.0,,17.68
2002,US-2022-101899,"February 22, 2022",02/26/2022,Olivia Lee,Corporate,East,Furniture,Tables,Bretford Conference Table Classic,334.85,1.0,0.15,35.12
2003,US-2021-101862,24-Apr-2021,2021-04-30,Isabella Martinez,Consumer,East,Furniture,Chairs,Harbour Creations Chair Pro,86.17,3.0,0.8,-204.68
2004,US-2021-102917,"February 13, 2021",02/17/2021,Chloe Anderson,Corporate,East,Office Supplies,Binders,Acco Binder Standard,37.62,2.0,0.0,22.48
2005,US-2021-100815,27-Jun-2021,2021-07-01,Priya Davis,Home Office,Central,Furniture,Tables,Chromcraft Round Table Pro,258.66,2.0,0.6,-226.45
2006,US-2024-102734,02/02/2024,07/02/2024,Maria Martinez,Consumer,South,Office Supplies,Labels,Avery Label Set Deluxe,8.76,1.0,0.15,5.19
2007,US-2023-100293,05/26/2023,29/05/2023,Lucas Thomas,Home Office,West,Office Supplies,Appliances,Honeywell Fan Standard,469.71,3.0,0.0,185.37
2008,US-2024-100843,09-Dec-2024,2024-12-13,Kavya Lee,Consumer,Central,Technology,Machines,Zebra Label Printer Deluxe,690.41,2.0,0.4,-224.69
2009,US-2022-102833,01/10/2022,14/01/2022,Zoe Wright,Corporate,Central,Office Supplies,Labels,Avery Label Set Pro,2.57,1.0,0.7,-0.05
2010,US-2023-100016,2023-11-10,"November 14, 2023",Priya Chen,Consumer,West,Furniture,Chairs,Harbour Creations Chair Classic,221.88,1.0,0.0,74.76
2011,US-2021-102337,"March 16, 2021",03/20/2021,Arjun Smith,Consumer,East,Furniture,Furnishings,Eldon Desk Lamp Pro,38.96,1.0,0.0,18.42
2012,US-2023-101507,16-Mar-2023,2023-03-20,Ananya King,Corporate,East,Furniture,Furnishings,Fellowes Wall Clock Pro,114.82,3.0,0.2,32.81
2013,US-2024-100733,07-Sep-2024,2024-09-11,Emma King,Consumer,South,Office Supplies,Binders,Wilson Jones Binder Value,36.41,2.0,0.15,18.55
2014,US-2022-102335,2022-02-24,"March 03, 2022",Ethan Clark,Consumer,South,Office Supplies,Supplies,Stanley Hole Punch Standard,80.04,4.0,0.1,41.25
2015,US-2023-100667,"September 03, 2023",09/08/2023,Mateo Martinez,Home Office,West,Office Supplies,Fasteners,ACCO Fasteners Deluxe,2.35,2.0,0.8,-1.24
2016,US-2024-102592,01/12/2024,16/01/2024,Maria Clark,Consumer,East,Office Supplies,Appliances,Hoover Vacuum Deluxe,165.88,1.0,0.0,
2017,US-2024-100922,12-Dec-2024,2024-12-14,Grace Smith,Home Office,East,Office Supplies,Appliances,Honeywell Fan Pro,682.37,6.0,0.0,268.86
2018,US-2024-102893,01/04/2024,07/01/2024,Omar Martinez,Consumer,West,Office Supplies,Storage,Fellowes File Cart Deluxe,416.14,5.0,0.15,126.63
2019,US-2021-102534,"July 11, 2021",07/15/2021,James Garcia,Consumer,East,Office Supplies,Labels,Avery Label Set Standard,46.4,6.0,0.0,31.64
2020,US-2023-102695,03/08/2023,08-Aug-2023,Chloe Thomas,Consumer,West,Office Supplies,Fasteners,Bostitch Staples Pro,10.38,2.0,0.2,6.48
2021,US-2024-102880,2024-04-14,"April 18, 2024",Liam Garcia,Home Office,East,Office Supplies,Storage,Fellowes File Cart Standard,66.04,1.0,0.15,23.25
2022,US-2023-103150,12/18/2023,19/12/2023,Lucas Wilson,Consumer,Central,Furniture,Furnishings,Tenex Chairmat Pro,44.52,1.0,0.3,9.04
2023,US-2023-102267,17/11/2023,24-Nov-2023,Daniel Nair,Home Office,Central,Furniture,Tables,Bretford Conference Table Deluxe,491.69,2.0,0.3,-52.45
2024,US-2022-100251,"July 17, 2022",07/20/2022,Liam Anderson,Consumer,West,Furniture,Bookcases,O'Sullivan Bookcase Deluxe,310.28,1.0,0.15,43.09
2025,US-2021-101664,2021-05-30,"June 02, 2021",Liam Walker,Consumer,West,Technology,Accessories,Logitech Mouse Classic,89.32,3.0,0.1,39.86
2026,US-2021-102406,04/17/2021,22/04/2021,Zoe Clark,Home Office,East,Office Supplies,Supplies,Stanley Hole Punch Classic,30.98,1.0,0.0,16.34
2027,US-2022-102085,"September 03, 2022",09/06/2022,Arjun Brown,Consumer,Central,Office Supplies,Binders,GBC Binding System Standard,62.28,4.0,0.0,37.4
2028,US-2021-103120,"July 07, 2021",07/10/2021,Hannah Walker,Consumer,Central,Office Supplies,Binders,Acco Binder Deluxe,22.85,1.0,0.0,14.41
2029,US-2023-102166,"November 11, 2023",11/12/2023,Liam Chen,Consumer,South,Office Supplies,Fasteners,ACCO Fasteners Value,19.32,2.0,0.1,12.67
2030,US-2024-101585,04/20/2024,22/04/2024,Priya Martinez,Home Office,West,Office Supplies,Appliances,Honeywell Fan Classic,340.18,2.0,0.0,128.61
2031,US-2024-101661,2024-07-19,"July 24, 2024",Laura Brown,Consumer,West,Office Supplies,Binders,GBC Binding System Standard,18.63,1.0,0.3,
2032,US-2021-102358,2021-07-11,"July 15, 2021",Arjun Wilson,Corporate,East,Technology,Phones,Samsung Galaxy Dock Classic,1370.16,4.0,0.2,225.78
2033,US-2023-102410,12/19/2023,26/12/2023,Liam Clark,Corporate,Central,Office Supplies,Fasteners,ACCO Fasteners Value,4.72,1.0,0.0,
2034,US-2024-101621,09/03/2024,14-Mar-2024,Maria Smith,Corporate,East,Technology,Machines,Cubify 3D Printer Standard,907.36,1.0,0.1,104.79
2035,US-2021-103263,11/12/2021,15-Dec-2021,Nina Anderson,Consumer,South,Furniture,Furnishings,Eldon Desk Lamp Value,223.64,5.0,0.1,81.66
2036,US-2023-101283,17-May-2023,2023-05-23,Sofia Clark,Consumer,West,Office Supplies,Appliances,Hoover Vacuum Value,87.93,1.0,0.3,12.49
2037,US-2022-102228,19-Dec-2022,2022-12-23,Ethan Lee,Consumer,West,Office Supplies,Supplies,Elmer's Glue Pack Standard,8.59,1.0,0.7,-4.29
2038,US-2021-100660,07-Aug-2021,2021-08-11,Mia Chen,Consumer,West,Office Supplies,Appliances,Avanti Refrigerator Pro,686.92,6.0,0.0,272.17
2039,US-2021-103195,"October 06, 2021",10/09/2021,James Rodriguez,Home Office,South,Furniture,Furnishings,Fellowes Wall Clock Deluxe,285.24,4.0,0.1,109.09
2040,US-2024-100237,10/22/2024,25/10/2024,Ethan Martinez,Consumer,West,Office Supplies,Labels,Sharpie Label Tape Standard,7.86,1.0,0.15,4.89
2041,US-2023-101625,22-Jan-2023,2023-01-26,Nina Young,Home Office,East,Office Supplies,Envelopes,Poly String Envelope Value,12.8,2.0,0.5,2.89
2042,US-2023-102989,05/26/2023,30/05/2023,Chloe Patel,Corporate,Central,Office Supplies,Storage,Fellowes File Cart Pro,486.61,5.0,0.0,209.68
2043,US-2022-100093,05/15/2022,19/05/2022,Nina Rodriguez,Corporate,West,Furniture,Furnishings,Tenex Chairmat Standard,45.7,1.0,0.0,22.21
2044,US-2022-102277,14-Mar-2022,2022-03-17,Mia Young,Corporate,East,Office Supplies,Envelopes,Poly String Envelope Deluxe,11.46,1.0,0.1,7.01
2045,US-2021-103106,07-Jan-2021,2021-01-11,Lucas Walker,Home Office,South,Furniture,Bookcases,Sauder Bookcase Pro,1171.01,4.0,0.0,323.46
2046,US-2023-100113,18/08/2023,21-Aug-2023,Hannah Anderson,Home Office,West,Office Supplies,Art,Sharpie Marker Set Value,,2.0,0.6,-0.94
2047,US-2024-100356,2024-07-04,"July 07, 2024",Priya Wright,consumer,West,Furniture,Chairs,Global Deluxe Chair Standard,494.37,3.0,0.1,110.98
2048,US-2022-100381,"February 09, 2022",02/13/2022,Ethan King,Consumer,West,Office Supplies,Art,Sharpie Marker Set Standard,11.83,1.0,0.1,6.15
2049,US-2022-102333,"April 12, 2022",04/19/2022,Isabella Young,Consumer,Central,Office Supplies,Storage,IRIS Storage Box Standard,187.85,3.0,0.2,48.49
2050,US-2021-103302,2021-10-05,"October 09, 2021",Sofia Kumar,Consumer,East,Technology,Accessories,Logitech Mouse Value,27.34,1.0,0.2,9.47
2051,US-2022-102864,2022-02-12,"February 16, 2022",Maria King,Corporate,West,Furniture,Furnishings,Tenex Chairmat Value,53.2,1.0,0.0,22.93
2052,US-2022-100190,2022-03-30,"April 05, 2022",Mateo Kumar,Corporate,West,Office Supplies,Supplies,Stanley Hole Punch Pro,15.2,1.0,0.3,5.5
2053,US-2023-103072,14/04/2023,18-Apr-2023,Noah Kumar,Corporate,Central,Office Supplies,Binders,GBC Binding System Standard,15.8,1.0,0.0,9.64
2054,US-2023-101669,2023-11-08,"November 12, 2023",Carlos King,Corporate,Central,Furniture,Tables,Chromcraft Round Table Pro,629.78,2.0,0.2,27.87
2055,US-2023-102690,"June 07, 2023",06/10/2023,Mia Young,Consumer,East,Furniture,Bookcases,Bush Classic Bookcase Value,1265.44,5.0,0.0,373.25
2056,US-2022-100280,"October 12, 2022",10/14/2022,Priya Martinez,Home Office,East,Furniture,Tables,Chromcraft Round Table Standard,862.55,2.0,0.0,251.54
2057,US-2024-102182,"April 06, 2024",04/11/2024,Lucas Kumar,Consumer,East,Office Supplies,Labels,Avery Label Set Classic,6.72,1.0,0.3,3.61
2058,US-2024-101716,11/02/2024,16-Feb-2024,Amit Chen,Consumer,Central,Office Supplies,Appliances,Honeywell Fan Standard,346.4,2.0,0.0,137.19
2059,US-2022-100020,24-Jun-2022,2022-07-01,Lucas Kumar,Home Office,West,Furniture,Chairs,Harbour Creations Chair Value,372.45,2.0,0.15,77.87
2060,US-2022-102243,18-May-2022,2022-05-20,Emma Smith,Corporate,West,Office Supplies,Envelopes,Kraft Clasp Envelope Standard,46.76,3.0,0.2,28.22
2061,US-2022-103100,17-Apr-2022,2022-04-21,Arjun Young,Consumer,South,Technology,Copiers,Canon imageCLASS Copier Value,4332.96,3.0,0.3,-739.4
2062,US-2023-101875,09/24/2023,30/09/2023,Omar Johnson,Consumer,South,Office Supplies,Storage,IRIS Storage Box Classic,96.22,2.0,0.1,36.89
2063,US-2022-100857,01/06/2022,05-Jun-2022,Liam Wright,Corporate,West,Technology,Machines,Zebra Label Printer Deluxe,1658.37,2.0,0.0,327.41
2064,US-2021-102254,22-Mar-2021,2021-03-25,Daniel Smith,Consumer,Central,Technology,Copiers,Canon imageCLASS Copier Pro,1139.9,1.0,0.2,19.79
2065,US-2021-103280,"April 03, 2021",04/07/2021,Zoe Wilson,Consumer,Central,Furniture,Furnishings,Eldon Desk Lamp Classic,71.38,1.0,0.0,33.29
2066,US-2022-101014,2022-03-13,"March 19, 2022",Yusuf Rodriguez,Consumer,West,Office Supplies,Envelopes,Kraft Clasp Envelope Value,58.35,4.0,0.1,32.94
2067,US-2024-102729,15-May-2024,2024-05-16,Yusuf Smith,Consumer,West,Furniture,Chairs,Global Deluxe Chair Pro,506.95,2.0,0.0,146.25
2068,US-2023-103006,07/07/2023,13/07/2023,Ethan Anderson,Consumer,Central,Office Supplies,Envelopes,Kraft Clasp Envelope Deluxe,30.54,2.0,0.1,18.52
2069,US-2024-100837,05/05/2024,11/05/2024,Ethan Thomas,Consumer,West,Technology,Phones,Samsung Galaxy Dock Deluxe,795.45,4.0,0.2,75.81
2070,US-2021-102889,08/02/2021,10-Feb-2021,Olivia Davis,Consumer,East,Office Supplies,Art,Prismacolor Pencils Standard,59.5,4.0,0.0,36.85
2071,US-2022-100101,2022-02-02,"February 05, 2022",Olivia Davis,Corporate,Central,Office Supplies,Labels,Avery Label Set Pro,10.11,1.0,0.0,6.82
2072,US-2023-100316,2023-10-29,"November 02, 2023",Olivia Davis,Consumer,Central,Technology,Accessories,Belkin Cable Value,68.32,2.0,0.0,31.85
2073,US-2023-102002,01/30/2023,02/02/2023,Ethan Garcia,Consumer,Central,Technology,Copiers,Canon imageCLASS Copier Value,2324.39,3.0,0.3,-352.07
2074,US-2021-102541,05/09/2021,09-Sep-2021,Daniel Johnson,Consumer,East,Technology,Copiers,Canon imageCLASS Copier Deluxe,1300.33,1.0,0.2,-14.26
2075,US-2022-102038,10/15/2022,18/10/2022,Laura Kumar,Corporate,Central,Office Supplies,Storage,IRIS Storage Box Deluxe,344.36,3.0,0.0,142.3
2076,US-2024-100403,27/12/2024,28-Dec-2024,Mateo Davis,Corporate,South,Furniture,Furnishings,Tenex Chairmat Deluxe,55.63,1.0,0.0,25.65
2077,US-2022-101565,22-Mar-2022,2022-03-26,Olivia King,Consumer,West,Furniture,Tables,Bevis Table Standard,425.57,1.0,0.0,110.98
2078,US-2024-101263,2024-08-04,"August 06, 2024",Carlos Davis,Consumer,West,Office Supplies,Envelopes,Poly String Envelope Classic,16.78,2.0,0.2,8.19
2079,US-2021-101081,2021-12-18,"December 23, 2021",Grace Nair,Corporate,South,Furniture,Furnishings,Fellowes Wall Clock Classic,494.48,6.0,0.0,226.92
2080,US-2021-102916,12/20/2021,25/12/2021,Sofia Garcia,Consumer,Central,Office Supplies,Paper,Xerox Multipurpose Paper Value,6.22,1.0,0.5,2.25
2081,US-2021-101676,23-Mar-2021,2021-03-26,Laura Young,Consumer,West,Office Supplies,Envelopes,Kraft Clasp Envelope Classic,10.96,1.0,0.1,6.38
2082,US-2024-102851,"October 14, 2024",10/18/2024,Nina Smith,Consumer,South,Technology,Copiers,Hewlett Packard Copier Value,1935.09,3.0,0.2,17.98
2083,US-2023-102869,27/04/2023,03-May-2023,Yusuf Brown,Consumer,South,Office Supplies,Envelopes,Kraft Clasp Envelope Value,10.59,1.0,0.0,6.78
2084,US-2024-100918,"November 20, 2024",11/24/2024,Carlos Clark,Home Office,West,Office Supplies,Paper,Xerox Multipurpose Paper Pro,97.96,5.0,0.0,63.22
2085,US-2022-101560,"November 10, 2022",11/13/2022,Ravi King,Corporate,Central,Furniture,Furnishings,Tenex Chairmat Pro,72.98,2.0,0.2,21.86
2086,US-2022-100208,2022-01-29,"February 01, 2022",Emma Garcia,Consumer,Central,Office Supplies,Appliances,Avanti Refrigerator Value,323.29,2.0,0.0,127.98
2087,US-2024-101335,"September 19, 2024",09/22/2024,Zoe Johnson,Consumer,South,Office Supplies,Binders,GBC Binding System Deluxe,22.59,2.0,0.1,12.74
2088,US-2021-101441,30/11/2021,07-Dec-2021,Mia Patel,Consumer,East,Office Supplies,Appliances,Hoover Vacuum Value,150.58,2.0,0.15,47.66
2089,US-2022-103085,2022-10-10,"October 14, 2022",Amit Wilson,Corporate,Central,Office Supplies,Art,Newell Scissors Classic,6.7,3.0,0.8,-5.53
2090,US-2021-102994,"September 13, 2021",09/16/2021,Daniel Smith,Corporate,Central,Office Supplies,Fasteners,Bostitch Staples Pro,12.4,2.0,0.0,8.9
2091,US-2024-102390,01/20/2024,23/01/2024,Maria Wright,Home Office,West,Office Supplies,Art,Prismacolor Pencils Pro,38.7,5.0,0.6,-0.07
2092,US-2022-100628,03/10/2022,13/03/2022,Liam Kumar,Consumer,South,Office Supplies,Binders,GBC Binding System Value,41.74,4.0,0.2,20.85
2093,US-2022-101910,23-Oct-2022,2022-10-27,James King,Consumer,East,Office Supplies,Fasteners,Bostitch Staples Pro,12.26,3.0,0.3,6.72
2094,US-2021-103036,2021-09-07,"September 13, 2021",Kavya Davis,Corporate,South,Office Supplies,Envelopes,Poly String Envelope Pro,2.33,1.0,0.8,-2.09
2095,US-2021-101040,07/02/2021,06/07/2021,Chloe Kumar,Consumer,South,Furniture,Bookcases,Sauder Bookcase Value,1277.73,4.0,0.0,346.65
2096,US-2022-103180,07-Nov-2022,2022-11-08,Emma Anderson,Home Office,East,Furniture,Bookcases,Bush Classic Bookcase Standard,545.39,2.0,0.0,162.93
2097,US-2023-101051,09-Jan-2023,2023-01-15,Kenji Clark,Consumer,South,Office Supplies,Envelopes,Kraft Clasp Envelope Value,15.48,6.0,0.3,7.78
2098,US-2024-100713,04/05/2024,09/04/2024,Omar Nair,Consumer,East,Technology,Machines,Lexmark Printer Standard,742.22,1.0,0.2,12.87
2099,US-2022-101119,"August 06, 2022",08/10/2022,Yusuf King,Corporate,Central,Office Supplies,Binders,Wilson Jones Binder Classic,12.24,1.0,0.2,6.5
2100,US-2023-101204,11/08/2023,09/11/2023,Ravi Walker,Corporate,Central,Furniture,Tables,Bevis Table Classic,123.43,1.0,0.7,-196.94
2101,US-2022-101199,2022-11-25,"November 30, 2022",Kenji Brown,Home Office,South,Office Supplies,Labels,Sharpie Label Tape Deluxe,10.65,1.0,0.0,7.07
2102,US-2024-102199,"May 27, 2024",06/01/2024,Noah Martinez,Consumer,Central,Office Supplies,Binders,Wilson Jones Binder Standard,14.07,1.0,0.2,6.76
2103,US-2023-100879,13-Jun-2023,2023-06-20,Ravi Chen,Corporate,East,Furniture,Chairs,Hon Task Chair Classic,157.85,1.0,0.15,30.43
2104,US-2022-100189,"May 14, 2022",05/21/2022,Isabella King,Corporate,West,Office Supplies,Art,Sharpie Marker Set Pro,50.52,3.0,0.0,28.8
2105,US-2023-100384,"March 07, 2023",03/14/2023,Daniel Lee,Consumer,West,Technology,Phones,Samsung Galaxy Dock Pro,590.07,3.0,0.0,180.56
2106,US-2023-101309,18-May-2023,2023-05-23,Mateo Martinez,Home Office,Central,Technology,Machines,Zebra Label Printer Value,1885.88,3.0,0.0,391.6
2107,US-2023-100674,"August 01, 2023",08/04/2023,Mateo Smith,Home Office,Central,Office Supplies,Storage,IRIS Storage Box Deluxe,311.17,3.0,0.2,96.0
2108,US-2022-101484,20-Dec-2022,2022-12-25,Omar Rodriguez,Corporate,East,Office Supplies,Art,Prismacolor Pencils Classic,17.41,3.0,0.6,-0.84
2109,US-2022-102201,03/23/2022,26/03/2022,Mateo Martinez,Home Office,Central,Office Supplies,Envelopes,Poly String Envelope Classic,34.61,2.0,0.0,22.99
2110,US-2024-102727,13/01/2024,19-Jan-2024,Kenji Thomas,Consumer,South,Office Supplies,Fasteners,Bostitch Staples Standard,9.6,2.0,0.3,5.37
2111,US-2024-102182,04/06/2024,11/04/2024,Lucas Kumar,Consumer,East,Office Supplies,Appliances,Avanti Refrigerator Pro,59.61,1.0,0.5,-11.74
2112,US-2021-103250,17-Sep-2021,2021-09-24,Chloe Wilson,Consumer,East,Furniture,Chairs,Hon Task Chair Standard,513.85,2.0,0.0,152.77
2113,US-2022-100752,25/10/2022,01-Nov-2022,Yusuf King,Consumer,West,Office Supplies,Paper,HP Premium Paper Pro,11.38,1.0,0.0,7.7
2114,US-2023-101633,"February 16, 2023",02/21/2023,Sofia Clark,Consumer,West,Technology,Phones,Cisco IP Phone Pro,330.04,2.0,0.3,4.61
2115,US-2022-102222,26-Dec-2022,2022-12-29,Omar Wright,Consumer,South,Office Supplies,Art,Newell Scissors Value,23.36,2.0,0.3,8.93
2116,US-2022-101439,03-Feb-2022,2022-02-06,Arjun Patel,Consumer,South,Office Supplies,Appliances,Hoover Vacuum Pro,299.89,2.0,0.1,85.0
2117,US-2024-100900,21/06/2024,24-Jun-2024,Chloe Young,Home Office,Central,Furniture,Chairs,Global Deluxe Chair Deluxe,190.23,1.0,0.3,-1.81
2118,US-2024-100824,"January 17, 2024",01/20/2024,Chloe Young,Consumer,Central,Furniture,Tables,Chromcraft Round Table Deluxe,2198.28,5.0,0.0,522.48
2119,US-2024-102478,06/06/2024,10-Jun-2024,Olivia Kumar,Consumer,Central,Office Supplies,Paper,Boise Copy Paper Deluxe,17.89,3.0,0.15,10.41
2120,US-2024-100612,"June 16, 2024",06/20/2024,Yusuf Anderson,Home Office,East,Furniture,Chairs,Harbour Creations Chair Value,165.6,2.0,0.7,-206.04
2121,US-2024-103308,"March 15, 2024",03/16/2024,Liam Garcia,Corporate,Central,Office Supplies,Storage,SAFCO Storage Bin Value,344.3,4.0,0.0,152.52
2122,US-2023-102386,08/12/2023,16/08/2023,Daniel Johnson,Corporate,West,Office Supplies,Labels,Avery Label Set Pro,14.94,2.0,0.15,8.79
2123,US-2023-101280,2023-05-19,"May 24, 2023",Carlos Davis,Corporate,Central,Office Supplies,Labels,Avery Label Set Deluxe,5.2,1.0,0.5,1.96
2124,US-2021-100544,06-Aug-2021,2021-08-09,Priya Brown,Consumer,West,Technology,Accessories,Logitech Mouse Standard,129.61,5.0,0.4,18.39
2125,US-2024-102180,09/06/2024,11-Jun-2024,Laura Garcia,Corporate,West,Furniture,Tables,Bretford Conference Table Pro,42.97,1.0,0.8,-115.9
2126,US-2023-100997,2023-07-31,"August 03, 2023",Maria Johnson,Consumer,East,Office Supplies,Binders,Wilson Jones Binder Pro,31.91,2.0,0.1,17.67
2127,US-2023-101038,01/23/2023,28/01/2023,Sofia Lee,Consumer,Central,Office Supplies,Storage,Fellowes File Cart Value,35.08,1.0,0.2,9.85
2128,US-2023-101588,"January 03, 2023",01/06/2023,Lucas Walker,Consumer,Central,Office Supplies,Art,Prismacolor Pencils Standard,33.38,5.0,0.5,6.67
2129,US-2024-101033,12/01/2024,06/12/2024,Arjun Walker,Home Office,South,Technology,Phones,Samsung Galaxy Dock Classic,458.56,2.0,0.3,6.87
2130,US-2024-100971,16/11/2024,22-Nov-2024,Chloe Garcia,Consumer,West,Technology,Copiers,Hewlett Packard Copier Deluxe,2921.49,3.0,,-122.88
2131,US-2022-102045,"May 13, 2022",05/17/2022,Wei Kumar,Corporate,West,Office Supplies,Labels,Avery Label Set Deluxe,18.69,3.0,0.2,10.36
2132,US-2023-100249,2023-10-27,"November 02, 2023",Kenji Johnson,Corporate,Central,Furniture,Tables,Bretford Conference Table Deluxe,424.09,1.0,0.0,92.75
2133,US-2024-101076,"April 14, 2024",04/20/2024,Wei Walker,Home Office,Central,Office Supplies,Storage,Fellowes File Cart Classic,112.01,4.0,0.7,-110.49
2134,US-2022-102643,14/07/2022,21-Jul-2022,Ethan Garcia,Corporate,East,Technology,Copiers,Canon imageCLASS Copier Deluxe,4593.68,2.0,0.0,824.83
2135,US-2023-101507,2023-03-16,"March 20, 2023",Ananya King,Corporate,East,Technology,Accessories,Logitech Mouse Deluxe,80.14,2.0,0.1,35.95
2136,US-2022-101830,"July 18, 2022",07/23/2022,Daniel Johnson,Consumer,East,Furniture,Chairs,Hon Task Chair Value,337.26,2.0,0.1,78.93
2137,US-2023-101872,01/10/2023,14/01/2023,Laura Rodriguez,Corporate,South,Furniture,Chairs,Hon Task Chair Pro,441.78,3.0,0.0,141.84
2138,US-2024-103016,2024-11-05,"November 12, 2024",Priya Brown,Consumer,West,Office Supplies,Envelopes,Kraft Clasp Envelope Classic,30.18,3.0,0.0,19.12
2139,US-2023-102176,03/02/2023,05/03/2023,Nina King,Consumer,Central,Office Supplies,Supplies,Stanley Hole Punch Classic,18.56,1.0,0.0,9.96
2140,US-2023-101731,22-May-2023,2023-05-26,Yusuf Nair,Consumer,West,Technology,Accessories,SanDisk USB Drive Value,146.76,2.0,0.0,74.87
2141,US-2023-103015,"April 17, 2023",04/20/2023,Mateo Brown,Consumer,West,Office Supplies,Supplies,Stanley Hole Punch Standard,20.21,1.0,0.1,10.6
2142,US-2022-101959,2022-10-21,"October 27, 2022",Amit Davis,Corporate,West,Technology,Machines,Cubify 3D Printer Value,1813.06,2.0,0.0,392.97
2143,US-2024-103002,2024-02-09,"February 12, 2024",Mateo Kumar,Consumer,East,Office Supplies,Binders,Wilson Jones Binder Pro,47.35,3.0,0.1,26.52
2144,US-2022-101195,2022-01-13,"January 16, 2022",Zoe Smith,Consumer,South,Office Supplies,Labels,Avery Label Set Standard,2.12,1.0,0.7,-0.21
2145,US-2024-102719,03-Nov-2024,2024-11-07,Sofia Chen,Home Office,East,Office Supplies,Art,Prismacolor Pencils Standard,9.19,1.0,0.0,5.35
2146,US-2021-100663,02/26/2021,04/03/2021,Priya Patel,Consumer,Central,Office Supplies,Envelopes,Poly String Envelope Classic,9.93,1.0,0.0,6.09
2147,US-2024-100485,"January 31, 2024",02/03/2024,Zoe Nair,Home Office,East,Office Supplies,Binders,Acco Binder Pro,34.96,2.0,0.0,20.74
2148,US-2024-103296,2024-11-22,"November 26, 2024",Wei Walker,Consumer,South,Office Supplies,Storage,Fellowes File Cart Deluxe,161.27,3.0,0.2,44.79
2149,US-2022-102466,"September 03, 2022",09/08/2022,Laura Wright,Consumer,East,Office Supplies,Supplies,Stanley Hole Punch Standard,92.25,3.0,0.0,51.42
2150,US-2022-101009,28-Jun-2022,2022-06-29,Maria Anderson,Corporate,East,Office Supplies,Appliances,Avanti Refrigerator Value,438.09,4.0,0.1,138.81
2151,US-2024-101360,22-Oct-2024,2024-10-27,Emma Young,Corporate,South,Office Supplies,Appliances,Honeywell Fan Pro,93.63,1.0,0.4,2.83
2152,US-2021-100079,10/05/2021,07/10/2021,Amit Rodriguez,Consumer,South,Technology,Machines,Cubify 3D Printer Pro,215.8,2.0,0.8,-617.55
2153,US-2024-101735,28/08/2024,03-Sep-2024,Chloe Kumar,Corporate,East,Office Supplies,Storage,SAFCO Storage Bin Classic,78.52,1.0,0.2,18.04
2154,US-2022-102037,2022-06-02,"June 09, 2022",Noah Walker,Corporate,East,Office Supplies,Envelopes,Poly String Envelope Classic,13.25,1.0,0.0,8.29
2155,US-2021-102999,26/04/2021,01-May-2021,James Davis,Consumer,East,Office Supplies,Art,Newell Scissors Deluxe,28.72,2.0,0.0,15.91
2156,US-2021-100704,2021-07-29,"August 02, 2021",Olivia Wilson,Consumer,East,Office Supplies,Storage,Fellowes File Cart Standard,489.74,4.0,0.1,169.02
2157,US-2022-101849,2022-02-07,"February 09, 2022",Priya Patel,Consumer,Central,Office Supplies,Fasteners,ACCO Fasteners Classic,9.15,1.0,0.0,6.01
2158,US-2021-100530,"January 10, 2021",01/15/2021,Ethan Wilson,Corporate,West,Furniture,Chairs,Hon Task Chair Value,741.98,6.0,0.2,104.74
2159,US-2021-101367,12-Jan-2021,2021-01-17,Chloe Brown,Consumer,West,Office Supplies,Appliances,Hoover Vacuum Pro,353.26,3.0,0.3,56.51
2160,US-2024-101925,"May 01, 2024",05/06/2024,Wei Johnson,Home Office,East,Office Supplies,Art,Newell Scissors Deluxe,47.82,4.0,0.15,24.63
2161,US-2024-100484,12-Jan-2024,2024-01-14,Arjun Anderson,Consumer,West,Office Supplies,Storage,SAFCO Storage Bin Value,24.72,1.0,0.8,-46.52
2162,US-2023-100667,09/03/2023,08/09/2023,Mateo Martinez,Home Office,West,Office Supplies,Paper,Boise Copy Paper Pro,10.12,1.0,0.1,6.11
2163,US-2022-102505,03-Mar-2022,2022-03-06,James Thomas,Consumer,West,Office Supplies,Supplies,Stanley Hole Punch Standard,24.44,1.0,0.1,12.88
2164,US-2024-102778,11/01/2024,05/11/2024,James Kumar,Consumer,West,Furniture,Bookcases,Bush Classic Bookcase Standard,541.82,2.0,0.0,146.37
2165,US-2022-100754,24/04/2022,29-Apr-2022,Noah Martinez,Home Office,West,Furniture,Chairs,Harbour Creations Chair Deluxe,518.51,6.0,0.4,-46.85
2166,US-2024-100591,2024-10-01,"October 06, 2024",Chloe Rodriguez,Consumer,South,Technology,Machines,Zebra Label Printer Value,584.25,1.0,0.0,130.08
2167,US-2024-101732,2024-12-17,"December 19, 2024",Priya Martinez,Corporate,Central,Furniture,Tables,Bevis Table Pro,1015.36,2.0,0.0,256.6
2168,US-2021-101034,17/04/2021,18-Apr-2021,Grace Kumar,Consumer,East,Furniture,Furnishings,Eldon Desk Lamp Pro,76.35,1.0,0.0,31.9
2169,US-2023-101404,"June 08, 2023",06/12/2023,Chloe Garcia,Corporate,West,Technology,Copiers,Canon imageCLASS Copier Classic,5689.12,4.0,0.1,684.63
2170,US-2021-100207,"July 11, 2021",07/18/2021,Grace Clark,Corporate,South,Furniture,Chairs,Global Deluxe Chair Classic,253.68,4.0,0.7,-311.65
2171,US-2021-102584,"December 05, 2021",12/08/2021,Laura Clark,Consumer,West,Office Supplies,Binders,Acco Binder Deluxe,18.14,1.0,0.0,10.48
2172,US-2022-103204,06/16/2022,21/06/2022,Liam Kumar,Home Office,Central,Furniture,Furnishings,Eldon Desk Lamp Classic,44.47,1.0,0.0,19.45
2173,US-2021-102330,03-Jan-2021,2021-01-06,Priya Brown,Corporate,West,Office Supplies,Binders,Acco Binder Pro,20.62,2.0,0.2,10.38
2174,US-2023-100881,19/01/2023,22-Jan-2023,Mia Thomas,Consumer,West,Office Supplies,Envelopes,Kraft Clasp Envelope Standard,9.86,1.0,0.0,6.03
2175,US-2021-102120,08/19/2021,22/08/2021,Wei Davis,Corporate,West,Furniture,Furnishings,Fellowes Wall Clock Value,130.0,2.0,0.1,51.3
2176,US-2023-100735,"December 30, 2023",01/01/2024,Daniel Rodriguez,Home Office,South,Office Supplies,Labels,Sharpie Label Tape Classic,33.96,3.0,0.0,21.79
2177,US-2022-102190,18/04/2022,23-Apr-2022,Emma Wright,Corporate,West,Office Supplies,Envelopes,Kraft Clasp Envelope Deluxe,34.05,2.0,0.0,20.21
2178,US-2021-103190,2021-07-20,"July 25, 2021",Priya Thomas,Consumer,Central,Technology,Accessories,Logitech Mouse Value,251.21,6.0,0.0,118.73
2179,US-2023-100033,06-Aug-2023,2023-08-11,Emma Chen,Corporate,Central,Furniture,Furnishings,Fellowes Wall Clock Standard,100.87,2.0,0.1,37.71
2180,US-2024-103275,2024-03-18,"March 22, 2024",Mateo Davis,Consumer,West,Office Supplies,Fasteners,ACCO Fasteners Deluxe,11.14,1.0,0.0,7.51
2181,US-2024-102131,2024-08-14,"August 18, 2024",Ethan Rodriguez,Consumer,Central,Technology,Machines,Zebra Label Printer Pro,1658.41,2.0,0.0,325.67
2182,US-2024-101785,22-Jul-2024,2024-07-27,Ananya Wright,Consumer,East,Office Supplies,Fasteners,Bostitch Staples Classic,27.34,3.0,0.15,17.21
2183,US-2023-102926,30/08/2023,04-Sep-2023,Mateo Kumar,Corporate,South,Office Supplies,Appliances,Honeywell Fan Pro,686.9,4.0,0.0,280.24
2184,US-2023-100945,08/09/2023,15-Sep-2023,Laura Johnson,Consumer,West,Office Supplies,Binders,Wilson Jones Binder Value,29.86,2.0,0.2,15.54
2185,US-2024-100877,30/08/2024,02-Sep-2024,Grace Smith,Consumer,East,Technology,Phones,Cisco IP Phone Classic,855.16,2.0,0.1,224.76
2186,US-2022-100870,14/01/2022,21-Jan-2022,Laura Patel,Corporate,South,Office Supplies,Fasteners,ACCO Fasteners Classic,31.43,6.0,0.2,20.64
2187,US-2022-102409,11-May-2022,2022-05-14,Olivia Young,Consumer,South,Office Supplies,Paper,HP Premium Paper Value,23.13,2.0,0.1,13.52
2188,US-2024-101249,"October 19, 2024",10/23/2024,Arjun Garcia,Corporate,East,Office Supplies,Paper,Boise Copy Paper Standard,20.34,3.0,0.15,12.69
2189,US-2024-103094,12/10/2024,12/12/2024,Olivia Wright,Corporate,East,Office Supplies,Supplies,Elmer's Glue Pack Pro,44.44,2.0,0.0,24.17
2190,US-2021-103313,"January 13, 2021",01/19/2021,Mia Clark,Corporate,West,Office Supplies,Envelopes,Kraft Clasp Envelope Deluxe,8.97,2.0,0.5,2.72
2191,US-2022-102663,06/21/2022,25/06/2022,Isabella Johnson,Consumer,West,Office Supplies,Supplies,Stanley Hole Punch Value,12.47,1.0,0.3,4.61
2192,US-2022-100251,07/17/2022,20/07/2022,Liam Anderson,Consumer,West,Technology,Phones,Apple iPhone Accessory Standard,478.74,2.0,0.3,0.33
2193,US-2021-102219,"March 28, 2021",04/04/2021,Wei Lee,Consumer,East,Technology,Machines,Cubify 3D Printer Pro,3184.33,6.0,0.4,-1060.62
2194,US-2024-100944,"September 27, 2024",09/30/2024,Liam King,Home Office,Central,Furniture,Furnishings,Tenex Chairmat Standard,48.31,1.0,0.2,13.85
2195,US-2023-102499,"October 07, 2023",10/12/2023,Hannah Thomas,Home Office,East,Office Supplies,Supplies,Elmer's Glue Pack Value,9.37,1.0,0.7,-5.65
2196,US-2023-100945,2023-09-08,"September 15, 2023",Laura Johnson,Consumer,West,Office Supplies,Appliances,Honeywell Fan Standard,113.78,1.0,0.2,26.38
2197,US-2023-101742,2023-08-28,"September 01, 2023",Carlos Young,Corporate,Central,Office Supplies,Storage,IRIS Storage Box Deluxe,546.47,4.0,0.0,230.63
2198,US-2023-100580,"March 08, 2023",03/11/2023,Emma Walker,Home Office,East,Technology,Accessories,Belkin Cable Standard,44.76,1.0,0.2,16.94
2199,US-2023-100743,"March 30, 2023",04/04/2023,Kavya Brown,Corporate,East,Office Supplies,Appliances,Avanti Refrigerator Pro,646.69,4.0,0.3,60.53
2200,US-2024-101325,"November 17, 2024",11/22/2024,Omar Chen,Corporate,South,Office Supplies,Appliances,Hoover Vacuum Standard,108.78,1.0,0.0,46.03
2201,US-2024-101928,04/14/2024,17/04/2024,Yusuf Garcia,Corporate,West,Furniture,Bookcases,O'Sullivan Bookcase Value,164.17,1.0,0.15,27.28
2202,US-2024-102890,"December 26, 2024",01/02/2025,Hannah Garcia,Home Office,Central,Technology,Copiers,Hewlett Packard Copier Pro,4344.25,3.0,0.0,633.06
2203,US-2023-102494,2023-07-25,"July 29, 2023",Ravi Wright,Consumer,South,Office Supplies,Supplies,Elmer's Glue Pack Value,17.52,1.0,0.0,9.08
2204,US-2022-100887,23-Apr-2022,2022-04-27,Kenji Chen,Corporate,South,Office Supplies,Storage,IRIS Storage Box Deluxe,60.82,1.0,0.5,-8.7
2205,US-2023-100260,19/10/2023,22-Oct-2023,Laura Anderson,Consumer,East,Furniture,Furnishings,Eldon Desk Lamp Standard,73.83,1.0,0.0,31.54
2206,US-2022-101812,24/03/2022,27-Mar-2022,Noah Patel,Home Office,West,Office Supplies,Envelopes,Poly String Envelope Deluxe,50.51,3.0,0.0,30.75
2207,US-2024-103032,"September 06, 2024",09/09/2024,Kenji King,Consumer,East,Furniture,Tables,Bretford Conference Table Value,776.11,2.0,0.15,85.11
2208,US-2023-102245,2023-11-02,"November 05, 2023",Chloe Clark,Home Office,South,Office Supplies,Art,Sharpie Marker Set Value,28.98,4.0,0.6,1.97
2209,US-2021-100921,10/11/2021,12/10/2021,Amit Lee,Home Office,West,Technology,Machines,Lexmark Printer Classic,351.69,1.0,0.3,-36.31
2210,US-2021-103000,07/07/2021,12/07/2021,Kenji Chen,Home Office,Central,Furniture,Furnishings,Tenex Chairmat Deluxe,25.26,1.0,0.6,-9.5
2211,US-2023-100685,02/20/2023,25/02/2023,Daniel Anderson,Consumer,West,Technology,Accessories,SanDisk USB Drive Value,165.23,3.0,0.0,73.86
2212,US-2024-102006,05/17/2024,22/05/2024,Lucas Anderson,Home Office,East,Office Supplies,Appliances,Avanti Refrigerator Standard,525.44,4.0,0.3,72.15
2213,US-2024-101258,09-Sep-2024,2024-09-16,Zoe Wilson,Home Office,West,Furniture,Tables,Bretford Conference Table Standard,269.68,1.0,0.4,-68.72
2214,US-2024-100786,"November 26, 2024",11/29/2024,Mia Garcia,Home Office,East,Technology,Copiers,Hewlett Packard Copier Pro,1379.74,1.0,0.1,132.64
2215,US-2023-101204,2023-11-08,"November 09, 2023",Ravi Walker,Corporate,Central,Office Supplies,Fasteners,ACCO Fasteners Pro,14.13,2.0,0.0,9.69
2216,US-2024-101754,12/16/2024,20/12/2024,Olivia Kumar,Consumer,West,Office Supplies,Envelopes,Poly String Envelope Value,32.02,3.0,0.2,16.81
2217,US-2023-101458,11/03/2023,07/11/2023,Ethan Wilson,Corporate,South,Furniture,Bookcases,O'Sullivan Bookcase Standard,187.45,1.0,0.3,-9.25
2218,US-2022-101612,28-Apr-2022,2022-04-30,Priya Chen,Home Office,West,Office Supplies,Storage,SAFCO Storage Bin Standard,85.93,1.0,0.0,33.0
2219,US-2022-102305,2022-01-15,"January 18, 2022",Grace King,Home Office,West,Office Supplies,Fasteners,ACCO Fasteners Deluxe,5.61,1.0,0.2,3.34
2220,US-2021-101741,"March 04, 2021",03/09/2021,Amit Nair,Consumer,West,Office Supplies,Fasteners,Bostitch Staples Deluxe,12.02,2.0,0.15,8.28
2221,US-2023-100238,"March 27, 2023",03/31/2023,Mateo Wilson,Consumer,South,Office Supplies,Paper,Xerox Multipurpose Paper Standard,25.51,2.0,0.0,16.11
2222,US-2023-100560,10/16/2023,18/10/2023,Carlos Smith,Corporate,West,Office Supplies,Appliances,Honeywell Fan Classic,334.88,2.0,0.0,125.46
2223,US-2022-100476,05/03/2022,05/05/2022,Chloe Thomas,Consumer,South,Office Supplies,Binders,Wilson Jones Binder Standard,34.93,2.0,0.1,20.79
2224,US-2023-101768,"April 01, 2023",04/05/2023,Kavya Smith,Consumer,West,Furniture,Chairs,Harbour Creations Chair Deluxe,522.82,2.0,0.3,30.74
2225,US-2023-100148,09/14/2023,15/09/2023,Omar Anderson,Corporate,South,Office Supplies,Appliances,Hoover Vacuum Deluxe,1006.8,6.0,0.0,377.46
2226,US-2022-103299,2022-08-18,"August 23, 2022",Emma Martinez,Home Office,West,Technology,Machines,Lexmark Printer Pro,1857.01,4.0,0.2,116.89
2227,US-2023-100383,20-Jan-2023,2023-01-23,Mateo Brown,Consumer,East,Office Supplies,Fasteners,Bostitch Staples Value,19.67,2.0,0.0,13.73
2228,US-2023-101047,20-Mar-2023,2023-03-27,Yusuf Martinez,Consumer,South,Furniture,Chairs,Harbour Creations Chair Standard,656.79,4.0,0.0,192.97
2229,US-2024-102225,31/07/2024,04-Aug-2024,Nina Garcia,Corporate,West,Office Supplies,Art,Newell Scissors Deluxe,30.32,4.0,0.4,10.33
2230,US-2023-101334,10/02/2023,03/10/2023,Hannah Thomas,Home Office,East,Office Supplies,Supplies,Stanley Hole Punch Standard,15.16,1.0,0.15,6.85
2231,US-2022-102164,2022-03-14,"March 18, 2022",Noah Nair,Corporate,East,Furniture,Furnishings,Tenex Chairmat Deluxe,159.41,3.0,0.15,52.13
2232,US-2021-101846,12/30/2021,06/01/2022,Maria Wright,Home Office,West,Office Supplies,Binders,Wilson Jones Binder Pro,72.85,5.0,0.3,32.94
2233,US-2023-100016,10/11/2023,14-Nov-2023,Priya Chen,Consumer,West,Office Supplies,Storage,Fellowes File Cart Deluxe,403.8,5.0,0.2,114.55
2234,US-2023-100650,"August 24, 2023",08/30/2023,Kenji Wright,Consumer,West,Office Supplies,Envelopes,Poly String Envelope Pro,91.03,5.0,0.0,56.46
2235,US-2023-101655,"December 17, 2023",12/22/2023,Omar Johnson,Corporate,West,Office Supplies,Fasteners,Bostitch Staples Pro,7.68,1.0,0.0,5.58
2236,US-2024-101721,"February 29, 2024",03/07/2024,Grace Kumar,Consumer,East,Office Supplies,Supplies,Elmer's Glue Pack Classic,22.16,1.0,0.1,10.63
2237,US-2021-100065,05-Apr-2021,2021-04-08,Emma Nair,Corporate,South,Technology,Phones,Samsung Galaxy Dock Classic,481.62,2.0,0.0,150.42
2238,US-2023-101707,05/30/2023,05/06/2023,Wei Davis,Home Office,Central,Office Supplies,Fasteners,Bostitch Staples Pro,2.25,,0.7,0.05
2239,US-2023-100035,09/13/2023,20/09/2023,Noah Lee,Corporate,West,Furniture,Bookcases,Bush Classic Bookcase Pro,557.41,2.0,0.0,152.85
2240,US-2023-100783,20/06/2023,22-Jun-2023,Ravi Anderson,Corporate,West,Office Supplies,Envelopes,Kraft Clasp Envelope Deluxe,18.92,2.0,0.0,11.72
2241,US-2021-100412,2021-09-04,"September 07, 2021",Amit Clark,Consumer,Central,Technology,Machines,Lexmark Printer Standard,829.15,1.0,0.0,208.23
2242,US-2023-103154,18-Dec-2023,2023-12-21,Isabella Smith,Corporate,Central,Technology,Machines,Lexmark Printer Deluxe,3379.96,3.0,0.0,833.11
2243,US-2023-100735,30-Dec-2023,2024-01-01,Daniel Rodriguez,Home Office,South,Furniture,Tables,Chromcraft Round Table Value,259.21,1.0,0.3,-6.28
2244,US-2024-102288,25-Jun-2024,2024-07-01,Grace Nair,Consumer,Central,Office Supplies,Fasteners,Bostitch Staples Classic,4.07,1.0,0.4,2.08
2245,US-2022-100160,04/23/2022,26/04/2022,Mateo Garcia,Consumer,West,Office Supplies,Storage,SAFCO Storage Bin Deluxe,361.65,5.0,0.3,67.05
2246,US-2024-101529,16/09/2024,17-Sep-2024,Priya Wilson,Consumer,South,Office Supplies,Appliances,Honeywell Fan Value,432.27,5.0,0.2,103.07
2247,US-2024-101089,"August 20, 2024",08/23/2024,Isabella Nair,Home Office,West,Office Supplies,Labels,Sharpie Label Tape Classic,19.18,2.0,0.2,12.22
2248,US-2022-100406,04-Aug-2022,2022-08-08,Mateo Young,Home Office,Central,Office Supplies,Binders,Wilson Jones Binder Classic,31.65,2.0,0.1,16.96
2249,US-2021-101770,2021-10-13,"October 17, 2021",Liam Thomas,Corporate,South,Technology,Phones,Apple iPhone Accessory Pro,326.45,2.0,0.0,107.57
2250,US-2023-102450,08/22/2023,25/08/2023,Mia Patel,Consumer,West,Office Supplies,Binders,GBC Binding System Classic,59.42,3.0,0.0,37.29
2251,US-2023-100680,30-Dec-2023,2024-01-03,Carlos Thomas,Consumer,East,Technology,Phones,Samsung Galaxy Dock Standard,428.37,1.0,0.1,97.09
2252,US-2023-103300,05/21/2023,24/05/2023,Kavya Walker,Consumer,East,Office Supplies,Paper,Xerox Multipurpose Paper Standard,30.71,3.0,0.15,17.77
2253,US-2022-103292,25/08/2022,01-Sep-2022,Emma Rodriguez,Corporate,East,Furniture,Tables,Chromcraft Round Table Deluxe,249.76,1.0,0.4,-67.54
2254,US-2023-101842,2023-01-15,"January 18, 2023",Yusuf Johnson,Corporate,West,Furniture,Bookcases,Bush Classic Bookcase Value,361.53,1.0,0.0,103.2
2255,US-2022-100804,04/22/2022,28/04/2022,Hannah Anderson,Corporate,,Office Supplies,Storage,SAFCO Storage Bin Standard,63.9,1.0,0.2,18.76
2256,US-2023-101449,25-Oct-2023,2023-10-30,Lucas Wright,Consumer,East,Office Supplies,Supplies,Elmer's Glue Pack Classic,41.0,2.0,0.15,21.01
2257,US-2021-102279,2021-01-30,"February 06, 2021",Yusuf Clark,Corporate,East,Furniture,Furnishings,Eldon Desk Lamp Standard,147.75,3.0,0.0,59.19
2258,US-2023-101600,08/06/2023,12-Jun-2023,Zoe Walker,Corporate,Central,Office Supplies,Paper,Xerox Multipurpose Paper Value,11.69,3.0,0.7,-2.5
2259,US-2023-102887,30/01/2023,04-Feb-2023,Maria Brown,Consumer,East,Technology,Copiers,Canon imageCLASS Copier Deluxe,8862.67,,0.0,1662.28
2260,US-2022-102619,14/01/2022,21-Jan-2022,Kenji Lee,Consumer,West,Furniture,Furnishings,Fellowes Wall Clock Value,86.41,2.0,0.3,16.78
2261,US-2024-101745,"January 20, 2024",01/23/2024,Arjun Brown,Home Office,South,Technology,Phones,Samsung Galaxy Dock Pro,403.37,1.0,0.2,55.69
2262,US-2021-101396,"November 24, 2021",11/30/2021,Kavya Brown,Consumer,Central,Furniture,Chairs,Global Deluxe Chair Pro,388.41,2.0,0.0,125.17
2263,US-2022-102416,08/11/2022,12-Nov-2022,Kavya Patel,Corporate,East,Office Supplies,Envelopes,Poly String Envelope Value,14.16,1.0,0.2,7.54
2264,US-2023-102044,09-Nov-2023,2023-11-13,Laura Patel,Corporate,West,Office Supplies,Storage,Fellowes File Cart Standard,111.64,1.0,0.1,35.8
2265,US-2024-101471,29-Sep-2024,2024-10-04,Kavya Wright,Corporate,South,Furniture,Chairs,Global Deluxe Chair Pro,198.46,1.0,0.2,31.28
2266,US-2023-102810,04/13/2023,18/04/2023,Noah Brown,Consumer,Central,Office Supplies,Envelopes,Poly String Envelope Standard,8.07,1.0,0.5,1.56
2267,US-2022-103101,2022-07-16,"July 19, 2022",Isabella Kumar,Home Office,South,Technology,Machines,Zebra Label Printer Standard,652.2,2.0,0.6,-604.67
2268,US-2021-100047,11/27/2021,01/12/2021,Carlos Rodriguez,Corporate,Central,Office Supplies,Supplies,Elmer's Glue Pack Value,27.89,1.0,0.3,10.77
2269,US-2024-101180,20-Feb-2024,2024-02-23,Maria Anderson,Consumer,East,Office Supplies,Art,Sharpie Marker Set Standard,33.48,2.0,0.15,17.39
2270,US-2022-101020,18/02/2022,20-Feb-2022,Sofia Wilson,Consumer,East,Office Supplies,Envelopes,Poly String Envelope Standard,14.36,2.0,0.4,5.27
2271,US-2021-103141,14/06/2021,17-Jun-2021,Yusuf Kumar,Consumer,Central,Technology,Phones,Cisco IP Phone Deluxe,316.08,1.0,0.0,94.06
2272,US-2023-102560,01/25/2023,29/01/2023,Isabella Anderson,Consumer,Central,Office Supplies,Appliances,Honeywell Fan Classic,404.13,3.0,0.0,165.76
2273,US-2023-101162,01/04/2023,08/01/2023,Ravi Kumar,Corporate,West,Technology,Accessories,Belkin Cable Pro,54.16,1.0,0.0,29.16
2274,US-2021-101782,"June 19, 2021",06/26/2021,Chloe Patel,Home Office,West,Office Supplies,Art,Newell Scissors Deluxe,37.63,3.0,0.1,19.91
2275,US-2024-102326,13-Nov-2024,2024-11-16,Ananya Wilson,Home Office,Central,Office Supplies,Supplies,Elmer's Glue Pack Classic,23.85,1.0,0.3,8.25
2276,US-2021-100958,2021-11-12,"November 19, 2021",Arjun Anderson,Consumer,West,Office Supplies,Fasteners,ACCO Fasteners Pro,5.59,1.0,0.3,3.17
2277,US-2022-102515,18/12/2022,21-Dec-2022,Priya Rodriguez,Consumer,East,Office Supplies,Supplies,Elmer's Glue Pack Classic,84.05,4.0,0.2,35.97
2278,US-2021-101546,15-Dec-2021,2021-12-19,Mateo Chen,Consumer,East,Office Supplies,Fasteners,ACCO Fasteners Standard,34.97,5.0,0.0,24.83
2279,US-2021-101739,2021-01-27,"January 30, 2021",Daniel Wilson,Consumer,West,Office Supplies,Storage,IRIS Storage Box Pro,317.98,5.0,0.15,107.0
2280,US-2024-103285,18/03/2024,23-Mar-2024,Arjun Rodriguez,Consumer,Central,Office Supplies,Art,Newell Scissors Classic,13.68,1.0,0.1,7.15
2281,US-2022-102613,31-Jan-2022,2022-02-02,Hannah Anderson,Corporate,South,Technology,Copiers,Hewlett Packard Copier Standard,1654.2,1.0,0.0,303.66
2282,US-2022-100395,2022-07-03,"July 08, 2022",Nina Young,Corporate,Central,Office Supplies,Appliances,Avanti Refrigerator Deluxe,183.76,2.0,0.3,27.92
2283,US-2021-101314,01/05/2021,08-May-2021,Omar Thomas,Consumer,East,Furniture,Chairs,Harbour Creations Chair Deluxe,187.9,1.0,0.0,60.47
2284,US-2022-102003,2022-01-23,"January 26, 2022",Nina Brown,Corporate,West,Technology,Copiers,Canon imageCLASS Copier Standard,1245.95,1.0,0.15,69.4
2285,US-2021-102881,"May 12, 2021",05/17/2021,Liam Wright,Corporate,South,Furniture,Chairs,Harbour Creations Chair Standard,505.89,2.0,0.0,160.87
2286,US-2022-100609,07-Jan-2022,2022-01-08,Yusuf King,Home Office,East,Office Supplies,Supplies,Stanley Hole Punch Pro,20.64,1.0,0.15,8.94
2287,US-2024-100328,05-Feb-2024,2024-02-09,Mateo Anderson,Home Office,West,Furniture,Tables,Chromcraft Round Table Pro,1712.1,5.0,0.0,456.14
2288,US-2022-102036,"December 28, 2022",12/31/2022,Daniel Nair,Consumer,Central,Furniture,Bookcases,O'Sullivan Bookcase Value,319.65,1.0,0.0,100.96
2289,US-2023-101827,"January 21, 2023",01/25/2023,Isabella Thomas,Corporate,West,Furniture,Chairs,Hon Task Chair Classic,1573.69,6.0,0.15,286.28
2290,US-2023-100720,24-Dec-2023,2023-12-28,Liam Rodriguez,Home Office,East,Technology,Accessories,SanDisk USB Drive Value,135.84,3.0,0.3,43.93
2291,US-2021-101549,01/03/2021,04/01/2021,Priya Davis,Home Office,South,Office Supplies,Fasteners,ACCO Fasteners Standard,12.85,2.0,0.1,8.41
2292,US-2021-103003,10/14/2021,17/10/2021,Hannah Thomas,Corporate,West,Technology,Phones,Samsung Galaxy Dock Standard,372.14,1.0,0.0,108.24
2293,US-2022-100893,2022-07-15,"July 19, 2022",Liam Clark,Home Office,South,Office Supplies,Art,Newell Scissors Standard,44.84,5.0,0.0,25.78
2294,US-2024-101979,01/10/2024,05-Oct-2024,Mia Chen,Home Office,East,Office Supplies,Binders,Acco Binder Classic,38.46,3.0,0.2,19.66
2295,US-2024-102192,16/06/2024,19-Jun-2024,James Kumar,Consumer,East,Office Supplies,Appliances,Hoover Vacuum Classic,1023.15,5.0,0.0,382.6
2296,US-2024-102831,04/10/2024,08-Oct-2024,Amit King,Corporate,East,Technology,Machines,Zebra Label Printer Deluxe,1674.48,2.0,0.0,386.08
2297,US-2021-100154,07/19/2021,23/07/2021,Emma Young,Corporate,Central,Office Supplies,Labels,Sharpie Label Tape Value,8.25,1.0,0.0,5.46
2298,US-2021-101436,08-Jul-2021,2021-07-11,,Consumer,East,Furniture,Chairs,Harbour Creations Chair Deluxe,338.32,2.0,0.1,67.1
2299,US-2023-103253,03-Jun-2023,2023-06-07,Priya Lee,Corporate,East,Furniture,Chairs,Harbour Creations Chair Value,280.97,2.0,0.2,42.51
2300,US-2023-101269,06/25/2023,26/06/2023,Grace Smith,Home Office,Central,Technology,Machines,Cubify 3D Printer Deluxe,1280.06,2.0,0.3,-126.76
2301,US-2024-101578,04/03/2024,08-Mar-2024,Priya Thomas,Corporate,South,Technology,Phones,Apple iPhone Accessory Value,1044.37,4.0,0.0,353.48
2302,US-2022-101138,04/01/2022,09-Jan-2022,James Wilson,Home Office,East,Office Supplies,Fasteners,ACCO Fasteners Value,4.95,1.0,0.15,2.98
2303,US-2022-101750,09/30/2022,03/10/2022,Arjun Young,Corporate,Central,Technology,Copiers,Canon imageCLASS Copier Standard,823.24,1.0,0.2,22.17
2304,US-2022-102570,"February 23, 2022",02/26/2022,Ananya Young,Consumer,East,Office Supplies,Storage,SAFCO Storage Bin Deluxe,156.59,2.0,0.15,52.02
2305,US-2024-102357,"January 09, 2024",01/16/2024,Mia Chen,Corporate,South,Technology,Accessories,Belkin Cable Value,125.13,2.0,0.0,63.15
2306,US-2021-102933,24-Mar-2021,2021-03-28,Maria Wilson,Consumer,West, OFFICE SUPPLIES ,Appliances,Avanti Refrigerator Standard,174.41,2.0,0.0,65.69
2307,US-2022-101724,"February 13, 2022",02/19/2022,Hannah Patel,Consumer,West,Office Supplies,Supplies,Elmer's Glue Pack Pro,31.34,3.0,0.3,12.29
2308,US-2023-101058,14/12/2023,19-Dec-2023,Nina King,Consumer,East,Office Supplies,Paper,HP Premium Paper Standard,30.68,4.0,0.4,13.73
2309,US-2023-100742,01-Aug-2023,2023-08-06,Chloe Garcia,Consumer,East,Office Supplies,Envelopes,Poly String Envelope Value,12.89,2.0,0.0,7.83
2310,US-2022-102812,29/10/2022,01-Nov-2022,Grace Walker,Consumer,South,Furniture,Bookcases,Sauder Bookcase Standard,857.81,5.0,0.2,83.5
2311,US-2022-103319,21-Apr-2022,2022-04-23,Mia Walker,Consumer,South,Office Supplies,Envelopes,Poly String Envelope Standard,78.43,5.0,0.0,48.97
2312,US-2022-101308,09/29/2022,02/10/2022,Maria King,Consumer,East,Office Supplies,Supplies,Stanley Hole Punch Classic,23.69,3.0,0.5,2.7
2313,US-2023-103022,2023-07-27,"July 30, 2023",Kavya Martinez,Consumer,South,Office Supplies,Fasteners,ACCO Fasteners Value,27.19,6.0,0.0,19.4
2314,US-2024-100543,"December 06, 2024",12/10/2024,Liam Clark,Consumer,East,Office Supplies,Appliances,Avanti Refrigerator Value,152.59,2.0,0.5,-33.56
2315,US-2023-100778,"July 27, 2023",07/30/2023,Laura Davis,Home Office,East,Office Supplies,Art,Sharpie Marker Set Standard,16.4,1.0,0.1,8.85
2316,US-2021-102419,2021-04-23,"April 30, 2021",Isabella Wright,Consumer,,Office Supplies,Fasteners,Bostitch Staples Standard,20.54,6.0,0.3,12.81
2317,US-2023-100970,02-Aug-2023,2023-08-06,Kenji Chen,Consumer,Central,Office Supplies,Appliances,Hoover Vacuum Standard,168.07,2.0,0.2,37.88
2318,US-2024-100902,04-Oct-2024,2024-10-11,Kenji Johnson,Consumer,South,Furniture,Bookcases,O'Sullivan Bookcase Pro,818.7,2.0,0.0,248.73
2319,US-2024-100497,2024-05-03,"May 05, 2024",Arjun Thomas,Consumer,South,Office Supplies,Appliances,Hoover Vacuum Classic,112.25,2.0,0.3,19.97
2320,US-2024-100210,"November 19, 2024",11/20/2024,Nina Wright,Corporate,West,Office Supplies,Binders,Wilson Jones Binder Classic,20.16,3.0,0.3,9.22
2321,US-2023-100080,"July 21, 2023",07/24/2023,Mateo Thomas,Consumer,East,Office Supplies,Art,Sharpie Marker Set Classic,34.69,2.0,0.2,15.99
2322,US-2022-100173,02/10/2022,05-Oct-2022,Chloe Patel,Consumer,West,Furniture,Chairs,Hon Task Chair Classic,85.7,1.0,0.2,14.42
2323,US-2021-100925,04/16/2021,18/04/2021,Ananya Lee,Corporate,East,Technology,Accessories,SanDisk USB Drive Value,114.57,2.0,0.0,56.14
2324,US-2023-100600,"March 06, 2023",03/09/2023,Ethan Lee,Home Office,,Office Supplies,Art,Prismacolor Pencils Standard,11.34,2.0,0.2,5.28
2325,US-2023-100220,10-May-2023,2023-05-17,Grace Wright,Consumer,Central,Office Supplies,Fasteners,ACCO Fasteners Value,5.9,1.0,0.0,4.31
2326,US-2022-102983,"July 09, 2022",07/16/2022,Mia Wilson,Home Office,Central,Office Supplies,Labels,Avery Label Set Deluxe,34.02,5.0,0.0,22.89
2327,US-2022-100451,06/17/2022,20/06/2022,Zoe Kumar,Home Office,West,Furniture,Bookcases,Bush Classic Bookcase Classic,700.94,3.0,0.3,-32.53
2328,US-2023-101940,09-Jan-2023,2023-01-11,Kavya Wright,Consumer,West,Furniture,Furnishings,Tenex Chairmat Standard,154.85,4.0,0.1,62.08
2329,US-2022-103256,11/15/2022,19/11/2022,Grace Walker,Consumer,East,Office Supplies,Labels,Avery Label Set Value,8.37,1.0,0.0,5.57
2330,US-2022-101686,04-Mar-2022,2022-03-08,Hannah Kumar,Home Office,East,Office Supplies,Storage,SAFCO Storage Bin Pro,256.85,2.0,0.1,97.8
2331,US-2023-102738,04-Nov-2023,2023-11-07,Daniel Anderson,Corporate,South,Office Supplies,Envelopes,Poly String Envelope Deluxe,47.6,3.0,0.0,29.72
2332,US-2024-100837,05-May-2024,2024-05-11,Ethan Thomas,Consumer,West,Office Supplies,Envelopes,Kraft Clasp Envelope Standard,12.96,1.0,0.2,6.7
2333,US-2024-102873,03/12/2024,15/03/2024,Kenji Wright,Home Office,Central,Office Supplies,Envelopes,Kraft Clasp Envelope Pro,17.55,1.0,0.0,11.08
2334,US-2022-102904,23-Aug-2022,2022-08-27,Maria Martinez,Consumer,West,Technology,Copiers,Canon imageCLASS Copier Classic,3641.18,2.0,0.0,690.03
2335,US-2024-101153,13-Apr-2024,2024-04-16,Zoe Walker,Consumer,East,Office Supplies,Envelopes,Poly String Envelope Deluxe,30.18,2.0,0.1,17.79
2336,US-2021-101551,24/07/2021,29-Jul-2021,Olivia Thomas,Consumer,East,Office Supplies,Fasteners,Bostitch Staples Pro,37.23,5.0,0.2,23.74
2337,US-2023-102703,10/15/2023,20/10/2023,Zoe Smith,Consumer,Central,Technology,Phones,Cisco IP Phone Standard,1101.18,5.0,0.15,
2338,US-2022-102993,08/10/2022,11-Oct-2022,Kenji Clark,Consumer,South,Office Supplies,Binders,Acco Binder Deluxe,57.73,3.0,0.0,35.6
2339,US-2022-101513,"May 18, 2022",05/19/2022,Wei Brown,Corporate,West,Office Supplies,Labels,Sharpie Label Tape Deluxe,18.96,3.0,0.15,12.45
2340,US-2022-102084,04-Feb-2022,2022-02-09,Lucas Walker,Corporate,East,Office Supplies,Art,Prismacolor Pencils Standard,21.86,2.0,0.4,5.6
2341,US-2023-100035,"September 13, 2023",09/20/2023,Noah Lee,Corporate,West,Technology,Copiers,Canon imageCLASS Copier Deluxe,3400.35,2.0,0.0,652.78
2342,US-2024-100043,12/11/2024,15/12/2024,Olivia Wright,Consumer,Central,Furniture,Bookcases,O'Sullivan Bookcase Value,434.24,2.0,0.1,75.29
2343,US-2021-100473,12/26/2021,30/12/2021,Ravi Anderson,Home Office,West,Furniture,Tables,Bretford Conference Table Deluxe,453.57,2.0,0.4,-108.72
2344,US-2021-100058,05/24/2021,29/05/2021,Yusuf Thomas,Consumer,West,Office Supplies,Labels,Avery Label Set Pro,9.41,2.0,0.5,3.24
2345,US-2022-103024,15/12/2022,19-Dec-2022,Nina Walker,Consumer,South,Technology,Phones,Samsung Galaxy Dock Value,199.11,1.0,0.0,58.15
2346,US-2024-100466,2024-12-11,"December 14, 2024",Hannah Martinez,Consumer,South,Office Supplies,Fasteners,Bostitch Staples Deluxe,5.23,1.0,0.0,3.48
2347,US-2024-102987,03/03/2024,07-Mar-2024,Noah Rodriguez,Corporate,Central,Office Supplies,Supplies,Elmer's Glue Pack Deluxe,29.21,1.0,0.0,15.96
2348,US-2021-102434,14/06/2021,17-Jun-2021,Olivia Wright,Consumer,East,Technology,Machines,Zebra Label Printer Value,1939.51,3.0,0.15,273.41
2349,US-2022-101328,04-Sep-2022,2022-09-09,Kavya Garcia,Consumer,Central,Office Supplies,Appliances,Honeywell Fan Standard,322.47,2.0,0.0,129.54
2350,US-2024-101489,12/08/2024,16-Aug-2024,Ravi Johnson,Consumer,West,Office Supplies,Art,Newell Scissors Classic,34.03,3.0,0.1,19.26
2351,US-2023-102176,02-Mar-2023,2023-03-05,Nina King,Consumer,Central,Office Supplies,Labels,Avery Label Set Classic,3.75,2.0,0.8,-2.7
2352,US-2024-102054,25/07/2024,29-Jul-2024,Zoe King,Home Office,East,Office Supplies,Envelopes,Poly String Envelope Classic,18.22,1.0,0.1,10.3
2353,US-2022-101803,13-Aug-2022,2022-08-16,Carlos Wright,Consumer,West,Furniture,Furnishings,Fellowes Wall Clock Classic,48.22,1.0,0.3,9.83
2354,US-2024-102616,2024-01-14,"January 18, 2024",Kenji Smith,Consumer,Central,Office Supplies,Art,Sharpie Marker Set Value,19.16,2.0,0.1,9.59
2355,US-2021-100544,2021-08-06,"August 09, 2021",Priya Brown,Consumer,West,Office Supplies,Paper,HP Premium Paper Value,32.78,4.0,0.0,21.2
2356,US-2021-101298,16-Jun-2021,2021-06-18,Chloe Clark,Corporate,Central,Office Supplies,Supplies,Stanley Hole Punch Deluxe,152.59,6.0,0.0,81.42
2357,US-2023-101892,06/09/2023,10-Sep-2023,Arjun Walker,Consumer,West,Furniture,Bookcases,Bush Classic Bookcase Classic,130.08,1.0,0.2,9.7
2358,US-2022-101383,21/05/2022,24-May-2022,Mateo Johnson,Corporate,Central,Office Supplies,Binders,Acco Binder Standard,43.53,4.0,0.4,16.8
2359,US-2021-103156,28/01/2021,31-Jan-2021,Noah Anderson,Consumer,South,Office Supplies,Appliances,Avanti Refrigerator Classic,194.94,4.0,0.5,-47.55
2360,US-2022-100752,25-Oct-2022,2022-11-01,Yusuf King,Consumer,West,Furniture,Bookcases,Sauder Bookcase Classic,307.52,2.0,0.15,56.44
2361,US-2023-102691,05/29/2023,01/06/2023,Sofia Martinez,Corporate,East,Office Supplies,Fasteners,ACCO Fasteners Value,21.74,4.0,0.2,12.44
2362,US-2024-101921,24-Jul-2024,2024-07-30,Grace Wright,Consumer,Central,Furniture,Chairs,Harbour Creations Chair Deluxe,259.35,2.0,0.4,-28.09
2363,US-2023-100703,"October 05, 2023",10/08/2023,Noah Thomas,Consumer,East,Office Supplies,Supplies,Stanley Hole Punch Deluxe,66.39,2.0,0.0,37.66
2364,US-2023-102553,"January 12, 2023",01/14/2023,Daniel Kumar,Corporate,South,Office Supplies,Fasteners,ACCO Fasteners Value,8.33,1.0,0.0,5.9
2365,US-2022-102764,27/11/2022,30-Nov-2022,,Consumer,Central,Office Supplies,Supplies,Elmer's Glue Pack Value,21.18,1.0,0.2,8.7
2366,US-2023-100255,02-May-2023,2023-05-06,Priya Rodriguez,Corporate,South,Technology,Machines,Lexmark Printer Pro,2729.38,4.0,0.1,397.77
2367,US-2022-102660,2022-04-16,"April 21, 2022",Mateo Young,Corporate,East,Furniture,Chairs,Global Deluxe Chair Deluxe,150.53,1.0,0.15,28.44
2368,US-2023-101631,2023-02-26,"March 02, 2023",Olivia Chen,Corporate,East,Technology,Copiers,Hewlett Packard Copier Standard,6383.65,4.0,0.0,1359.67
2369,US-2024-101814,14-Jul-2024,2024-07-17,Ananya Thomas,Home Office,West,Office Supplies,Supplies,Elmer's Glue Pack Deluxe,30.5,1.0,0.1,15.96
2370,US-2022-103210,22/04/2022,28-Apr-2022,Maria Martinez,Corporate,East,Technology,Machines,Cubify 3D Printer Classic,2236.69,5.0,0.0,484.0
2371,US-2023-100629,30/04/2023,06-May-2023,Omar Thomas,Consumer,Central,Technology,Copiers,Canon imageCLASS Copier Value,1121.43,2.0,0.6,-1195.49
2372,US-2021-103036,07/09/2021,13-Sep-2021,Kavya Davis,Corporate,South,Technology,Machines,Zebra Label Printer Classic,3817.74,6.0,0.1,631.66
2373,US-2022-102600,"January 08, 2022",01/10/2022,Olivia Johnson,Consumer,South,Office Supplies,Art,Prismacolor Pencils Pro,,1.0,0.2,6.94
2374,US-2023-102618,28-Apr-2023,2023-04-30,Lucas Patel,Consumer,West,Office Supplies,Paper,HP Premium Paper Value,35.82,4.0,0.2,19.95
2375,US-2024-100843,2024-12-09,"December 13, 2024",Kavya Lee,Consumer,Central,Technology,Accessories,Belkin Cable Classic,55.0,1.0,0.15,22.29
2376,US-2022-101417,07-Jan-2022,2022-01-13,Yusuf Clark,Home Office,Central,Technology,Machines,Zebra Label Printer Pro,1470.75,2.0,0.15,108.67
2377,US-2021-103250,"September 17, 2021",09/24/2021,Chloe Wilson,Consumer,East,Furniture,Chairs,Harbour Creations Chair Pro,375.56,2.0,0.3,6.24
2378,US-2021-101590,2021-10-14,"October 21, 2021",Arjun Anderson,Consumer,Central,Furniture,Furnishings,Eldon Desk Lamp Classic,148.76,2.0,0.0,70.04
2379,US-2021-103220,"May 05, 2021",05/11/2021,Sofia Martinez,Consumer,South,Office Supplies,Supplies,Elmer's Glue Pack Standard,17.58,3.0,0.8,-18.73
2380,US-2023-103134,2023-01-20,"January 22, 2023",Priya Brown,Consumer,South,Technology,Accessories,Logitech Mouse Pro,29.93,1.0,0.1,13.34
2381,US-2021-100890,16-Dec-2021,2021-12-21,Zoe King,Consumer,Central,Technology,Copiers,Canon imageCLASS Copier Standard,3529.85,3.0,0.3,-552.18
2382,US-2021-103052,10/03/2021,07/10/2021,Kenji Walker,Corporate,West,Furniture,Bookcases,Bush Classic Bookcase Pro,379.24,2.0,0.15,56.58
2383,US-2024-103179,01/02/2024,05-Feb-2024,Ravi Anderson,Corporate,West,Office Supplies,Art,Prismacolor Pencils Deluxe,10.32,1.0,0.2,4.73
2384,US-2021-101201,04/05/2021,10/04/2021,Nina Wright,Corporate,East,Office Supplies,Binders,GBC Binding System Deluxe,79.73,5.0,0.4,26.87
2385,US-2023-102568,04/01/2023,05/04/2023,Sofia Patel,Home Office,South,Office Supplies,Supplies,Elmer's Glue Pack Classic,99.2,4.0,0.15,44.98
2386,US-2023-102685,28-Mar-2023,2023-04-01,Daniel King,Corporate,East,Furniture,Tables,Bevis Table Classic,745.6,4.0,0.5,-356.41
2387,US-2021-102732,06/11/2021,16/06/2021,Mateo Patel,Consumer,South,Technology,Accessories,Logitech Mouse Deluxe,34.45,1.0,0.3,8.87
2388,US-2021-102562,"April 01, 2021",04/05/2021,Mia Johnson,Consumer,West,Office Supplies,Art,Prismacolor Pencils Deluxe,40.79,,0.0,23.22
2389,US-2024-100004,04/21/2024,24/04/2024,Arjun Smith,Home Office,Central,Technology,Machines,Zebra Label Printer Classic,4442.31,5.0,0.0,992.54
2390,US-2023-100404,"April 06, 2023",04/12/2023,Lucas Wilson,Consumer,Central,Office Supplies,Labels,Avery Label Set Standard,13.72,,0.1,8.84
2391,US-2023-101162,"January 04, 2023",01/08/2023,Ravi Kumar,Corporate,West,Furniture,Bookcases,Sauder Bookcase Classic,964.19,4.0,0.15,119.6
2392,US-2021-103171,06-Sep-2021,2021-09-07,Ravi King,Home Office,South,Furniture,Furnishings,Fellowes Wall Clock Pro,81.04,1.0,0.0,37.32
2393,US-2022-103100,17/04/2022,21-Apr-2022,Arjun Young,Consumer,South,Office Supplies,Supplies,Elmer's Glue Pack Pro,19.74,1.0,0.15,9.13
2394,US-2023-102599,12-Feb-2023,2023-02-14,Chloe Patel,Corporate,South,Furniture,Furnishings,Fellowes Wall Clock Classic,120.74,2.0,0.15,45.88
2395,US-2024-102944,2024-06-06,"June 13, 2024",Arjun Young,Consumer,West,Office Supplies,Fasteners,ACCO Fasteners Standard,4.6,1.0,0.15,2.98
2396,US-2023-102408,11/12/2023,14-Dec-2023,Zoe Wilson,Corporate,West,Office Supplies,Envelopes,Poly String Envelope Standard,9.59,1.0,0.3,4.77
2397,US-2022-103100,04/17/2022,21/04/2022,Arjun Young,Consumer,South,Office Supplies,Envelopes,Kraft Clasp Envelope Pro,33.12,3.0,0.3,15.54
2398,US-2023-100635,18/07/2023,22-Jul-2023,Daniel King,Corporate,East,Office Supplies,Appliances,Hoover Vacuum Classic,126.23,1.0,0.0,48.57
2399,US-2021-102522,2021-12-17,"December 22, 2021",Ananya Clark,Corporate,Central,Office Supplies,Appliances,Avanti Refrigerator Pro,355.95,2.0,0.0,128.23
2400,US-2022-101342,22-May-2022,2022-05-29,Wei Wilson,Consumer,East,Technology,Phones,Cisco IP Phone Standard,770.53,2.0,0.0,216.61
2401,US-2023-100873,05/10/2023,08-Oct-2023,Kenji Brown,Consumer,Central,Office Supplies,Art,Newell Scissors Classic,12.63,1.0,0.1,6.56
2402,US-2021-102519,2021-12-26,"January 01, 2022",Wei Rodriguez,Home Office,East,Office Supplies,Paper,Xerox Multipurpose Paper Classic,12.17,2.0,0.5,3.88
2403,US-2023-101126,20/12/2023,25-Dec-2023,Ananya Brown,Consumer,East,Furniture,Chairs,Harbour Creations Chair Pro,146.61,1.0,0.15,26.46
2404,US-2022-101858,2022-09-18,"September 21, 2022",Mateo Walker,Consumer,East,Office Supplies,Fasteners,ACCO Fasteners Pro,16.86,2.0,0.0,11.88
2405,US-2024-101208,02/02/2024,06/02/2024,Wei Garcia,Corporate,South,Office Supplies,Appliances,Honeywell Fan Classic,276.1,2.0,0.0,109.37
2406,US-2021-102785,04-May-2021,2021-05-06,Olivia King,Consumer,West,Office Supplies,Envelopes,Kraft Clasp Envelope Pro,15.21,1.0,0.3,7.52
2407,US-2022-102312,03/06/2022,10-Jun-2022,Hannah Garcia,Consumer,East,Office Supplies,Binders,Wilson Jones Binder Value,65.7,3.0,0.0,39.85
2408,US-2023-103155,28-Feb-2023,2023-03-03,Maria Johnson,Consumer,West,Office Supplies,Appliances,Honeywell Fan Standard,184.84,2.0,0.5,-22.23
2409,US-2024-100676,2024-12-06,"December 13, 2024",Nina Martinez,Consumer,South,Office Supplies,Labels,Sharpie Label Tape Pro,50.18,5.0,0.0,32.09
2410,US-2024-100865,10/08/2024,11/10/2024,Kavya Brown,Consumer,East,Office Supplies,Supplies,Elmer's Glue Pack Deluxe,55.14,4.0,0.5,3.36
2411,US-2021-103255,2021-04-28,"May 02, 2021",Sofia Thomas,Home Office,West,Office Supplies,Envelopes,Poly String Envelope Value,77.67,4.0,0.0,48.39
2412,US-2021-103052,"October 03, 2021",10/07/2021,Kenji Walker,Corporate,West,Office Supplies,Supplies,Stanley Hole Punch Value,69.13,2.0,0.1,33.21
2413,US-2023-103086,07/21/2023,24/07/2023,Arjun Anderson,Consumer,West,Office Supplies,Labels,Avery Label Set Standard,14.32,3.0,0.5,4.9
2414,US-2022-101750,2022-09-30,"October 03, 2022",Arjun Young,Corporate,Central,Office Supplies,Fasteners,ACCO Fasteners Value,24.15,4.0,0.3,13.19
2415,US-2024-100127,17-Apr-2024,2024-04-23,Kavya Nair,Consumer,West,Furniture,Chairs,Global Deluxe Chair Value,200.92,1.0,0.0,71.17
2416,US-2021-103248,25/07/2021,28-Jul-2021,Kavya Patel,Consumer,South,Technology,Accessories,Logitech Mouse Standard,68.42,3.0,0.2,28.82
2417,US-2022-100031,"January 25, 2022",01/26/2022,Ananya Patel,Corporate,East,Technology,Phones,Apple iPhone Accessory Classic,870.81,2.0,0.0,250.94
2418,US-2023-100339,"December 21, 2023",12/26/2023,Carlos Wilson,Home Office,West,Furniture,Tables,Bretford Conference Table Value,328.64,1.0,0.0,77.24
2419,US-2023-100742,08/01/2023,06/08/2023,Chloe Garcia,Consumer,East,Technology,Machines,Cubify 3D Printer Pro,721.5,2.0,0.6,-711.58
2420,US-2024-102577,"May 31, 2024",06/02/2024,Lucas Johnson,Corporate,Central,Office Supplies,Envelopes,Kraft Clasp Envelope Classic,5.53,2.0,0.8,-4.54
2421,US-2023-101507,2023-03-16,"March 20, 2023",Ananya King,Corporate,East,Technology,Accessories,Logitech Mouse Deluxe,80.14,2.0,0.1,35.95
2422,US-2023-103034,10/31/2023,07/11/2023,Mia Smith,Consumer,West,Technology,Copiers,Canon imageCLASS Copier Pro,8210.12,6.0,0.15,513.88
2423,US-2021-101365,11-Nov-2021,2021-11-16,Isabella Patel,Corporate,South,Office Supplies,Envelopes,Poly String Envelope Classic,108.93,6.0,0.1,62.32
2424,US-2021-100155,13-Nov-2021,2021-11-18,Laura Clark,Consumer,West,Office Supplies,Appliances,Honeywell Fan Value,132.03,1.0,0.1,44.72
2425,US-2024-100661,07/01/2024,11-Jan-2024,Zoe King,Consumer,West,Furniture,Furnishings,Fellowes Wall Clock Classic,37.89,1.0,0.0,17.39
2426,US-2023-101380,2023-02-18,"February 21, 2023",Isabella Walker,Home Office,West,Office Supplies,Envelopes,Poly String Envelope Deluxe,26.87,2.0,0.0,17.61
2427,US-2024-102669,2024-01-12,"January 15, 2024",Carlos Lee,Consumer,East,Furniture,Chairs,Harbour Creations Chair Deluxe,259.76,1.0,0.0,80.52
2428,US-2022-101155,2022-07-27,"July 29, 2022",Laura Clark,Consumer,South,Furniture,Chairs,Harbour Creations Chair Value,734.45,4.0,0.1,179.35
2429,US-2024-100223,01/20/2024,24/01/2024,Lucas Walker,Corporate,Central,Office Supplies,Supplies,Stanley Hole Punch Classic,15.65,1.0,0.0,8.41
2430,US-2024-101012,09/20/2024,23/09/2024,Mia Thomas,Consumer,West,Office Supplies,Paper,HP Premium Paper Classic,7.53,1.0,0.4,3.42
2431,US-2022-103152,29/09/2022,03-Oct-2022,Noah Wilson,Corporate,,Office Supplies,Appliances,Avanti Refrigerator Deluxe,854.78,6.0,0.2,168.78
2432,US-2024-101715,"August 28, 2024",08/30/2024,Emma Thomas,Consumer,East,Office Supplies,Fasteners,Bostitch Staples Value,4.81,1.0,0.0,3.39
2433,US-2023-102964,07-Dec-2023,2023-12-13,Ananya Wilson,Consumer,East,Technology,Machines,Cubify 3D Printer Value,3253.76,6.0,0.15,260.05
2434,US-2022-100929,"December 09, 2022",12/16/2022,Ethan Nair,Consumer,East,Office Supplies,Supplies,Stanley Hole Punch Classic,61.26,3.0,0.15,30.64
2435,US-2023-101480,02/21/2023,24/02/2023,,Consumer,East,Office Supplies,Envelopes,Poly String Envelope Standard,31.56,3.0,0.0,20.7
2436,US-2023-100119,05/08/2023,08-Aug-2023,Isabella Johnson,Consumer,East,Technology,Machines,Zebra Label Printer Pro,1063.76,2.0,0.1,103.98
2437,US-2024-100543,06/12/2024,10-Dec-2024,Liam Clark,Consumer,East,Technology,Phones,Samsung Galaxy Dock Standard,669.34,2.0,0.0,185.8
2438,US-2022-100769,25/09/2022,02-Oct-2022,Hannah Walker,Consumer,East,Office Supplies,Binders,GBC Binding System Deluxe,45.93,3.0,0.0,28.08
2439,US-2022-102561,2022-05-30,"June 06, 2022",Priya Patel,Corporate,South,Office Supplies,Art,Newell Scissors Standard,84.56,5.0,0.1,44.69
2440,US-2024-102372,28/02/2024,02-Mar-2024,Ananya Davis,Home Office,South,Technology,Copiers,Canon imageCLASS Copier Pro,931.67,1.0,0.2,17.31
2441,US-2023-101097,02-Jan-2023,2023-01-05,Yusuf Kumar,Corporate,East,Technology,Machines,Zebra Label Printer Standard,2930.0,4.0,0.15,175.79
2442,US-2021-102767,2021-04-21,"April 28, 2021",Sofia Young,Corporate,West,Furniture,Chairs,Harbour Creations Chair Deluxe,387.42,2.0,0.3,16.83
2443,US-2021-101956,26/01/2021,30-Jan-2021,Olivia Davis,Home Office,East,Office Supplies,Fasteners,Bostitch Staples Value,9.44,1.0,0.15,6.26
2444,US-2021-100571,"December 22, 2021",12/29/2021,Carlos Garcia,Consumer,South,Furniture,Tables,Bevis Table Classic,275.6,1.0,0.5,-130.93
2445,US-2022-101066,"March 03, 2022",03/10/2022,Sofia Lee,Home Office,South,Office Supplies,Art,Sharpie Marker Set Deluxe,21.42,2.0,0.4,6.08
2446,US-2024-101254,"February 26, 2024",03/01/2024,Grace Brown,Consumer,West,Office Supplies,Paper,Boise Copy Paper Classic,6.45,1.0,0.0,4.3
2447,US-2022-100191,12/21/2022,22/12/2022,Carlos Garcia,Consumer,East,Office Supplies,Paper,Xerox Multipurpose Paper Deluxe,28.27,3.0,0.0,19.02
2448,US-2023-101791,2023-12-25,"December 28, 2023",Carlos Lee,Home Office,West,Office Supplies,Paper,Xerox Multipurpose Paper Standard,20.5,2.0,0.1,12.24
2449,US-2022-102092,31-Oct-2022,2022-11-03,Daniel Johnson,Consumer,West,Office Supplies,Envelopes,Kraft Clasp Envelope Value,21.81,2.0,0.2,11.04
2450,US-2023-102100,08-Sep-2023,2023-09-13,Maria Johnson,Corporate,West,Office Supplies,Paper,Xerox Multipurpose Paper Deluxe,20.99,2.0,0.3,10.6
2451,US-2022-101052,25/06/2022,02-Jul-2022,Lucas Thomas,Consumer,Central,Furniture,Furnishings,Eldon Desk Lamp Value,125.16,3.0,,56.91
2452,US-2024-101811,"January 06, 2024",01/10/2024,Liam Lee,Consumer,West,Furniture,Bookcases,Sauder Bookcase Classic,687.79,4.0,0.0,191.65
2453,US-2022-101996,"July 24, 2022",07/26/2022,Zoe Brown,Home Office,South,Office Supplies,Storage,IRIS Storage Box Classic,153.11,3.0,0.1,63.15
2454,US-2022-103092,"July 08, 2022",07/15/2022,Chloe Martinez,Consumer,West,Office Supplies,Appliances,Hoover Vacuum Value,208.03,2.0,0.3,34.64
2455,US-2022-101760,12-Dec-2022,2022-12-15,Grace Anderson,Consumer,West,Technology,Machines,Lexmark Printer Value,1075.14,2.0,0.3,-143.37
2456,US-2021-102767,21/04/2021,28-Apr-2021,Sofia Young,Corporate,West,Office Supplies,Paper,Boise Copy Paper Pro,7.96,1.0,0.0,5.27
2457,US-2022-102991,16-Jul-2022,2022-07-19,Yusuf Thomas,Home Office,East,Office Supplies,Binders,Acco Binder Pro,33.82,3.0,0.15,18.61
2458,US-2023-101017,2023-04-25,"April 28, 2023",Arjun Anderson,Consumer,East,Technology,Machines,Lexmark Printer Deluxe,1089.3,4.0,0.15,61.3
2459,US-2023-103040,10-Nov-2023,2023-11-16,Carlos Wright,Corporate,Central,Technology,Phones,Cisco IP Phone Standard,196.13,1.0,0.3,14.71
2460,US-2021-100816,12/25/2021,29/12/2021,Ananya Martinez,Consumer,East,Technology,Machines,Cubify 3D Printer Pro,462.0,1.0,0.5,-254.87
2461,US-2021-100102,"April 22, 2021",04/25/2021,Mia Anderson,Consumer,South,Office Supplies,Binders,Wilson Jones Binder Classic,68.95,3.0,0.0,40.39
2462,US-2024-102181,2024-12-30,"January 02, 2025",Mia Young,Corporate,East,Office Supplies,Labels,Avery Label Set Classic,24.36,2.0,0.0,16.21
2463,US-2023-102500,2023-05-15,"May 19, 2023",Chloe Thomas,Consumer,South,Technology,Machines,Lexmark Printer Value,545.39,1.0,0.15,40.43
2464,US-2021-102562,01-Apr-2021,2021-04-05,Mia Johnson,Consumer,West,Office Supplies,Storage,Fellowes File Cart Standard,157.79,2.0,0.0,59.23
2465,US-2024-103143,04-Mar-2024,2024-03-08,Priya Anderson,Consumer,Central,Office Supplies,Binders,Acco Binder Deluxe,8.53,1.0,0.4,2.79
2466,US-2024-101166,08-Oct-2024,2024-10-14,Yusuf Wright,Home Office,Central,Office Supplies,Binders,Acco Binder Value,77.85,5.0,0.3,34.35
2467,US-2023-102913,07/20/2023,24/07/2023,Amit Johnson,Consumer,West,Office Supplies,Fasteners,Bostitch Staples Standard,5.98,1.0,0.15,3.72
2468,US-2023-101216,08/25/2023,29/08/2023,,Consumer,West,Furniture,Chairs,Harbour Creations Chair Deluxe,343.66,3.0,0.15,86.46
2469,US-2023-103249,2023-11-26,"December 01, 2023",Amit Rodriguez,Consumer,Central,Office Supplies,Fasteners,Bostitch Staples Deluxe,6.54,1.0,0.15,4.16
2470,US-2022-102780,24/06/2022,27-Jun-2022,Emma Young,Consumer,West,Technology,Accessories,Logitech Mouse Value,112.1,5.0,0.3,34.44
2471,US-2024-102272,"July 08, 2024",07/09/2024,Omar Chen,Consumer,East,Office Supplies,Paper,HP Premium Paper Value,18.44,3.0,0.4,6.58
2472,US-2024-100001,2024-08-02,"August 09, 2024",Ananya Smith,Corporate,Central,Furniture,Tables,Bretford Conference Table Deluxe,543.97,1.0,0.0,144.34
2473,US-2024-101299,10/10/2024,14-Oct-2024,Mia Rodriguez,Consumer,West,Office Supplies,Binders,GBC Binding System Standard,57.94,4.0,0.3,26.05
2474,US-2021-100811,04/25/2021,26/04/2021,Zoe Walker,Consumer,Central,Office Supplies,Supplies,Stanley Hole Punch Deluxe,66.32,2.0,0.1,32.77
2475,US-2024-102527,03/15/2024,17/03/2024,Sofia Rodriguez,Consumer,Central,Furniture,Tables,Bretford Conference Table Value,296.98,1.0,0.1,42.79
2476,US-2022-101705,10/02/2022,07/10/2022,Omar Thomas,Consumer,Central,Technology,Accessories,SanDisk USB Drive Classic,95.91,2.0,0.0,48.3
2477,US-2021-102845,08/10/2021,13-Oct-2021,James Wilson,Consumer,South,Furniture,Chairs,Global Deluxe Chair Deluxe,796.74,4.0,0.0,254.9
2478,US-2021-100227,03/31/2021,04/04/2021,Omar Brown,Consumer,West,Office Supplies,Fasteners,Bostitch Staples Standard,5.4,1.0,0.0,3.69
2479,US-2024-102549,06-May-2024,2024-05-13,Chloe Garcia,Consumer,West,Furniture,Chairs,Global Deluxe Chair Standard,104.02,2.0,0.0,31.46
2480,US-2024-102972,08-Jul-2024,2024-07-11,Priya Garcia,Corporate,East,Technology,Copiers,Hewlett Packard Copier Value,2649.13,3.0,0.2,-46.3
2481,US-2024-101078,01-Jul-2024,2024-07-04,Omar Wilson,Consumer,South,Furniture,Tables,Bretford Conference Table Deluxe,1079.0,3.0,0.5,-517.24
2482,US-2023-102278,"March 08, 2023",03/13/2023,Mia Thomas,Corporate,South,Furniture,Chairs,Harbour Creations Chair Deluxe,361.76,3.0,0.2,62.31
2483,US-2022-102511,02/14/2022,17/02/2022,Daniel Garcia,Consumer,East,Office Supplies,Storage,IRIS Storage Box Pro,736.49,6.0,0.0,318.64
2484,US-2024-100484,01/12/2024,14/01/2024,Arjun Anderson,Consumer,West,Office Supplies,Envelopes,Poly String Envelope Standard,6.94,1.0,0.6,1.16
2485,US-2022-100934,21-Aug-2022,2022-08-23,Noah Chen,Consumer,Central,Office Supplies,Storage,Fellowes File Cart Value,74.63,1.0,0.0,30.77
2486,US-2024-102479,2024-10-31,"November 03, 2024",Mia King,Consumer,South,Furniture,Tables,Chromcraft Round Table Deluxe,1037.68,2.0,0.0,238.92
2487,US-2024-101069,2024-05-14,"May 19, 2024",Isabella Chen,Corporate,West,Office Supplies,Binders,GBC Binding System Classic,14.83,1.0,0.3,6.68
2488,US-2023-101364,2023-06-02,"June 05, 2023",Priya Brown,Consumer,East,Furniture,Bookcases,O'Sullivan Bookcase Value,457.32,2.0,0.1,89.12
2489,US-2023-103187,2023-01-28,"January 30, 2023",Nina Wilson,Consumer,West,Furniture,Bookcases,Bush Classic Bookcase Standard,1475.14,5.0,0.0,391.07
2490,US-2021-103302,05/10/2021,09-Oct-2021,Sofia Kumar,Consumer,East,Office Supplies,Art,Sharpie Marker Set Classic,41.51,3.0,0.3,16.84
2491,US-2023-102725,2023-01-08,"January 12, 2023",Ethan Wright,Consumer,Central,Office Supplies,Labels,Sharpie Label Tape Standard,3.94,1.0,0.5,1.58
2492,US-2023-102476,07-Feb-2023,2023-02-10,Arjun Wilson,Consumer,East,Furniture,Chairs,Harbour Creations Chair Classic,181.1,1.0,0.0,59.81
2493,US-2023-102918,2023-02-09,"February 13, 2023",Sofia Lee,Consumer,West,Office Supplies,Art,Newell Scissors Deluxe,78.27,5.0,0.0,45.61
2494,US-2024-102077,"February 28, 2024",03/04/2024,Priya Smith,Consumer,South,Office Supplies,Art,Newell Scissors Value,57.48,4.0,0.3,20.54
2495,US-2021-101857,11/08/2021,15-Aug-2021,Nina Davis,Home Office,West,Office Supplies,Paper,HP Premium Paper Value,12.38,4.0,0.7,-3.03
2496,US-2022-102429,05/08/2022,11/05/2022,Kavya Anderson,Home Office,East,Office Supplies,Paper,Xerox Multipurpose Paper Standard,51.03,3.0,0.1,29.54
2497,US-2021-103291,"April 13, 2021",04/19/2021,Olivia Nair,Consumer,Central,Furniture,Furnishings,Fellowes Wall Clock Standard,37.46,1.0,0.15,13.17
2498,US-2024-102811,"July 12, 2024",07/17/2024,Hannah Martinez,Home Office,South,Technology,Phones,Apple iPhone Accessory Pro,337.84,2.0,0.0,99.74
2499,US-2022-100326,13/11/2022,18-Nov-2022,Olivia Smith,Consumer,West,Furniture,Chairs,Hon Task Chair Standard,184.92,1.0,0.0,54.53
2500,US-2021-100692,26/09/2021,03-Oct-2021,Lucas Kumar,Corporate,Central,Office Supplies,Storage,Fellowes File Cart Pro,615.37,6.0,0.0,262.01
2501,US-2023-100725,"December 08, 2023",12/11/2023,Yusuf Chen,Corporate,Central,Office Supplies,Storage,Fellowes File Cart Deluxe,262.52,5.0,0.5,-33.52
2502,US-2021-102502,13-Jan-2021,2021-01-19,Laura Johnson,Corporate,East,Office Supplies,Storage,Fellowes File Cart Pro,30.79,1.0,0.5,-5.62
2503,US-2022-100793,2022-06-03,"June 07, 2022",James Rodriguez,Corporate,West,Office Supplies,Storage,IRIS Storage Box Classic,211.78,2.0,0.0,95.17
2504,US-2023-101765,04-Jan-2023,2023-01-11,Olivia Kumar,Consumer,South,Office Supplies,Fasteners,Bostitch Staples Value,25.03,4.0,0.0,17.01
2505,US-2023-101801,2023-04-29,"May 02, 2023",Yusuf Garcia,Corporate,South,Office Supplies,Labels,Avery Label Set Deluxe,26.82,4.0,0.15,17.02
2506,US-2024-100415,2024-02-28,"March 04, 2024",James Wright,Consumer,Central,Office Supplies,Art,Prismacolor Pencils Classic,7.68,1.0,0.15,3.79
2507,US-2024-102407,"March 17, 2024",03/24/2024,Ananya Nair,Home Office,East,Furniture,Chairs,Harbour Creations Chair Deluxe,723.6,5.0,0.1,177.9
2508,US-2021-102348,11/19/2021,26/11/2021,Noah Chen,Consumer,East,Office Supplies,Binders,GBC Binding System Standard,14.18,2.0,0.4,5.03
2509,US-2021-102492,04-Apr-2021,2021-04-06,James Wright,Corporate,South,Office Supplies,Envelopes,Poly String Envelope Standard,23.25,3.0,0.15,13.84
2510,US-2023-100862,2023-12-23,"December 27, 2023",Amit Clark,Corporate,South,Furniture,Bookcases,Bush Classic Bookcase Classic,782.06,5.0,0.4,-181.53
2511,US-2022-103194,16-Jan-2022,2022-01-19,Mia Walker,Home Office,West,Technology,Copiers,Hewlett Packard Copier Pro,6075.37,4.0,0.0,1485.85
2512,US-2022-102388,02/02/2022,03-Feb-2022,Zoe Walker,Corporate,Central,Office Supplies,Envelopes,Kraft Clasp Envelope Standard,16.14,2.0,0.15,8.77
2513,US-2024-101666,2024-06-16,"June 20, 2024",Ananya Johnson,Consumer,East,Technology,Copiers,Hewlett Packard Copier Classic,3810.97,5.0,0.4,-1379.12
2514,US-2023-100516,07/30/2023,06/08/2023,Arjun Brown,Consumer,East,Office Supplies,Art,Prismacolor Pencils Standard,16.41,1.0,0.0,9.57
2515,US-2021-100978,29/01/2021,01-Feb-2021,Lucas Brown,Corporate,East,Furniture,Chairs,Global Deluxe Chair Deluxe,1398.38,6.0,0.15,224.77
2516,US-2022-102420,26-Sep-2022,2022-10-01,Mia Davis,Corporate,West,Technology,Machines,Lexmark Printer Value,1015.57,2.0,0.4,-295.73
2517,US-2024-102158,"February 16, 2024",02/21/2024,Hannah Clark,Consumer,East,Office Supplies,Appliances,Hoover Vacuum Standard,349.16,3.0,0.0,140.85
2518,US-2023-102284,2023-09-13,"September 19, 2023",Yusuf Wright,Consumer,South,Office Supplies,Art,Newell Scissors Value,15.41,1.0,0.1,7.92
2519,US-2024-100882,2024-07-15,"July 22, 2024",Hannah Martinez,Home Office,East,Office Supplies,Fasteners,ACCO Fasteners Classic,6.21,1.0,0.0,4.3
2520,US-2021-101771,"January 02, 2021",01/04/2021,Yusuf Garcia,Consumer,Central,Furniture,Chairs,Hon Task Chair Pro,65.95,1.0,0.7,-85.9
2521,US-2023-100433,08/01/2023,13-Jan-2023,Maria Nair,Consumer,Central,Office Supplies,Envelopes,Poly String Envelope Value,17.74,2.0,0.5,3.71
2522,US-2021-102153,2021-01-12,"January 18, 2021",Ravi Kumar,Home Office,East,Technology,Copiers,Canon imageCLASS Copier Pro,3987.86,3.0,0.0,660.18
2523,US-2024-101883,"August 31, 2024",09/04/2024,Yusuf Brown,Consumer,Central,Furniture,Tables,Bevis Table Value,369.04,1.0,0.1,57.78
2524,US-2022-101156,10/14/2022,18/10/2022,Laura Thomas,Corporate,West,Furniture,Tables,Bevis Table Classic,919.68,3.0,0.3,-45.63
2525,US-2022-103043,12-Dec-2022,2022-12-15,Omar Patel,Home Office,East,Furniture,Bookcases,Bush Classic Bookcase Pro,1125.72,3.0,0.0,301.88
2526,US-2022-100666,2022-05-24,"May 30, 2022",Olivia Chen,Consumer,East,Furniture,Bookcases,O'Sullivan Bookcase Deluxe,405.42,2.0,0.1,88.77
2527,US-2024-102749,2024-10-18,"October 21, 2024",Maria Martinez,Corporate,South,Office Supplies,Paper,Xerox Multipurpose Paper Value,59.92,5.0,0.1,34.02
2528,US-2021-103020,"August 18, 2021",08/22/2021,Maria Young,Corporate,Central,Office Supplies,Supplies,Elmer's Glue Pack Classic,84.27,3.0,0.0,48.8
2529,US-2021-101429,28/10/2021,30-Oct-2021,Chloe Garcia,Consumer,East,Technology,Phones,Apple iPhone Accessory Standard,483.04,2.0,0.1,98.26
2530,US-2022-100706,2022-06-30,"July 03, 2022",Nina Lee,Consumer,West,Office Supplies,Appliances,Avanti Refrigerator Classic,757.02,4.0,0.0,308.98
2531,US-2021-101200,31-Aug-2021,2021-09-04,Liam Garcia,Consumer,Central,Furniture,Chairs,Hon Task Chair Value,102.38,1.0,0.2,16.05
2532,US-2022-100112,"September 22, 2022",09/26/2022,Daniel King,Consumer,East,Office Supplies,Envelopes,Kraft Clasp Envelope Standard,20.46,1.0,0.0,12.78
2533,US-2024-100898,2024-11-17,"November 20, 2024",Maria Wright,Consumer,West,Office Supplies,Binders,Wilson Jones Binder Classic,71.04,4.0,0.0,43.22
2534,US-2022-100341,"January 29, 2022",01/30/2022,Daniel Walker,Consumer,South,Office Supplies,Art,Sharpie Marker Set Value,63.52,5.0,0.0,35.93
2535,US-2021-101274,"February 10, 2021",02/11/2021,Nina Lee,Home Office,West,Office Supplies,Binders,GBC Binding System Classic,64.74,6.0,0.0,39.35
2536,US-2022-100849,30/04/2022,07-May-2022,Hannah Walker,Corporate,Central,Furniture,Furnishings,Fellowes Wall Clock Pro,151.9,4.0,0.15,55.45
2537,US-2024-100459,06/22/2024,26/06/2024,Daniel Davis,Corporate,West,Office Supplies,Envelopes,Kraft Clasp Envelope Classic,7.66,1.0,0.4,2.92
2538,US-2021-101430,2021-01-26,"January 29, 2021",Kavya Clark,Consumer,East,Furniture,Chairs,Hon Task Chair Classic,957.38,4.0,0.2,133.69
2539,US-2022-101199,25/11/2022,30-Nov-2022,Kenji Brown,Home Office,South,Office Supplies,Envelopes,Kraft Clasp Envelope Deluxe,28.06,2.0,0.0,17.4
2540,US-2022-101100,07/02/2022,09/07/2022,Laura Garcia,Home Office,Central,Office Supplies,Supplies,Stanley Hole Punch Standard,51.48,2.0,0.0,27.16
2541,US-2022-100076,09/04/2022,07/09/2022,Nina Lee,Home Office,East,Office Supplies,Envelopes,Kraft Clasp Envelope Classic,46.38,5.0,0.0,29.3
2542,US-2023-100104,"October 05, 2023",10/07/2023,Wei King,Consumer,,Office Supplies,Storage,Fellowes File Cart Deluxe,210.18,2.0,0.1,76.35
2543,US-2023-103105,02/11/2023,18/02/2023,Emma Anderson,Home Office,West,Office Supplies,Appliances,Avanti Refrigerator Standard,144.51,1.0,0.3,26.53
2544,US-2022-102048,"February 13, 2022",02/18/2022,Kenji Chen,Corporate,South,Technology,Machines,Cubify 3D Printer Standard,4560.97,6.0,0.1,628.16
2545,US-2021-101918,"October 18, 2021",10/19/2021,Zoe Davis,Home Office,West,Office Supplies,Storage,Fellowes File Cart Pro,249.52,2.0,0.1,83.41
2546,US-2021-102623,2021-10-04,"October 08, 2021",Carlos Wright,Corporate,East,Office Supplies,Binders,Acco Binder Classic,27.97,2.0,0.4,9.96
2547,US-2022-102203,"May 15, 2022",05/19/2022,Grace Chen,Consumer,East,Office Supplies,Fasteners,ACCO Fasteners Classic,22.32,3.0,0.0,15.76
2548,US-2023-102989,26-May-2023,2023-05-30,Chloe Patel,Corporate,Central,Office Supplies,Envelopes,Kraft Clasp Envelope Pro,7.36,1.0,0.2,3.85
2549,US-2023-101245,"September 20, 2023",09/21/2023,Ethan Chen,Consumer,West,Office Supplies,Appliances,Avanti Refrigerator Deluxe,73.84,1.0,,28.38
2550,US-2023-100390,"September 20, 2023",09/23/2023,Liam Brown,Consumer,South,Office Supplies,Art,Prismacolor Pencils Value,33.07,3.0,0.3,13.46
2551,US-2023-101130,09/29/2023,05/10/2023,James Patel,Consumer,Central,Furniture,Tables,Bretford Conference Table Standard,1065.75,3.0,0.0,233.93
2552,US-2021-102495,04-May-2021,2021-05-06,Daniel Garcia,Corporate,Central,Office Supplies,Labels,Avery Label Set Deluxe,35.5,5.0,0.1,21.77
2553,US-2024-101330,01/04/2024,09/01/2024,Omar Walker,Consumer,West,Furniture,Bookcases,Sauder Bookcase Value,260.28,6.0,0.8,-642.88
2554,US-2021-103188,02/25/2021,27/02/2021,Ethan Brown,Home Office,East,Office Supplies,Storage,IRIS Storage Box Classic,209.94,2.0,0.2,55.49
2555,US-2022-101420,24/10/2022,26-Oct-2022,Liam Kumar,Home Office,East,Furniture,Furnishings,Tenex Chairmat Pro,79.07,1.0,0.0,33.63
2556,US-2021-102375,"May 05, 2021",05/08/2021,Arjun Johnson,Home Office,East,Furniture,Bookcases,Bush Classic Bookcase Pro,717.09,3.0,0.0,186.63
2557,US-2023-100199,12-Jul-2023,2023-07-17,Ananya Thomas,Corporate,South,Furniture,Bookcases,O'Sullivan Bookcase Deluxe,327.1,1.0,0.0,95.46
2558,US-2024-103046,21-Jan-2024,2024-01-25,Daniel Clark,Home Office,South,Office Supplies,Labels,Avery Label Set Pro,36.33,5.0,0.3,19.31
2559,US-2021-101515,16-May-2021,2021-05-19,Ravi Anderson,Corporate,East,Office Supplies,Paper,Boise Copy Paper Deluxe,10.82,1.0,0.1,6.43
2560,US-2024-100432,29-Dec-2024,2024-12-30,Kavya Chen,Consumer,South,Office Supplies,Fasteners,Bostitch Staples Value,10.69,4.0,0.7,0.86
2561,US-2024-102673,15/02/2024,22-Feb-2024,Kenji Brown,Consumer,West,Technology,Machines,Cubify 3D Printer Standard,417.68,2.0,0.7,-673.56
2562,US-2022-100583,04/07/2022,14/04/2022,Kenji Martinez,Consumer,South,Office Supplies,Supplies,Stanley Hole Punch Deluxe,177.95,6.0,0.0,98.2
2563,US-2023-101541,12/26/2023,30/12/2023,Ananya Wilson,Consumer,West,Office Supplies,Paper,Boise Copy Paper Classic,3.1,1.0,0.7,-0.55
2564,US-2023-102275,2023-05-31,"June 04, 2023",Maria Chen,Home Office,West,Office Supplies,Art,Newell Scissors Value,42.17,4.0,0.2,20.13
2565,US-2023-101151,"July 15, 2023",07/17/2023,Maria Smith,Home Office,Central,Furniture,Furnishings,Fellowes Wall Clock Pro,59.77,1.0,0.0,26.5
2566,US-2024-101982,08/10/2024,17/08/2024,Noah Anderson,Home Office,East,Technology,Phones,Samsung Galaxy Dock Standard,249.47,3.0,0.7,-352.91
2567,US-2024-103234,06/20/2024,23/06/2024,Laura Davis,Consumer,East,Office Supplies,Storage,Fellowes File Cart Classic,72.85,1.0,0.0,31.46
2568,US-2023-100774,19/08/2023,21-Aug-2023,Hannah Martinez,Corporate,East,Office Supplies,Fasteners,ACCO Fasteners Deluxe,1.33,1.0,0.8,-0.64
2569,US-2023-102287,09/03/2023,15-Mar-2023,Omar Clark,Consumer,West,Office Supplies,Appliances,Avanti Refrigerator Classic,260.69,2.0,0.0,101.86
2570,US-2023-103095,"November 19, 2023",11/22/2023,Yusuf Clark,Consumer,South,Furniture,Chairs,Hon Task Chair Classic,330.84,2.0,0.2,44.35
2571,US-2023-100392,2023-09-28,"October 03, 2023",Sofia Chen,Consumer,East,Office Supplies,Storage,Fellowes File Cart Pro,151.56,2.0,0.1,50.39
2572,US-2023-101063,2023-07-17,"July 21, 2023",Mateo King,Home Office,Central,Technology,Accessories,SanDisk USB Drive Standard,50.13,1.0,0.1,21.85
2573,US-2023-102959,2023-06-08,"June 11, 2023",Mia Anderson,Corporate,East,Furniture,Chairs,Hon Task Chair Value,171.77,1.0,0.0,56.14
2574,US-2021-102208,04/09/2021,13/04/2021,Nina Davis,Corporate,Central,Furniture,Bookcases,O'Sullivan Bookcase Value,192.31,1.0,0.2,17.48
2575,US-2023-102683,"May 15, 2023",05/19/2023,Arjun Chen,Consumer,South,Office Supplies,Appliances,Hoover Vacuum Classic,742.97,4.0,0.0,279.71
2576,US-2023-102410,2023-12-19,"December 26, 2023",Liam Clark,Corporate,Central,Office Supplies,Appliances,Avanti Refrigerator Pro,190.09,2.0,0.4,-1.98
2577,US-2022-102336,29-Mar-2022,2022-04-02,Carlos Brown,Consumer,East,Office Supplies,Paper,HP Premium Paper Standard,36.15,2.0,0.0,21.7
2578,US-2021-103247,05/09/2021,12/05/2021,Chloe Davis,Home Office,West,Furniture,Tables,Chromcraft Round Table Standard,1859.17,5.0,0.1,351.87
2579,US-2023-102055,12/23/2023,25/12/2023,James Wilson,Corporate,Central,Furniture,Tables,Bretford Conference Table Standard,531.32,1.0,0.0,130.94
2580,US-2023-103150,2023-12-18,"December 19, 2023",Lucas Wilson,Consumer,Central,Office Supplies,Art,Prismacolor Pencils Standard,41.77,3.0,0.0,24.82
2581,US-2023-100649,2023-04-01,"April 05, 2023",Omar Thomas,Corporate,South,Furniture,Bookcases,Sauder Bookcase Classic,504.58,2.0,0.15,82.0
2582,US-2022-103180,11/07/2022,08/11/2022,Emma Anderson,Home Office,East,Office Supplies,Supplies,Stanley Hole Punch Standard,41.06,2.0,0.2,18.65
2583,US-2021-102693,28/06/2021,01-Jul-2021,Liam Clark,Corporate,East,Office Supplies,Labels,Sharpie Label Tape Value,21.46,,0.15,12.72
2584,US-2022-100764,"September 17, 2022",09/22/2022,Mateo Nair,Corporate,West,Technology,Copiers,Canon imageCLASS Copier Standard,2691.15,2.0,0.0,561.43
2585,US-2021-102350,"November 19, 2021",11/25/2021,Zoe Wright,Consumer,West,Office Supplies,Supplies,Stanley Hole Punch Classic,132.22,5.0,0.0,73.14
2586,US-2024-100966,11/03/2024,05/11/2024,Omar Anderson,Consumer,West,Office Supplies,Envelopes,Kraft Clasp Envelope Standard,87.76,6.0,0.1,52.94
2587,US-2023-101533,01/15/2023,18/01/2023,Ravi Rodriguez,Consumer,South,Office Supplies,Supplies,Stanley Hole Punch Classic,14.35,1.0,0.15,6.46
2588,US-2022-102307,"January 20, 2022",01/25/2022,Priya Young,Consumer,South,Technology,Machines,Cubify 3D Printer Classic,1720.49,2.0,0.2,64.14
2589,US-2023-102629,23/12/2023,26-Dec-2023,Kavya Wilson,Consumer,East,Office Supplies,Binders,Acco Binder Pro,11.51,1.0,0.4,4.14
2590,US-2024-100039,03-Oct-2024,2024-10-09,Hannah Thomas,Home Office,South,Office Supplies,Paper,HP Premium Paper Classic,44.24,4.0,0.0,27.35
2591,US-2024-101962,"October 28, 2024",11/02/2024,Chloe Chen,Consumer,South,Office Supplies,Envelopes,Kraft Clasp Envelope Standard,35.9,4.0,0.15,18.95
2592,US-2023-102569,23-May-2023,2023-05-27,Hannah Clark,Home Office,West,Office Supplies,Envelopes,Kraft Clasp Envelope Standard,5.26,1.0,,2.76
2593,US-2021-101358,12/12/2021,19-Dec-2021,Yusuf Walker,Home Office,Central,Furniture,Tables,Bretford Conference Table Value,384.4,2.0,0.6,-355.42
2594,US-2021-102342,19-Jul-2021,2021-07-24,Grace King,Corporate,West,Office Supplies,Storage,IRIS Storage Box Pro,505.23,6.0,0.1,177.71
2595,US-2021-102675,12/26/2021,02/01/2022,Laura Smith,Consumer,Central,Furniture,Bookcases,Sauder Bookcase Value,99.03,1.0,0.1,18.65
2596,US-2021-100486,2021-01-08,"January 15, 2021",Isabella Chen,Consumer,Central,Office Supplies,Fasteners,ACCO Fasteners Standard,41.58,6.0,0.1,27.91
2597,US-2024-100734,02/01/2024,05/02/2024,Ravi Walker,Consumer,East,Furniture,Tables,Bevis Table Deluxe,885.66,3.0,0.2,89.5
2598,US-2024-102288,06/25/2024,01/07/2024,Grace Nair,Consumer,Central,Office Supplies,Appliances,Avanti Refrigerator Deluxe,996.29,4.0,0.0,409.58
2599,US-2023-102824,"November 14, 2023",11/20/2023,Sofia Lee,Home Office,Central,Office Supplies,Fasteners,ACCO Fasteners Value,6.8,1.0,0.1,4.39
2600,US-2021-101414,19-Feb-2021,2021-02-23,Emma Clark,Consumer,East,Technology,Phones,Samsung Galaxy Dock Deluxe,283.42,1.0,0.4,-40.37
2601,US-2021-102108,08/19/2021,26/08/2021,Maria Lee,Consumer,Central,Office Supplies,Paper,Boise Copy Paper Pro,30.18,3.0,0.2,17.17
2602,US-2023-102094,15/10/2023,18-Oct-2023,Wei Chen,Corporate,East,Office Supplies,Binders,Acco Binder Standard,14.56,1.0,0.3,5.82
2603,US-2024-101505,21-Dec-2024,2024-12-24,Mia Anderson,Corporate,South,Furniture,Furnishings,Fellowes Wall Clock Classic,34.18,1.0,0.2,11.48
2604,US-2024-103013,15-May-2024,2024-05-17,Sofia Clark,Consumer,Central,Furniture,Tables,Bretford Conference Table Classic,590.62,4.0,0.6,-530.59
2605,US-2021-102882,26-Feb-2021,2021-03-02,Liam Martinez,Corporate,West,Furniture,Furnishings,Eldon Desk Lamp Pro,347.81,5.0,0.0,154.69
2606,US-2022-102510,2022-03-24,"March 28, 2022",Omar Kumar,Consumer,East,Office Supplies,Paper,Xerox Multipurpose Paper Deluxe,11.66,1.0,0.3,6.42
2607,US-2021-100683,"February 10, 2021",02/14/2021,Isabella Patel,Corporate,East,Office Supplies,Supplies,Stanley Hole Punch Pro,170.09,6.0,0.15,80.32
2608,US-2024-100228,17-Aug-2024,2024-08-22,Noah Anderson,Corporate,Central,Furniture,Tables,Bretford Conference Table Pro,1805.03,6.0,0.3,-105.59
2609,US-2022-102812,2022-10-29,"November 01, 2022",Grace Walker,Consumer,South,Technology,Machines,Lexmark Printer Deluxe,1756.17,2.0,0.0,366.94
2610,US-2021-102903,06-Apr-2021,2021-04-11,Liam Young,Consumer,Central,Office Supplies,Envelopes,Kraft Clasp Envelope Standard,30.98,3.0,0.2,16.36
2611,US-2024-102608,03/08/2024,07-Aug-2024,,Consumer,East,Furniture,Bookcases,Sauder Bookcase Deluxe,183.38,1.0,0.0,48.35
2612,US-2022-100835,"November 29, 2022",12/05/2022,Noah King,Corporate,West,Office Supplies,Art,Sharpie Marker Set Value,16.65,1.0,0.0,10.15
2613,US-2024-100986,10/09/2024,15-Sep-2024,Yusuf Chen,Corporate,West,Office Supplies,Art,Prismacolor Pencils Value,12.4,1.0,0.0,7.17
2614,US-2024-101330,2024-01-04,"January 09, 2024",Omar Walker,Consumer,West,Office Supplies,Supplies,Stanley Hole Punch Deluxe,104.58,4.0,0.0,53.77
2615,US-2023-100585,28/05/2023,02-Jun-2023,Arjun Young,Consumer,Central,Furniture,Tables,Bretford Conference Table Deluxe,908.78,3.0,0.15,66.89
2616,US-2021-101396,11/24/2021,30/11/2021,Kavya Brown,Consumer,Central,Office Supplies,Storage,IRIS Storage Box Classic,81.61,1.0,0.0,33.94
2617,US-2023-100774,"August 19, 2023",08/21/2023,Hannah Martinez,Corporate,East,Office Supplies,Binders,GBC Binding System Classic,35.79,3.0,0.4,11.91
2618,US-2021-102915,31/12/2021,03-Jan-2022,Daniel Thomas,Home Office,Central,Office Supplies,Appliances,Honeywell Fan Standard,294.51,2.0,0.0,114.94
2619,US-2021-100047,27-Nov-2021,2021-12-01,Carlos Rodriguez,Corporate,Central,Office Supplies,Storage,Fellowes File Cart Standard,59.36,1.0,0.2,14.27
2620,US-2022-101662,24-Jun-2022,2022-06-28,Nina Young,Home Office,West,Office Supplies,Fasteners,ACCO Fasteners Deluxe,48.42,6.0,0.0,35.55
2621,US-2021-102475,03/20/2021,24/03/2021,James Patel,Consumer,Central,Office Supplies,Binders,Wilson Jones Binder Pro,28.32,2.0,0.1,16.0
2622,US-2022-102651,2022-02-08,"February 11, 2022",Amit Chen,Consumer,East,Technology,Phones,Apple iPhone Accessory Deluxe,120.61,1.0,0.4,-24.47
2623,US-2021-102672,"December 20, 2021",12/22/2021,Lucas Walker,Consumer,East,Technology,Phones,Cisco IP Phone Value,1050.65,3.0,0.1,266.33
2624,US-2024-103282,06/23/2024,26/06/2024,Daniel King,Corporate,South,Office Supplies,Paper,Xerox Multipurpose Paper Pro,8.05,1.0,0.2,4.46
2625,US-2023-100246,"January 10, 2023",01/14/2023,Mia King,Consumer,Central,Office Supplies,Binders,Wilson Jones Binder Standard,81.74,5.0,0.2,43.82
2626,US-2022-102928,09-Aug-2022,2022-08-13,Ananya Chen,Home Office,,Office Supplies,Labels,Sharpie Label Tape Deluxe,11.86,2.0,0.1,7.86
2627,US-2021-101135,06/12/2021,12-Dec-2021,Hannah Smith,Corporate,South,Furniture,Tables,Bevis Table Standard,614.8,2.0,0.1,103.48
2628,US-2024-103060,07-Aug-2024,2024-08-09,Isabella Young,Home Office,Central,Office Supplies,Art,Sharpie Marker Set Standard,88.12,5.0,0.0,47.14
2629,US-2023-100909,2023-08-23,"August 26, 2023",Kavya Nair,Consumer,Central,Furniture,Bookcases,Bush Classic Bookcase Deluxe,228.31,1.0,0.1,42.81
2630,US-2021-102375,2021-05-05,"May 08, 2021",Arjun Johnson,Home Office,East,Office Supplies,Supplies,Stanley Hole Punch Pro,88.05,3.0,0.0,49.05
2631,US-2023-100931,2023-01-24,"January 30, 2023",Omar Chen,Corporate,South,Office Supplies,Paper,HP Premium Paper Standard,2.4,1.0,0.8,-1.85
2632,US-2024-102512,02-Jul-2024,2024-07-05,Wei Johnson,Consumer,Central,Office Supplies,Art,Prismacolor Pencils Standard,79.83,4.0,0.0,48.36
2633,US-2021-100501,26/07/2021,31-Jul-2021,Omar Anderson,Corporate,Central,Office Supplies,Supplies,Elmer's Glue Pack Classic,90.1,5.0,0.1,45.39
2634,US-2023-100290,2023-07-20,"July 21, 2023",Grace Young,Corporate,Central,Office Supplies,Supplies,Elmer's Glue Pack Deluxe,16.92,1.0,0.0,9.5
2635,US-2021-100083,03/05/2021,08/03/2021,Emma Brown,Consumer,Central,Office Supplies,Storage,IRIS Storage Box Deluxe,111.5,1.0,0.0,44.46
2636,US-2023-102792,"August 02, 2023",08/06/2023,Sofia Martinez,Home Office,East,Office Supplies,Storage,SAFCO Storage Bin Value,240.02,3.0,0.4,12.61
2637,US-2022-101565,2022-03-22,"March 26, 2022",Olivia King,Consumer,West,Office Supplies,Appliances,Hoover Vacuum Classic,110.66,1.0,0.1,37.64
2638,US-2021-100823,19-Nov-2021,2021-11-22,Arjun Patel,Home Office,West,Office Supplies,Supplies,Stanley Hole Punch Deluxe,40.49,2.0,0.2,17.52
2639,US-2021-102635,2021-04-21,"April 26, 2021",Ananya Lee,Home Office,South,Furniture,Tables,Bevis Table Value,1498.97,4.0,0.0,337.86
2640,US-2023-103297,07/17/2023,21/07/2023,Priya Kumar,Consumer,East,Office Supplies,Appliances,Hoover Vacuum Value,182.94,2.0,0.2,42.2
2641,US-2024-101357,12/09/2024,14/12/2024,Mia Martinez,Corporate,South,Office Supplies,Paper,Boise Copy Paper Value,20.9,2.0,0.4,8.55
2642,US-2023-101631,26/02/2023,02-Mar-2023,Olivia Chen,Corporate,East,Office Supplies,Storage,SAFCO Storage Bin Value,96.02,1.0,0.2,31.52
2643,US-2024-100681,"November 15, 2024",11/18/2024,Sofia Johnson,Consumer,West,Office Supplies,Paper,HP Premium Paper Classic,18.74,2.0,0.0,11.65
2644,US-2022-101351,10-Jan-2022,2022-01-13,Ethan Martinez,Consumer,West,Technology,Copiers,Hewlett Packard Copier Pro,7273.22,3.0,0.0,1547.63
2645,US-2023-101936,01/01/2023,06/01/2023,Wei Smith,Corporate,East,Office Supplies,Appliances,Avanti Refrigerator Classic,211.38,2.0,0.0,84.27
2646,US-2021-101061,16-Jun-2021,2021-06-18,Ethan Nair,Consumer,South,Office Supplies,Fasteners,Bostitch Staples Value,3.6,2.0,0.6,0.48
2647,US-2024-101954,2024-06-10,"June 12, 2024",Kavya Chen,Consumer,East,Office Supplies,Binders,Wilson Jones Binder Pro,14.93,1.0,0.15,7.32
2648,US-2022-100323,2022-06-07,"June 11, 2022",Noah Thomas,Consumer,East,Office Supplies,Appliances,Honeywell Fan Pro,426.41,5.0,0.1,137.1
2649,US-2021-102374,19-Apr-2021,2021-04-24,Isabella Brown,Corporate,Central,Furniture,Chairs,Hon Task Chair Standard,561.15,4.0,0.1,128.26
2650,US-2022-101206,20/02/2022,26-Feb-2022,Ethan Davis,Consumer,Central,Office Supplies,Art,Newell Scissors Pro,31.32,2.0,0.1,17.59
2651,US-2021-100566,"April 04, 2021",04/10/2021,Laura Kumar,Consumer,East,Office Supplies,Fasteners,ACCO Fasteners Classic,16.72,5.0,0.15,10.48
2652,US-2021-101725,13/07/2021,16-Jul-2021,Maria Wright,Consumer,Central,Office Supplies,Fasteners,ACCO Fasteners Standard,4.89,1.0,0.0,3.32
2653,US-2022-101675,28/02/2022,05-Mar-2022,Mia Walker,Corporate,West,Furniture,Chairs,Hon Task Chair Value,277.84,4.0,0.3,5.68
2654,US-2021-100310,31-Aug-2021,2021-09-05,Sofia Young,Corporate,West,Furniture,Furnishings,Fellowes Wall Clock Deluxe,139.15,3.0,0.2,39.91
2655,US-2021-102067,21-Nov-2021,2021-11-25,Olivia Young,Corporate,Central,Furniture,Tables,Bretford Conference Table Deluxe,1097.8,3.0,0.1,170.44
2656,US-2023-101087,02/05/2023,05-May-2023,Amit Nair,Home Office,Central,Furniture,Furnishings,Tenex Chairmat Value,113.79,2.0,0.1,44.16
2657,US-2022-102229,10/11/2022,12-Nov-2022,Noah Anderson,Corporate,West,Office Supplies,Supplies,Stanley Hole Punch Standard,19.57,1.0,0.4,4.07
2658,US-2024-102987,03-Mar-2024,2024-03-07,Noah Rodriguez,Corporate,Central,Technology,Copiers,Canon imageCLASS Copier Value,5115.35,3.0,0.0,898.19
2659,US-2024-102701,"October 26, 2024",10/31/2024,Olivia Martinez,Home Office,East,Furniture,Furnishings,Eldon Desk Lamp Pro,335.46,5.0,0.0,144.53
2660,US-2023-101816,"April 21, 2023",04/23/2023,Noah Smith,Consumer,West,Technology,Machines,Cubify 3D Printer Value,588.46,2.0,0.1,86.02
2661,US-2023-100952,19-May-2023,2023-05-21,Carlos Clark,Home Office,South,Office Supplies,Binders,Wilson Jones Binder Value,85.25,5.0,0.15,46.0
2662,US-2021-101338,"June 20, 2021",06/23/2021,Arjun Clark,Consumer,Central,Office Supplies,Binders,Wilson Jones Binder Deluxe,87.22,4.0,0.0,53.26
2663,US-2021-100377,02/04/2021,06-Apr-2021,Omar Patel,Consumer,West,Office Supplies,Binders,Wilson Jones Binder Deluxe,19.57,1.0,0.15,11.05
2664,US-2023-103249,11/26/2023,01/12/2023,Amit Rodriguez,Consumer,Central,Technology,Accessories,SanDisk USB Drive Value,38.32,1.0,0.4,2.95
2665,US-2022-100575,09-Aug-2022,2022-08-11,Laura Clark,Consumer,West,Office Supplies,Storage,IRIS Storage Box Standard,124.5,2.0,0.2,32.65
2666,US-2024-102860,09/24/2024,27/09/2024,Nina Clark,Consumer,Central,Office Supplies,Fasteners,Bostitch Staples Pro,5.37,1.0,0.15,3.6
2667,US-2022-101996,24-Jul-2022,2022-07-26,Zoe Brown,Home Office,South,Office Supplies,Fasteners,Bostitch Staples Value,15.28,3.0,0.0,10.9
2668,US-2022-101002,"December 16, 2022",12/19/2022,Omar King,Consumer,Central,Furniture,Furnishings,Eldon Desk Lamp Classic,97.59,3.0,0.0,39.87
2669,US-2024-101345,"April 20, 2024",04/26/2024,Zoe Nair,Corporate,South,Office Supplies,Appliances,Avanti Refrigerator Pro,366.61,2.0,0.1,126.02
2670,US-2022-102246,12-May-2022,2022-05-16,Sofia Wright,Home Office,East,Office Supplies,Fasteners,ACCO Fasteners Pro,3.44,1.0,0.5,1.15
2671,US-2022-103019,21-Jun-2022,2022-06-26,Laura Thomas,Home Office,West,Office Supplies,Storage,IRIS Storage Box Standard,74.24,1.0,0.0,33.38
2672,US-2022-101783,2022-10-16,"October 17, 2022",Liam King,Consumer,East,Furniture,Bookcases,Bush Classic Bookcase Classic,462.89,2.0,0.2,51.86
2673,US-2022-100092,2022-07-04,"July 10, 2022",Mateo Davis,Corporate,Central,Technology,Phones,Samsung Galaxy Dock Classic,1008.36,4.0,0.0,309.03
2674,US-2021-101372,2021-04-17,"April 21, 2021",Yusuf Thomas,Consumer,East,Office Supplies,Art,Prismacolor Pencils Standard,23.81,2.0,0.4,7.53
2675,US-2024-101895,"August 25, 2024",08/29/2024,Grace Lee,Consumer,East,Office Supplies,Labels,Avery Label Set Deluxe,5.9,2.0,0.7,-0.55
2676,US-2022-102819,10-Apr-2022,2022-04-13,Hannah Wright,Home Office,West,Furniture,Chairs,Harbour Creations Chair Value,427.74,3.0,0.3,6.66
2677,US-2021-100651,13/06/2021,16-Jun-2021,,Home Office,East,Office Supplies,Art,Sharpie Marker Set Value,19.98,3.0,0.3,7.59
2678,US-2023-102013,"March 07, 2023",03/10/2023,Arjun Kumar,Corporate,Central,Office Supplies,Envelopes,Poly String Envelope Standard,11.78,3.0,0.7,-2.87
2679,US-2021-101388,04/09/2021,10-Sep-2021,Maria King,Consumer,Central,Technology,Phones,Apple iPhone Accessory Value,552.13,2.0,0.2,58.27
2680,US-2023-102865,05/24/2023,26/05/2023,Daniel Kumar,Consumer,Central,Office Supplies,Fasteners,Bostitch Staples Standard,7.06,1.0,0.2,4.69
2681,US-2021-100166,"June 15, 2021",06/19/2021,Mateo Wright,Corporate,Central,Office Supplies,Supplies,Elmer's Glue Pack Classic,42.22,2.0,0.0,23.38
2682,US-2023-100552,2023-09-17,"September 18, 2023",Kenji Nair,Consumer,West,Furniture,Bookcases,Bush Classic Bookcase Classic,962.14,4.0,0.2,90.49
2683,US-2024-101928,14/04/2024,17-Apr-2024,Yusuf Garcia,Corporate,West,Office Supplies,Envelopes,Kraft Clasp Envelope Standard,5.54,1.0,0.3,2.75
2684,US-2023-102631,2023-06-27,"July 01, 2023",Mateo Young,Home Office,South,Office Supplies,Storage,IRIS Storage Box Classic,147.58,2.0,0.0,62.34
2685,US-2021-102090,2021-09-11,"September 15, 2021",Maria Thomas,Consumer,East,Office Supplies,Binders,GBC Binding System Classic,16.21,1.0,0.2,7.18
2686,US-2024-101726,07/11/2024,15/07/2024,James Brown,Corporate,Central,Office Supplies,Envelopes,Kraft Clasp Envelope Classic,35.96,3.0,0.2,18.36
2687,US-2023-103062,06/27/2023,03/07/2023,Grace Martinez,Consumer,West,Furniture,Chairs,Harbour Creations Chair Deluxe,566.15,5.0,0.4,-107.26
2688,US-2022-102520,03/21/2022,22/03/2022,Kenji King,Consumer,Central,Office Supplies,Binders,Acco Binder Pro,16.4,1.0,0.3,7.24
2689,US-2022-101802,04/06/2022,10/04/2022,James Thomas,Home Office,East,Technology,Machines,Cubify 3D Printer Value,3641.47,4.0,0.0,898.26
2690,US-2021-103314,2021-11-20,"November 24, 2021",James Brown,Consumer,East,Office Supplies,Supplies,Stanley Hole Punch Standard,10.28,1.0,0.1,5.14
2691,US-2021-100561,15-Mar-2021,2021-03-19,Mia Young,Consumer,Central,Technology,Phones,Apple iPhone Accessory Value,1248.01,6.0,0.0,416.14
2692,US-2023-101407,21/07/2023,26-Jul-2023,Kenji Lee,Corporate,East,Furniture,Bookcases,O'Sullivan Bookcase Value,208.25,1.0,0.1,43.66
2693,US-2024-103199,2024-10-23,"October 27, 2024",Emma Kumar,Consumer,West,Office Supplies,Storage,IRIS Storage Box Pro,171.08,4.0,0.6,-70.55
2694,US-2021-102919,01/04/2021,11/01/2021,Hannah Young,Consumer,West,Office Supplies,Paper,Xerox Multipurpose Paper Pro,18.41,2.0,0.2,9.9
2695,US-2022-103219,01-Apr-2022,2022-04-04,Kavya Johnson,Consumer,West,Office Supplies,Art,Sharpie Marker Set Pro,26.5,2.0,0.3,11.65
2696,US-2021-101010,"July 14, 2021",07/17/2021,Kavya Thomas,Home Office,East,Office Supplies,Envelopes,Poly String Envelope Value,49.06,3.0,0.0,29.26
2697,US-2023-103173,2023-06-26,"June 28, 2023",Yusuf Martinez,Consumer,East,Technology,Phones,Apple iPhone Accessory Value,658.27,2.0,0.0,181.33
2698,US-2021-103265,2021-01-28,"January 31, 2021",Daniel Clark,Corporate,South,Office Supplies,Art,Newell Scissors Classic,11.9,1.0,0.2,5.75
2699,US-2021-103156,"January 28, 2021",01/31/2021,Noah Anderson,Consumer,South,Office Supplies,Fasteners,ACCO Fasteners Deluxe,37.41,6.0,0.0,26.3
2700,US-2022-102634,13/06/2022,16-Jun-2022,Omar Lee,Consumer,Central,Office Supplies,Art,Sharpie Marker Set Pro,7.55,2.0,0.7,-2.25
2701,US-2021-102347,2021-03-13,"March 17, 2021",Mia Kumar,Home Office,East,Technology,Copiers,Canon imageCLASS Copier Standard,6227.76,4.0,0.1,785.7
2702,US-2023-100589,2023-12-03,"December 04, 2023",Wei Walker,Corporate,West,Furniture,Chairs,Global Deluxe Chair Value,555.51,2.0,0.0,
2703,US-2021-102119,2021-09-04,"September 09, 2021",Kenji Smith,Home Office,West,Office Supplies,Fasteners,ACCO Fasteners Standard,5.06,3.0,0.6,
2704,US-2024-103269,2024-06-12,"June 19, 2024",Wei Johnson,Consumer,Central,Office Supplies,Appliances,Avanti Refrigerator Deluxe,75.55,1.0,0.4,-1.87
2705,US-2024-102397,08/02/2024,06/08/2024,Nina King,Consumer,South,Furniture,Tables,Bretford Conference Table Value,1281.43,4.0,0.15,147.72
2706,US-2022-103215,02/02/2022,06/02/2022,Ethan Johnson,Consumer,West,Office Supplies,Labels,Avery Label Set Standard,19.01,2.0,0.0,13.04
2707,US-2024-100587,12/24/2024,27/12/2024,Kenji Garcia,Home Office,South,Furniture,Bookcases,Sauder Bookcase Pro,637.86,3.0,0.2,51.46
2708,US-2023-101898,"February 01, 2023",02/03/2023,Daniel Clark,Corporate,South,Furniture,Chairs,Harbour Creations Chair Deluxe,257.2,3.0,0.0,82.69
2709,US-2024-103069,2024-02-03,"February 06, 2024",Grace Chen,Consumer,East,Office Supplies,Storage,IRIS Storage Box Classic,459.88,5.0,0.0,202.52
2710,US-2022-101854,26-Jun-2022,2022-07-01,Amit Young,Consumer,East,Office Supplies,Paper,HP Premium Paper Pro,9.66,1.0,0.3,4.82
2711,US-2021-103164,05-Aug-2021,2021-08-08,Isabella Smith,Corporate,East,Furniture,Chairs,Hon Task Chair Deluxe,523.75,2.0,0.0,181.22
2712,US-2022-102246,"May 12, 2022",05/16/2022,Sofia Wright,Home Office,East,Office Supplies,Storage,SAFCO Storage Bin Classic,219.43,3.0,0.1,77.57
2713,US-2022-102572,25-Dec-2022,2022-12-31,,Consumer,South,Technology,Machines,Cubify 3D Printer Classic,1427.63,2.0,0.15,101.75
2714,US-2022-101806,08-Jun-2022,2022-06-11,Ravi Johnson,Consumer,West,Office Supplies,Appliances,Avanti Refrigerator Classic,194.56,2.0,0.0,74.68
2715,US-2023-102692,20-Jul-2023,2023-07-25,Laura Lee,Corporate,Central,Office Supplies,Storage,IRIS Storage Box Value,160.14,2.0,0.0,67.8
2716,US-2023-100862,23-Dec-2023,2023-12-27,Amit Clark,Corporate,South,Furniture,Bookcases,Sauder Bookcase Value,301.44,4.0,0.1,53.17
2717,US-2022-100833,2022-10-30,"November 03, 2022",Mia Chen,Consumer,East,Office Supplies,Envelopes,Kraft Clasp Envelope Classic,52.3,6.0,0.15,27.02
2718,US-2024-100153,22/08/2024,23-Aug-2024,Isabella Patel,Consumer,West,Technology,Accessories,SanDisk USB Drive Standard,98.72,2.0,0.0,46.52
2719,US-2021-101825,03/05/2021,10-May-2021,,Consumer,South,Technology,Phones,Samsung Galaxy Dock Classic,1331.43,4.0,0.0,389.24
2720,US-2021-101616,23-Feb-2021,2021-02-27,Nina Brown,Consumer,South,Technology,Copiers,Canon imageCLASS Copier Value,2484.52,3.0,0.4,-783.08
2721,US-2022-100551,07/01/2022,12-Jan-2022,Daniel Lee,Consumer,West,Office Supplies,Labels,Avery Label Set Deluxe,13.16,2.0,0.5,4.33
2722,US-2022-102417,2022-09-27,"October 04, 2022",Kavya Wright,Corporate,Central,Office Supplies,Paper,Xerox Multipurpose Paper Deluxe,73.44,6.0,0.0,49.69
2723,US-2021-102878,"March 30, 2021",04/05/2021,Priya Thomas,Home Office,East,Office Supplies,Envelopes,Kraft Clasp Envelope Deluxe,37.81,2.0,0.0,23.76
2724,US-2021-101434,2021-01-23,"January 25, 2021",Ravi Clark,Consumer,West,Office Supplies,Fasteners,Bostitch Staples Value,5.87,1.0,0.2,3.67
2725,US-2022-101303,"June 12, 2022",06/16/2022,Yusuf Nair,Consumer,Central,Office Supplies,Appliances,Avanti Refrigerator Deluxe,635.75,5.0,0.4,24.35
2726,US-2021-102046,2021-01-20,"January 24, 2021",Carlos Smith,Consumer,East,Office Supplies,Labels,Avery Label Set Deluxe,6.09,1.0,0.4,2.86
2727,US-2022-100141,02/12/2022,15/02/2022,Ravi Nair,Home Office,West,Office Supplies,Labels,Sharpie Label Tape Pro,12.86,2.0,0.0,8.57
2728,US-2024-100947,06/08/2024,09-Aug-2024,Noah King,Consumer,East,Office Supplies,Paper,Xerox Multipurpose Paper Standard,44.76,4.0,0.2,23.5
2729,US-2021-101043,"October 26, 2021",10/31/2021,James Anderson,Home Office,Central,Technology,Accessories,Logitech Mouse Value,110.18,3.0,0.2,39.26
2730,US-2021-103274,"April 23, 2021",04/26/2021,Priya Clark,Consumer,South,Furniture,Chairs,Harbour Creations Chair Value,198.33,1.0,0.0,67.06
2731,US-2021-102148,2021-03-12,"March 18, 2021",Mateo Anderson,Consumer,East,Furniture,Furnishings,Eldon Desk Lamp Value,163.36,2.0,0.0,73.72
2732,US-2024-100549,"June 27, 2024",06/29/2024,Arjun Chen,Consumer,East,Technology,Accessories,SanDisk USB Drive Deluxe,59.6,1.0,0.0,28.99
2733,US-2024-101785,"July 22, 2024",07/27/2024,Ananya Wright,Consumer,East,Furniture,Tables,Bevis Table Pro,901.97,2.0,0.0,226.61
2734,US-2021-100155,"November 13, 2021",11/18/2021,Laura Clark,Consumer,West,Technology,Copiers,Hewlett Packard Copier Standard,1277.86,2.0,0.4,-407.71
2735,US-2024-100398,19/07/2024,21-Jul-2024,Isabella Kumar,Corporate,East,Furniture,Chairs,Hon Task Chair Deluxe,174.13,1.0,0.15,30.29
2736,US-2021-102087,2021-10-30,"November 04, 2021",Ethan Lee,Corporate,Central,Technology,Machines,Zebra Label Printer Classic,2991.51,4.0,0.2,-30.88
2737,US-2024-101139,2024-05-27,"May 31, 2024",Mateo Lee,Consumer,East,Furniture,Bookcases,Bush Classic Bookcase Standard,376.94,1.0,0.0,108.53
2738,US-2022-102283,23-Nov-2022,2022-11-26,Ananya Walker,Consumer,West,Furniture,Furnishings,Fellowes Wall Clock Standard,74.44,2.0,0.4,6.4
2739,US-2023-100688,03-Dec-2023,2023-12-05,Ethan Clark,Consumer,East,Office Supplies,Binders,Wilson Jones Binder Deluxe,28.43,2.0,0.15,13.7
2740,US-2024-103239,"April 19, 2024",04/21/2024,Chloe Wilson,Consumer,West,Office Supplies,Binders,Acco Binder Standard,23.97,2.0,0.5,4.26
2741,US-2022-102544,2022-08-01,"August 06, 2022",Sofia Patel,Consumer,South,Furniture,Furnishings,Fellowes Wall Clock Value,96.57,2.0,0.15,36.21
2742,US-2023-101619,06/16/2023,20/06/2023,Ananya Wright,Consumer,West,Office Supplies,Labels,Sharpie Label Tape Standard,8.45,1.0,0.1,5.71
2743,US-2021-101553,01/28/2021,03/02/2021,Zoe Martinez,Consumer,West,Technology,Accessories,Belkin Cable Pro,82.09,2.0,0.0,41.46
2744,US-2021-102866,14-Aug-2021,2021-08-17,Laura King,Corporate,West,Furniture,Tables,Bretford Conference Table Value,751.5,2.0,0.0,211.77
2745,US-2021-101056,10/31/2021,03/11/2021,Ananya Martinez,Corporate,Central,Office Supplies,Binders,Acco Binder Value,52.67,2.0,0.0,31.29
2746,US-2024-101444,"March 13, 2024",03/16/2024,Kavya Johnson,Consumer,East,Furniture,Tables,Bretford Conference Table Pro,915.0,4.0,0.3,-69.94
2747,US-2024-101382,11-Aug-2024,2024-08-16,Maria Anderson,Consumer,East,Office Supplies,Appliances,Honeywell Fan Pro,320.01,2.0,0.1,111.59
2748,US-2022-101653,2022-10-04,"October 08, 2022",Lucas Walker,Consumer,West,Technology,Phones,Cisco IP Phone Deluxe,751.92,3.0,0.2,
2749,US-2021-102280,13-Dec-2021,2021-12-16,Yusuf Anderson,Consumer,East,Furniture,Tables,Chromcraft Round Table Deluxe,504.35,1.0,0.0,118.01
2750,US-2023-101143,2023-04-15,"April 19, 2023",Yusuf Kumar,Consumer,Central,Office Supplies,Storage,IRIS Storage Box Pro,122.14,1.0,0.0,51.58
2751,US-2022-100355,09-Sep-2022,2022-09-11,Arjun Nair,Consumer,East,Furniture,Furnishings,Tenex Chairmat Classic,57.49,1.0,0.0,27.37
2752,US-2023-101831,2023-01-30,"February 03, 2023",Kavya Martinez,Consumer,East,Office Supplies,Envelopes,Kraft Clasp Envelope Deluxe,39.15,2.0,0.0,24.4
2753,US-2024-101357,09-Dec-2024,2024-12-14,Mia Martinez,Corporate,South,Office Supplies,Storage,IRIS Storage Box Classic,98.1,1.0,0.0,42.61
2754,US-2021-101518,"September 12, 2021",09/19/2021,Ethan Kumar,Home Office,West,Office Supplies,Storage,SAFCO Storage Bin Standard,85.4,1.0,0.0,35.57
2755,US-2024-100025,13/11/2024,17-Nov-2024,Noah Anderson,Consumer,East,Technology,Copiers,Hewlett Packard Copier Classic,4680.86,4.0,0.0,1091.7
2756,US-2023-101132,"February 12, 2023",02/15/2023,Priya Wright,Corporate,East,Technology,Machines,Cubify 3D Printer Value,1454.76,2.0,0.0,309.87
2757,US-2023-100980,19/05/2023,22-May-2023,Noah Walker,Consumer,South,Technology,Machines,Lexmark Printer Standard,648.8,1.0,0.1,80.65
2758,US-2024-101867,09-Nov-2024,2024-11-14,Kenji Nair,Corporate,Central,Furniture,Chairs,Global Deluxe Chair Value,902.51,4.0,0.1,244.75
2759,US-2021-100149,"July 04, 2021",07/07/2021,Omar Lee,Consumer,East,Technology,Phones,Samsung Galaxy Dock Value,295.43,2.0,0.4,-48.63
2760,US-2024-101457,25/10/2024,01-Nov-2024,,Corporate,South,Office Supplies,Labels,Sharpie Label Tape Pro,13.97,3.0,0.4,7.53
2761,US-2022-100506,08-Sep-2022,2022-09-11,Carlos Rodriguez,Corporate,Central,Office Supplies,Appliances,Hoover Vacuum Classic,231.91,2.0,0.0,99.22
2762,US-2022-102487,12-Feb-2022,2022-02-16,Lucas Thomas,Consumer,Central,Office Supplies,Appliances,Honeywell Fan Deluxe,253.72,2.0,0.15,82.41
2763,US-2024-103321,08/05/2024,09/08/2024,Arjun Davis,Home Office,Central,Technology,Phones,Samsung Galaxy Dock Value,1277.65,4.0,0.3,-29.52
2764,US-2024-101958,18-Dec-2024,2024-12-21,Omar Martinez,Home Office,East,Furniture,Tables,Chromcraft Round Table Pro,483.09,1.0,0.0,116.67
2765,US-2022-100740,"March 31, 2022",04/05/2022,Noah Thomas,Home Office,West,Office Supplies,Storage,IRIS Storage Box Pro,95.26,1.0,0.0,37.19
2766,US-2022-100675,23-Jun-2022,2022-06-26,Emma Wilson,Corporate,Central,Furniture,Furnishings,Fellowes Wall Clock Pro,54.23,1.0,0.0,
2767,US-2023-101877,2023-12-26,"December 31, 2023",Sofia Walker,Consumer,Central,Office Supplies,Appliances,Avanti Refrigerator Classic,257.95,2.0,0.0,106.04
2768,US-2022-101177,30-Apr-2022,2022-05-07,Wei Wright,Consumer,West,Technology,Copiers,Canon imageCLASS Copier Classic,5402.87,4.0,0.0,1266.56
2769,US-2023-100329,"January 07, 2023",01/09/2023,Lucas Nair,Consumer,West,Office Supplies,Fasteners,ACCO Fasteners Classic,17.42,2.0,0.0,11.46
2770,US-2024-100539,01/01/2024,06-Jan-2024,Daniel Johnson,Consumer,West,Office Supplies,Storage,Fellowes File Cart Standard,180.9,2.0,0.2,41.87
2771,US-2024-101568,21/10/2024,24-Oct-2024,Grace Lee,Consumer,South,Technology,Accessories,SanDisk USB Drive Value,188.0,6.0,0.2,60.52
2772,US-2024-100281,20/03/2024,24-Mar-2024,Yusuf Young,Consumer,South,Office Supplies,Art,Sharpie Marker Set Pro,50.21,6.0,0.0,28.26
2773,US-2024-101325,11/17/2024,22/11/2024,Omar Chen,Corporate,South,Technology,Copiers,Hewlett Packard Copier Pro,1978.3,2.0,0.3,-337.72
2774,US-2022-100790,2022-11-18,"November 21, 2022",Kavya Garcia,Consumer,South,Furniture,Chairs,Hon Task Chair Deluxe,662.38,5.0,,225.97
2775,US-2023-102630,"April 21, 2023",04/26/2023,Maria Thomas,Consumer,Central,Office Supplies,Storage,SAFCO Storage Bin Pro,270.24,3.0,0.1,87.62
2776,US-2022-101530,2022-05-12,"May 18, 2022",Yusuf Brown,Consumer,South,Office Supplies,Appliances,Hoover Vacuum Classic,345.22,3.0,0.2,82.33
2777,US-2022-100005,28-Nov-2022,2022-11-29,Arjun Garcia,Consumer,West,Office Supplies,Paper,HP Premium Paper Standard,27.06,4.0,0.15,15.36
2778,US-2021-101386,2021-08-17,"August 20, 2021",Ananya Smith,Home Office,South,Furniture,Tables,Bretford Conference Table Pro,381.03,3.0,0.6,-323.58
2779,US-2023-102869,27-Apr-2023,2023-05-03,Yusuf Brown,Consumer,South,Technology,Copiers,Hewlett Packard Copier Deluxe,1828.7,1.0,0.0,278.37
2780,US-2023-103065,2023-11-16,"November 18, 2023",Zoe Clark,Home Office,West,Office Supplies,Storage,Fellowes File Cart Value,106.85,2.0,0.2,26.23
2781,US-2024-102432,2024-09-30,"October 04, 2024",Noah Wright,Consumer,East,Office Supplies,Labels,Avery Label Set Standard,7.22,2.0,0.3,3.51
2782,US-2022-103202,06/10/2022,07-Oct-2022,Noah Thomas,Corporate,Central,Technology,Accessories,SanDisk USB Drive Pro,41.51,1.0,,22.05
2783,US-2024-100860,2024-07-29,"August 01, 2024",Sofia Brown,Consumer,Central,Office Supplies,Labels,Avery Label Set Pro,17.41,2.0,0.0,11.46
2784,US-2024-100718,11/12/2024,15/11/2024,Ravi Martinez,Consumer,East,Office Supplies,Binders,GBC Binding System Standard,15.91,1.0,0.15,7.96
2785,US-2024-101452,05/27/2024,28/05/2024,Wei Garcia,Corporate,Central,Technology,Machines,Lexmark Printer Value,1313.43,2.0,0.1,159.51
2786,US-2023-101586,"May 21, 2023",05/24/2023,Liam Smith,Consumer,East,Office Supplies,Art,Newell Scissors Value,31.44,2.0,0.1,17.13
2787,US-2023-101080,31/12/2023,04-Jan-2024,James Smith,Corporate,West,Office Supplies,Art,Newell Scissors Standard,36.16,4.0,0.15,18.75
2788,US-2022-101639,11/23/2022,26/11/2022,Kavya Lee,Home Office,Central,Office Supplies,Storage,IRIS Storage Box Pro,235.72,2.0,0.0,99.2
2789,US-2021-100461,"October 09, 2021",10/16/2021,Isabella Brown,Consumer,South,Office Supplies,Supplies,Stanley Hole Punch Value,9.39,1.0,0.7,-3.89
2790,US-2022-101361,13/03/2022,18-Mar-2022,James King,Home Office,West,Office Supplies,Art,Newell Scissors Pro,44.06,2.0,0.0,26.0
2791,US-2021-100606,10/17/2021,21/10/2021,Ananya Johnson,Consumer,Central,Office Supplies,Storage,IRIS Storage Box Value,432.76,3.0,0.0,174.95
2792,US-2022-102154,01/10/2022,13/01/2022,Emma Thomas,Corporate,South,Office Supplies,Fasteners,ACCO Fasteners Classic,7.54,1.0,0.3,4.21
2793,US-2022-101863,"August 27, 2022",08/29/2022,Zoe Martinez,Consumer,Central,Technology,Phones,Samsung Galaxy Dock Classic,582.42,2.0,0.1,137.55
2794,US-2022-101192,11/19/2022,24/11/2022,Daniel Anderson,Consumer,Central,Office Supplies,Appliances,Honeywell Fan Standard,83.39,1.0,0.0,34.04
2795,US-2024-100763,07-May-2024,2024-05-11,Mia Chen,Home Office,Central,Office Supplies,Storage,Fellowes File Cart Value,102.6,1.0,0.1,36.35
2796,US-2023-101058,"December 14, 2023",12/19/2023,Nina King,Consumer,East,Furniture,Chairs,Global Deluxe Chair Standard,591.77,3.0,0.0,201.21
2797,US-2023-102377,18/10/2023,23-Oct-2023,Laura Davis,Consumer,East,Office Supplies,Art,Sharpie Marker Set Deluxe,5.02,1.0,0.7,-2.02
2798,US-2023-100258,07/10/2023,13/07/2023,Emma Garcia,Corporate,East,Technology,Copiers,Hewlett Packard Copier Deluxe,378.84,1.0,0.7,-636.35
2799,US-2022-100525,2022-06-18,"June 25, 2022",Kavya Anderson,Corporate,West,Technology,Copiers,Canon imageCLASS Copier Classic,2145.77,3.0,0.4,-742.75
2800,US-2024-103014,2024-01-18,"January 21, 2024",Priya Brown,Corporate,West,Furniture,Bookcases,Bush Classic Bookcase Deluxe,201.3,1.0,0.1,36.47
2801,US-2022-101639,23-Nov-2022,2022-11-26,Kavya Lee,Home Office,Central,Technology,Accessories,SanDisk USB Drive Pro,44.11,1.0,0.3,11.82
2802,US-2024-100465,03/25/2024,29/03/2024,Amit Lee,Corporate,West,Furniture,Tables,Bretford Conference Table Deluxe,474.69,1.0,0.0,102.69
2803,US-2023-101587,06/30/2023,04/07/2023,Maria Martinez,Corporate,West,Office Supplies,Envelopes,Poly String Envelope Deluxe,15.98,1.0,0.15,8.21
2804,US-2024-103272,24/11/2024,27-Nov-2024,Maria Clark,Home Office,East,Technology,Phones,Cisco IP Phone Deluxe,551.39,3.0,0.1,122.65
2805,US-2024-101039,18/08/2024,22-Aug-2024,Daniel Davis,Consumer,Central,Technology,Phones,Samsung Galaxy Dock Value,792.39,2.0,0.0,263.55
2806,US-2021-101276,10/07/2021,14/10/2021,Hannah Nair,Consumer,East,Technology,Machines,Cubify 3D Printer Deluxe,387.35,1.0,0.5,-211.3
2807,US-2022-101975,2022-03-24,"March 27, 2022",Chloe Patel,Corporate,South,Office Supplies,Binders,Wilson Jones Binder Pro,15.99,1.0,0.0,9.5
2808,US-2024-102294,"September 23, 2024",09/27/2024,Liam Wilson,Home Office,Central,Technology,Copiers,Canon imageCLASS Copier Pro,1389.21,3.0,0.7,-2247.73
2809,US-2021-101450,"September 26, 2021",10/03/2021,Mateo Anderson,Home Office,Central,Furniture,Tables,Bevis Table Classic,920.61,2.0,0.1,162.98
2810,US-2022-103283,"August 11, 2022",08/17/2022,Mia Davis,Corporate,East,Furniture,Furnishings,Tenex Chairmat Pro,84.48,2.0,0.3,17.81
2811,US-2021-102916,20-Dec-2021,2021-12-25,Sofia Garcia,Consumer,Central,Technology,Copiers,Canon imageCLASS Copier Deluxe,3575.07,3.0,0.0,535.57
2812,US-2021-100527,"September 03, 2021",09/09/2021,Amit Lee,Consumer,West,Office Supplies,Supplies,Elmer's Glue Pack Classic,20.08,1.0,0.0,10.72
2813,US-2024-101807,"February 24, 2024",02/28/2024,Chloe Chen,Consumer,Central,Office Supplies,Paper,Boise Copy Paper Value,12.48,1.0,0.15,7.27
2814,US-2021-100652,04/28/2021,01/05/2021,Nina Kumar,Consumer,West,Office Supplies,Fasteners,Bostitch Staples Standard,14.91,2.0,0.0,10.3
2815,US-2021-102457,16/02/2021,20-Feb-2021,Priya King,Consumer,West,Furniture,Furnishings,Tenex Chairmat Standard,106.09,4.0,0.4,11.7
2816,US-2022-103221,2022-04-06,"April 12, 2022",Liam Rodriguez,Corporate,West,Office Supplies,Binders,GBC Binding System Deluxe,18.97,1.0,0.0,11.54
2817,US-2023-100309,07/08/2023,11/07/2023,Amit Lee,Consumer,East,Technology,Machines,Zebra Label Printer Pro,1289.27,2.0,0.0,309.8
2818,US-2024-101930,"June 03, 2024",06/08/2024,Ethan Garcia,Corporate,East,Furniture,Bookcases,O'Sullivan Bookcase Pro,245.23,1.0,0.15,38.64
2819,US-2022-101459,"May 17, 2022",05/22/2022,Hannah Young,Home Office,West,Office Supplies,Envelopes,Kraft Clasp Envelope Deluxe,22.91,2.0,0.0,14.68
2820,US-2024-102743,12/02/2024,06/12/2024,Chloe Davis,Corporate,Central,Furniture,Chairs,Global Deluxe Chair Pro,460.13,2.0,0.1,118.45
2821,US-2024-102498,01/09/2024,11/01/2024,Ethan Wilson,Corporate,Central,Technology,Accessories,Logitech Mouse Deluxe,67.66,1.0,0.1,30.96
2822,US-2024-102134,2024-03-24,"March 27, 2024",James Wilson,Consumer,South,Technology,Accessories,SanDisk USB Drive Standard,204.5,6.0,0.4,26.27
2823,US-2024-102771,2024-12-26,"December 28, 2024",Noah Smith,Consumer,East,Technology,Machines,Zebra Label Printer Standard,378.62,1.0,0.2,1.18
2824,US-2023-101369,2023-09-09,"September 12, 2023",Yusuf Wilson,Home Office,East,Furniture,Bookcases,Bush Classic Bookcase Classic,237.07,1.0,0.0,64.77
2825,US-2023-101025,29-Dec-2023,2024-01-01,Chloe Patel,Home Office,Central,Furniture,Chairs,Global Deluxe Chair Deluxe,349.68,2.0,0.0,119.14
2826,US-2022-100354,2022-08-21,"August 27, 2022",Isabella Lee,Consumer,Central,Technology,Machines,Cubify 3D Printer Pro,1804.14,5.0,0.0,393.8
2827,US-2024-100336,2024-07-15,"July 20, 2024",Emma Chen,Corporate,West,Office Supplies,Supplies,Elmer's Glue Pack Pro,10.8,1.0,0.2,4.72
2828,US-2021-102501,09/01/2021,06/09/2021,Wei Clark,Home Office,South,Furniture,Tables,Bretford Conference Table Deluxe,567.5,2.0,0.3,-54.81
2829,US-2024-102317,"October 25, 2024",10/28/2024,Arjun Rodriguez,Consumer,Central,Technology,Machines,Zebra Label Printer Deluxe,841.59,3.0,0.5,-478.04
2830,US-2023-100199,"July 12, 2023",07/17/2023,Ananya Thomas,Corporate,South,Office Supplies,Storage,Fellowes File Cart Classic,106.47,1.0,0.1,36.1
2831,US-2024-102885,2024-12-16,"December 19, 2024",Chloe Young,Corporate,South,Technology,Accessories,Logitech Mouse Pro,31.31,1.0,0.4,4.97
2832,US-2022-102398,"August 22, 2022",08/23/2022,,Consumer,West,Office Supplies,Labels,Avery Label Set Value,11.0,1.0,0.0,7.25
2833,US-2022-100251,17/07/2022,20-Jul-2022,Liam Anderson,Consumer,West,Office Supplies,Binders,Acco Binder Value,43.68,3.0,0.3,20.38
2834,US-2023-101134,"March 21, 2023",03/22/2023,Mateo Young,Consumer,East,Furniture,Tables,Bevis Table Standard,1721.57,4.0,0.0,439.03
2835,US-2022-100055,28-Jun-2022,2022-06-29,Maria Patel,Corporate,Central,Technology,Copiers,Hewlett Packard Copier Pro,1916.53,1.0,0.0,366.27
2836,US-2022-102104,"March 04, 2022",03/08/2022,Emma King,Consumer,Central,Technology,Machines,Lexmark Printer Deluxe,563.53,1.0,0.3,-74.36
2837,US-2023-101241,20/04/2023,26-Apr-2023,Ethan Kumar,Consumer,East,Office Supplies,Envelopes,Poly String Envelope Value,8.92,1.0,0.2,4.86
2838,US-2023-100913,07-May-2023,2023-05-11,Sofia Thomas,Consumer,West,Office Supplies,Binders,Wilson Jones Binder Value,9.78,1.0,0.0,6.07
2839,US-2023-101719,07/05/2023,11-May-2023,Ravi Smith,Corporate,Central,Office Supplies,Envelopes,Poly String Envelope Classic,11.84,1.0,0.0,7.25
2840,US-2022-102698,2022-06-30,"July 06, 2022",Sofia Kumar,Consumer,Central,Technology,Accessories,Belkin Cable Value,96.36,2.0,0.0,44.64
2841,US-2023-101800,"March 28, 2023",04/03/2023,Kenji Kumar,Corporate,East,Office Supplies,Art,Newell Scissors Standard,13.56,1.0,0.0,7.85
2842,US-2024-100898,17-Nov-2024,2024-11-20,Maria Wright,Consumer,West,Office Supplies,Labels,Sharpie Label Tape Standard,28.94,3.0,0.15,17.78
2843,US-2023-100574,2023-10-29,"November 01, 2023",Mia Thomas,Corporate,West,Office Supplies,Appliances,Honeywell Fan Value,600.87,5.0,0.3,83.53
2844,US-2021-102981,12/02/2021,05/12/2021,Ravi Garcia,Consumer,Central,Office Supplies,Art,Sharpie Marker Set Value,24.74,2.0,0.3,10.55
2845,US-2022-100307,"December 07, 2022",12/10/2022,Hannah Chen,Consumer,East,Office Supplies,Storage,SAFCO Storage Bin Classic,292.95,4.0,0.0,130.98
2846,US-2022-100103,08/06/2022,10/08/2022,Priya Nair,Consumer,Central,Technology,Phones,Samsung Galaxy Dock Classic,1659.99,4.0,0.0,505.93
2847,US-2023-101479,2023-07-29,"July 31, 2023",Isabella Martinez,Consumer,East,Office Supplies,Binders,Wilson Jones Binder Classic,74.49,4.0,0.0,46.97
2848,US-2021-102558,08/03/2021,11-Mar-2021,Emma Johnson,Consumer,Central,Furniture,Bookcases,Sauder Bookcase Value,511.76,2.0,0.2,57.43
2849,US-2023-103233,06/02/2023,09-Feb-2023,Laura Thomas,Home Office,Central,Office Supplies,Labels,Avery Label Set Standard,17.59,2.0,0.0,12.1
2850,US-2021-102901,27-Apr-2021,2021-05-02,Sofia Wilson,Corporate,West,Office Supplies,Labels,Avery Label Set Standard,24.11,3.0,0.15,15.55
2851,US-2021-100338,14-Jan-2021,2021-01-20,Mia Young,Consumer,East,Technology,Copiers,Canon imageCLASS Copier Standard,2143.86,2.0,0.3,-250.89
2852,US-2023-102792,02/08/2023,06-Aug-2023,Sofia Martinez,Home Office,East,Technology,Machines,Cubify 3D Printer Deluxe,540.75,1.0,0.2,5.19
2853,US-2024-100346,30-Dec-2024,2025-01-02,Zoe Lee,Corporate,Central,Office Supplies,Appliances,Avanti Refrigerator Pro,146.25,1.0,0.0,62.1
2854,US-2022-102802,09-Sep-2022,2022-09-13,Nina Thomas,Consumer,South,Office Supplies,Envelopes,Poly String Envelope Standard,9.41,2.0,0.7,-2.87
2855,US-2021-103107,01/09/2021,06-Sep-2021,Ravi Smith,Consumer,East,Office Supplies,Art,Prismacolor Pencils Deluxe,54.55,6.0,0.3,22.86
2856,US-2022-101418,10/07/2022,17-Jul-2022,Kenji Nair,Home Office,West,Office Supplies,Labels,Sharpie Label Tape Standard,12.42,4.0,0.7,-0.19
2857,US-2023-103162,22-Dec-2023,2023-12-25,Sofia Patel,Corporate,East,Furniture,Bookcases,Bush Classic Bookcase Deluxe,188.47,1.0,0.3,-0.04
2858,US-2024-103066,09/03/2024,06/09/2024,Amit Kumar,Home Office,West,Office Supplies,Fasteners,Bostitch Staples Deluxe,7.91,1.0,0.1,5.31
2859,US-2024-101963,2024-05-09,"May 13, 2024",Priya Clark,Home Office,Central,Technology,Copiers,Hewlett Packard Copier Value,972.02,3.0,0.7,-1672.92
2860,US-2021-101323,"April 26, 2021",05/02/2021,Ananya Martinez,Consumer,South,Technology,Copiers,Canon imageCLASS Copier Classic,2015.39,2.0,0.1,214.74
2861,US-2021-103064,18/01/2021,21-Jan-2021,Daniel Smith,Consumer,West,Office Supplies,Appliances,Honeywell Fan Deluxe,162.57,1.0,0.15,48.51
2862,US-2023-101494,19-Jul-2023,2023-07-22,Grace Martinez,Home Office,West,Technology,Machines,Cubify 3D Printer Deluxe,1223.81,1.0,0.0,260.46
2863,US-2021-102105,08/11/2021,12-Nov-2021,Mia Smith,Home Office,Central,Furniture,Tables,Chromcraft Round Table Value,1211.6,4.0,0.1,183.96
2864,US-2023-100220,"May 10, 2023",05/17/2023,Grace Wright,Consumer,Central,Office Supplies,Paper,Boise Copy Paper Deluxe,17.44,1.0,0.0,11.11
2865,US-2022-100509,16-Feb-2022,2022-02-19,Zoe Johnson,Consumer,West,Technology,Machines,Cubify 3D Printer Classic,857.96,1.0,0.1,118.4
2866,US-2024-101121,2024-04-07,"April 11, 2024",Noah Martinez,Consumer,West,Office Supplies,Fasteners,ACCO Fasteners Deluxe,8.01,1.0,0.0,5.68
2867,US-2021-100213,2021-07-30,"August 02, 2021",Hannah Walker,Consumer,West,Office Supplies,Supplies,Stanley Hole Punch Classic,20.93,1.0,0.3,7.33
2868,US-2024-101810,02-Mar-2024,2024-03-06,Isabella Clark,Corporate,Central,Office Supplies,Fasteners,ACCO Fasteners Classic,7.82,2.0,0.2,4.97
2869,US-2021-102922,2021-02-12,"February 16, 2021",Omar Kumar,Consumer,Central,Technology,Phones,Samsung Galaxy Dock Value,879.79,4.0,0.4,-160.82
2870,US-2023-102918,09/02/2023,13-Feb-2023,Sofia Lee,Consumer,West,Technology,Accessories,Belkin Cable Pro,43.98,1.0,0.1,18.0
2871,US-2022-100662,2022-05-14,"May 21, 2022",Nina Thomas,Home Office,East,Office Supplies,Fasteners,Bostitch Staples Value,5.04,1.0,0.2,3.15
2872,US-2024-101958,"December 18, 2024",12/21/2024,Omar Martinez,Home Office,East,Office Supplies,Labels,Avery Label Set Pro,9.15,1.0,0.1,5.91
2873,US-2022-101411,02/19/2022,23/02/2022,Liam Nair,Home Office,West,Office Supplies,Paper,Xerox Multipurpose Paper Value,13.08,1.0,0.0,8.37
2874,US-2023-102726,01/16/2023,20/01/2023,Ravi Kumar,Consumer,Central,Office Supplies,Paper,Boise Copy Paper Deluxe,8.42,3.0,0.7,-1.65
2875,US-2024-100798,03/31/2024,04/04/2024,Chloe Johnson,Corporate,East,Office Supplies,Labels,Sharpie Label Tape Standard,7.68,1.0,0.3,4.14
2876,US-2023-101311,02/08/2023,05-Aug-2023,Mateo Garcia,Corporate,Central,Office Supplies,Envelopes,Poly String Envelope Classic,40.07,4.0,0.4,13.62
2877,US-2022-103092,08-Jul-2022,2022-07-15,Chloe Martinez,Consumer,West,Office Supplies,Art,Newell Scissors Deluxe,65.69,4.0,0.0,37.16
2878,US-2022-103039,04/12/2022,07-Dec-2022,Kenji Walker,Home Office,West,Office Supplies,Appliances,Hoover Vacuum Pro,170.41,1.0,0.0,69.1
2879,US-2022-101769,08/09/2022,11-Sep-2022,Laura Wright,Corporate,Central,Office Supplies,Supplies,Stanley Hole Punch Value,40.34,3.0,0.4,8.84
2880,US-2022-101343,04/08/2022,11/04/2022,Arjun Smith,Consumer,Central,Office Supplies,Appliances,Honeywell Fan Deluxe,125.5,1.0,0.1,41.07
2881,US-2022-103260,03/20/2022,24/03/2022,Amit Thomas,Home Office,South,Office Supplies,Labels,Avery Label Set Value,18.76,3.0,0.1,12.19
2882,US-2022-103262,"December 19, 2022",12/26/2022,James Patel,Home Office,South,Technology,Machines,Lexmark Printer Classic,1580.26,2.0,0.0,382.24
2883,US-2023-100699,02/05/2023,10/02/2023,Noah Clark,Consumer,West,Office Supplies,Supplies,Elmer's Glue Pack Classic,96.56,3.0,0.0,54.06
2884,US-2022-101969,30-Sep-2022,2022-10-07,Chloe Kumar,Consumer,Central,Office Supplies,Appliances,Hoover Vacuum Pro,138.67,1.0,0.1,46.78
2885,US-2024-102047,08-Apr-2024,2024-04-10,Grace Rodriguez,Consumer,West,Office Supplies,Appliances,Hoover Vacuum Deluxe,757.66,5.0,0.1,285.89
2886,US-2021-100846,22-Oct-2021,2021-10-27,Carlos Nair,Consumer,South,Furniture,Chairs,Harbour Creations Chair Classic,173.98,1.0,0.3,-2.67
2887,US-2022-101611,06/19/2022,23/06/2022,Noah Thomas,Corporate,West,Technology,Accessories,Belkin Cable Standard,32.16,1.0,0.2,11.7
2888,US-2024-102687,2024-01-28,"February 03, 2024",Noah Anderson,Corporate,Central,Office Supplies,Supplies,Stanley Hole Punch Classic,40.94,2.0,0.0,23.72
2889,US-2023-102011,"March 04, 2023",03/09/2023,Ethan Davis,Corporate,South,Furniture,Furnishings,Fellowes Wall Clock Pro,209.16,4.0,0.0,90.64
2890,US-2022-102801,01/07/2022,10/01/2022,Ravi Patel,Corporate,West,Technology,Machines,Lexmark Printer Standard,910.04,2.0,0.4,-235.94
2891,US-2021-100866,20/05/2021,24-May-2021,James Clark,Corporate,West,Office Supplies,Fasteners,Bostitch Staples Deluxe,6.73,1.0,0.1,4.54
2892,US-2023-100520,08/05/2023,14-May-2023,Ravi Lee,Home Office,West,Office Supplies,Storage,IRIS Storage Box Value,484.22,6.0,0.0,197.24
2893,US-2023-101374,29-May-2023,2023-05-31,Emma Wright,Corporate,East,Furniture,Chairs,Harbour Creations Chair Value,254.15,1.0,0.0,72.79
2894,US-2022-101584,"January 14, 2022",01/17/2022,Liam Davis,Consumer,West,Furniture,Chairs,Global Deluxe Chair Classic,208.59,1.0,0.1,46.31
2895,US-2021-101773,12-Nov-2021,2021-11-15,Yusuf Young,Corporate,Central,Office Supplies,Binders,GBC Binding System Standard,29.78,2.0,0.1,16.87
2896,US-2021-102929,"March 28, 2021",03/31/2021,Liam King,Consumer,East,Office Supplies,Labels,Sharpie Label Tape Value,6.24,1.0,0.0,4.22
2897,US-2023-100750,09/02/2023,08/09/2023,Kavya Johnson,Home Office,South,Furniture,Furnishings,Tenex Chairmat Standard,43.25,1.0,0.2,12.46
2898,US-2022-101787,22-Nov-2022,2022-11-25,Kenji King,Consumer,Central,Office Supplies,Fasteners,Bostitch Staples Standard,8.57,2.0,0.4,4.38
2899,US-2022-100502,2022-06-25,"June 30, 2022",Ravi Nair,Consumer,South,Office Supplies,Fasteners,ACCO Fasteners Deluxe,16.87,2.0,0.0,11.95
2900,US-2023-102349,10-Jun-2023,2023-06-16,Emma Kumar,Consumer,East,Office Supplies,Envelopes,Kraft Clasp Envelope Classic,9.62,1.0,0.1,5.63
2901,US-2022-100342,05/14/2022,18/05/2022,Hannah Davis,Corporate,East,Office Supplies,Art,Prismacolor Pencils Classic,46.86,3.0,0.0,27.57
2902,US-2024-100117,04/10/2024,09-Oct-2024,Ananya Kumar,Corporate,Central,Office Supplies,Labels,Sharpie Label Tape Classic,10.26,1.0,0.0,6.89
2903,US-2022-100977,07/23/2022,27/07/2022,Kavya Martinez,Corporate,South,Technology,Accessories,Logitech Mouse Value,59.71,2.0,0.15,25.26
2904,US-2023-101204,08/11/2023,09-Nov-2023,Ravi Walker,Corporate,Central,Office Supplies,Labels,Sharpie Label Tape Value,11.87,5.0,0.7,-1.2
2905,US-2023-100540,2023-05-04,"May 08, 2023",Ethan Lee,Corporate,Central,Furniture,Bookcases,O'Sullivan Bookcase Pro,649.12,4.0,0.0,177.91
2906,US-2021-100370,01/22/2021,25/01/2021,Ananya Wilson,Corporate,West,Furniture,Chairs,Harbour Creations Chair Value,588.89,6.0,0.4,-129.33
2907,US-2022-102370,19-May-2022,2022-05-22,Ravi Martinez,Consumer,East,Office Supplies,Labels,Avery Label Set Pro,12.32,3.0,0.6,3.33
2908,US-2021-101182,22/01/2021,25-Jan-2021,Ethan Lee,Home Office,East,Furniture,Furnishings,Tenex Chairmat Value,97.77,3.0,0.5,-7.16
2909,US-2023-100097,07-Jul-2023,2023-07-09,Omar Smith,Corporate,Central,Furniture,Bookcases,Bush Classic Bookcase Deluxe,1136.7,5.0,0.2,95.29
2910,US-2022-102839,04/15/2022,21/04/2022,Kavya Nair,Corporate,South,Office Supplies,Labels,Sharpie Label Tape Classic,33.11,3.0,0.2,19.79
2911,US-2021-102187,2021-09-09,"September 12, 2021",,Consumer,Central,Office Supplies,Envelopes,Poly String Envelope Standard,9.24,1.0,0.15,4.86
2912,US-2023-103033,2023-05-21,"May 28, 2023",Kenji Clark,Corporate,West,Furniture,Bookcases,O'Sullivan Bookcase Pro,279.69,1.0,0.2,38.89
2913,US-2023-102463,31-Dec-2023,2024-01-03,Nina Wilson,Consumer,South,Office Supplies,Paper,HP Premium Paper Value,25.62,4.0,0.5,7.56
2914,US-2021-100357,05-Oct-2021,2021-10-10,Olivia Smith,Corporate,East,Office Supplies,Art,Sharpie Marker Set Classic,92.78,6.0,0.0,54.57
2915,US-2022-100521,2022-01-24,"January 27, 2022",Mateo Davis,Home Office,Central,Office Supplies,Supplies,Elmer's Glue Pack Pro,187.48,5.0,0.0,107.38
2916,US-2024-100850,11/15/2024,18/11/2024,Wei Garcia,Home Office,West,Technology,Accessories,SanDisk USB Drive Value,134.17,5.0,0.4,21.02
2917,US-2021-102264,"April 11, 2021",04/14/2021,Maria Wilson,Home Office,West,Office Supplies,Art,Newell Scissors Classic,67.32,4.0,0.0,38.64
2918,US-2023-100321,28-Aug-2023,2023-08-31,Emma Davis,Home Office,East,Technology,Accessories,Belkin Cable Deluxe,328.29,6.0,0.0,158.8
2919,US-2023-102503,"February 02, 2023",02/07/2023,Grace Davis,Corporate,,Office Supplies,Paper,Xerox Multipurpose Paper Deluxe,11.47,1.0,0.15,7.26
2920,US-2023-103065,11/16/2023,18/11/2023,Zoe Clark,Home Office,West,Furniture,Chairs,Global Deluxe Chair Deluxe,330.26,2.0,0.0,114.5
2921,US-2024-102848,24/06/2024,27-Jun-2024,Ravi Rodriguez,Consumer,West,Office Supplies,Storage,IRIS Storage Box Value,89.88,2.0,0.6,-36.42
2922,US-2021-102686,27/03/2021,02-Apr-2021,Lucas Wright,Corporate,East,Office Supplies,Paper,HP Premium Paper Classic,33.2,2.0,0.0,20.67
2923,US-2023-102022,02-Mar-2023,2023-03-07,Kavya Kumar,Home Office,Central,Furniture,Tables,Bevis Table Value,989.72,2.0,0.0,249.84
2924,US-2023-103030,27-Oct-2023,2023-11-03,Mateo Clark,Home Office,West,Furniture,Bookcases,Sauder Bookcase Value,119.37,1.0,0.2,9.81
2925,US-2022-102800,"May 06, 2022",05/10/2022,James Rodriguez,Corporate,East,Office Supplies,Labels,Avery Label Set Pro,8.96,3.0,0.6,1.71
2926,US-2022-101713,10/21/2022,24/10/2022,Hannah King,Consumer,West,Technology,Copiers,Canon imageCLASS Copier Pro,5770.96,5.0,0.0,1056.18
2927,US-2022-101109,10/07/2022,12/10/2022,Ravi Kumar,Consumer,East,Office Supplies,Storage,IRIS Storage Box Deluxe,111.76,3.0,0.5,-17.52
2928,US-2021-101594,02/03/2021,09-Mar-2021,Amit Kumar,Consumer,West,Office Supplies,Paper,Xerox Multipurpose Paper Standard,26.03,3.0,0.0,17.12
2929,US-2024-103093,2024-09-28,"October 03, 2024",Ananya Thomas,Consumer,South,Furniture,Furnishings,Fellowes Wall Clock Classic,65.96,3.0,0.5,-10.62
2930,US-2023-100378,2023-11-23,"November 27, 2023",Sofia Young,Consumer,West,Furniture,Chairs,Global Deluxe Chair Value,1119.53,4.0,0.1,254.39
2931,US-2023-103137,29/07/2023,01-Aug-2023,Yusuf Kumar,Consumer,South,Office Supplies,Supplies,Elmer's Glue Pack Classic,126.84,6.0,0.1,63.44
2932,US-2024-103285,"March 18, 2024",03/23/2024,Arjun Rodriguez,Consumer,Central,Office Supplies,Envelopes,Kraft Clasp Envelope Deluxe,33.43,5.0,0.1,20.03
2933,US-2021-100376,19-Jul-2021,2021-07-26,Ethan Rodriguez,Corporate,South,Office Supplies,Labels,Avery Label Set Pro,,1.0,0.15,4.12
2934,US-2021-102765,2021-11-13,"November 18, 2021",Lucas King,Consumer,West,Office Supplies,Fasteners,ACCO Fasteners Value,17.85,3.0,0.0,12.37
2935,US-2021-103112,"July 18, 2021",07/20/2021,Carlos Davis,Consumer,South,Furniture,Bookcases,Bush Classic Bookcase Standard,169.65,1.0,0.0,49.78
2936,US-2024-101382,"August 11, 2024",08/16/2024,Maria Anderson,Consumer,East,Office Supplies,Envelopes,Kraft Clasp Envelope Classic,21.83,2.0,0.3,9.91
2937,US-2023-102284,"September 13, 2023",09/19/2023,Yusuf Wright,Consumer,South,Technology,Accessories,Logitech Mouse Pro,70.59,2.0,0.0,32.77
2938,US-2022-101261,11/12/2022,18/11/2022,Sofia Thomas,Consumer,East,Office Supplies,Fasteners,ACCO Fasteners Pro,9.57,2.0,0.2,6.71
2939,US-2023-101888,"June 29, 2023",07/02/2023,Amit Brown,Corporate,West,Technology,Copiers,Hewlett Packard Copier Deluxe,1882.63,2.0,0.5,-1197.89
2940,US-2023-102354,2023-03-20,"March 24, 2023",Kenji King,Home Office,Central,Office Supplies,Binders,Acco Binder Value,56.18,5.0,0.15,30.03
2941,US-2021-100820,28-Jun-2021,2021-06-30,Mateo Rodriguez,Consumer,Central,Furniture,Tables,Bretford Conference Table Value,317.29,1.0,0.1,47.51
2942,US-2023-102762,14/06/2023,16-Jun-2023,Noah Young,Corporate,South,Technology,Phones,Cisco IP Phone Value,1044.87,4.0,0.1,232.23
2943,US-2021-100548,08/26/2021,29/08/2021,Ananya Johnson,Consumer,West,Office Supplies,Storage,Fellowes File Cart Deluxe,533.21,5.0,0.0,232.0
2944,US-2023-100320,04/17/2023,24/04/2023,Liam Anderson,Corporate,Central,Technology,Copiers,Canon imageCLASS Copier Value,1591.38,1.0,0.3,-245.73
2945,US-2023-100859,13/10/2023,17-Oct-2023,Nina Clark,Corporate,East,Office Supplies,Art,Newell Scissors Classic,19.54,1.0,0.1,10.18
2946,US-2023-101684,15/10/2023,17-Oct-2023,Olivia Garcia,Consumer,East,Office Supplies,Paper,Boise Copy Paper Standard,40.15,3.0,0.0,25.78
2947,US-2021-101566,2021-04-13,"April 17, 2021",Arjun Garcia,Home Office,West,Office Supplies,Binders,Wilson Jones Binder Deluxe,73.91,6.0,0.1,40.12
2948,US-2023-101132,2023-02-12,"February 15, 2023",Priya Wright,Corporate,East,Office Supplies,Binders,Wilson Jones Binder Pro,14.03,1.0,0.15,7.52
2949,US-2023-101658,12-Jan-2023,2023-01-17,Wei Martinez,Home Office,East,Office Supplies,Supplies,Stanley Hole Punch Pro,132.98,4.0,0.0,70.32
2950,US-2023-101212,"October 25, 2023",10/28/2023,Lucas Young,Consumer,East,Office Supplies,Appliances,Honeywell Fan Deluxe,801.36,6.0,0.0,328.64
2951,US-2024-101378,07/12/2024,15/07/2024,Grace Garcia,Consumer,Central,Office Supplies,Paper,Xerox Multipurpose Paper Deluxe,27.97,3.0,0.0,18.42
2952,US-2024-101124,2024-04-11,"April 18, 2024",Priya Clark,Consumer,East,Furniture,Furnishings,Fellowes Wall Clock Classic,77.97,1.0,0.0,38.53
2953,US-2022-100977,23-Jul-2022,2022-07-27,Kavya Martinez,Corporate,South,Technology,Machines,Zebra Label Printer Value,288.4,2.0,0.8,-815.76
2954,US-2021-100579,29-Jul-2021,2021-07-31,Daniel Young,Home Office,West,Office Supplies,Paper,Boise Copy Paper Value,17.56,2.0,0.3,8.64
2955,US-2021-103235,2021-11-29,"December 06, 2021",Olivia Davis,Consumer,East,Technology,Copiers,Canon imageCLASS Copier Standard,2642.78,3.0,0.2,-16.46
2956,US-2021-101262,06-Feb-2021,2021-02-11,Daniel King,Consumer,Central,Office Supplies,Fasteners,Bostitch Staples Value,31.9,3.0,0.0,22.18
2957,US-2024-102940,07/31/2024,05/08/2024,Lucas Nair,Corporate,West,Technology,Machines,Lexmark Printer Value,783.22,1.0,0.0,176.8
2958,US-2024-102586,15-Sep-2024,2024-09-18,Yusuf Smith,Corporate,South,Office Supplies,Envelopes,Poly String Envelope Value,24.1,4.0,0.4,9.91
2959,US-2023-103033,21/05/2023,28-May-2023,Kenji Clark,Corporate,West,Office Supplies,Paper,Xerox Multipurpose Paper Pro,45.38,3.0,0.0,28.86
2960,US-2021-101367,12-Jan-2021,2021-01-17,Chloe Brown,Consumer,West,Office Supplies,Appliances,Hoover Vacuum Pro,353.26,3.0,0.3,56.51
2961,US-2024-100498,02/14/2024,16/02/2024,Ravi Young,Consumer,West,Technology,Accessories,SanDisk USB Drive Value,52.32,1.0,0.0,26.69
2962,US-2023-100350,02/18/2023,22/02/2023,Hannah Garcia,Consumer,West,Technology,Phones,Apple iPhone Accessory Standard,622.32,2.0,,194.41
2963,US-2022-101307,21/01/2022,26-Jan-2022,Carlos Patel,Corporate,East,Office Supplies,Labels,Avery Label Set Pro,31.32,3.0,0.2,17.97
2964,US-2024-102696,17-Dec-2024,2024-12-22,Wei Garcia,Home Office,East,Furniture,Chairs,Global Deluxe Chair Standard,248.73,3.0,0.4,-31.67
2965,US-2024-102262,2024-08-12,"August 17, 2024",Yusuf Young,Consumer,West,Furniture,Tables,Bevis Table Deluxe,252.19,1.0,0.0,66.46
2966,US-2022-102948,14-Dec-2022,2022-12-21,Kenji Brown,Corporate,Central,Office Supplies,Binders,Wilson Jones Binder Pro,9.71,1.0,0.0,6.07
2967,US-2021-100938,27-Nov-2021,2021-12-01,Emma Patel,Corporate,Central,Office Supplies,Binders,GBC Binding System Pro,95.69,5.0,0.2,46.56
2968,US-2021-102882,26/02/2021,02-Mar-2021,Liam Martinez,Corporate,West,Technology,Phones,Apple iPhone Accessory Standard,861.44,2.0,0.0,281.43
2969,US-2021-101927,25-May-2021,2021-05-27,Emma Wilson,Corporate,Central,Office Supplies,Binders,GBC Binding System Standard,83.9,4.0,0.1,49.09
2970,US-2022-102076,04/14/2022,20/04/2022,Hannah King,Consumer,East,Office Supplies,Paper,Xerox Multipurpose Paper Classic,26.39,3.0,0.0,17.43
2971,US-2023-100639,2023-12-06,"December 07, 2023",Isabella Martinez,Consumer,East,Office Supplies,Storage,IRIS Storage Box Value,104.16,1.0,0.0,45.21
2972,US-2022-101052,2022-06-25,"July 02, 2022",Lucas Thomas,Consumer,Central,Office Supplies,Fasteners,ACCO Fasteners Deluxe,5.36,1.0,0.1,3.51
2973,US-2021-103235,29/11/2021,06-Dec-2021,Olivia Davis,Consumer,East,Office Supplies,Art,Newell Scissors Value,34.26,3.0,0.0,20.27
2974,US-2022-100766,"July 28, 2022",08/02/2022,Emma Garcia,Consumer,West,Office Supplies,Labels,Sharpie Label Tape Deluxe,21.05,3.0,0.4,9.46
2975,US-2024-102784,2024-12-05,"December 06, 2024",Ravi Garcia,Consumer,South,Office Supplies,Appliances,Avanti Refrigerator Value,236.07,2.0,0.15,74.66
2976,US-2023-102477,"August 02, 2023",08/06/2023,Kavya Lee,Corporate,South,Office Supplies,Paper,Xerox Multipurpose Paper Pro,12.02,,0.0,7.82
2977,US-2023-103200,01/29/2023,30/01/2023,Nina Davis,Consumer,West,Office Supplies,Envelopes,Poly String Envelope Pro,55.48,5.0,0.1,32.79
2978,US-2024-101092,05/18/2024,25/05/2024,Amit Rodriguez,Corporate,South,Office Supplies,Binders,GBC Binding System Classic,18.07,1.0,0.0,10.96
2979,US-2024-102867,"November 26, 2024",12/02/2024,Ravi Davis,Consumer,West,Office Supplies,Labels,Avery Label Set Standard,,1.0,0.1,6.6
2980,US-2024-100610,07/10/2024,10-Oct-2024,Wei Wilson,Home Office,East,Office Supplies,Fasteners,Bostitch Staples Pro,15.61,2.0,0.2,9.54
2981,US-2022-102445,03-May-2022,2022-05-07,Zoe Walker,Home Office,East,Office Supplies,Labels,Avery Label Set Classic,8.82,2.0,0.2,5.19
2982,US-2022-100794,05/03/2022,04/05/2022,Noah King,Corporate,Central,Technology,Copiers,Hewlett Packard Copier Classic,933.74,1.0,0.0,222.45
2983,US-2024-102684,2024-12-22,"December 26, 2024",Wei Davis,Consumer,South,Office Supplies,Envelopes,Poly String Envelope Classic,50.49,5.0,0.1,27.37
2984,US-2021-100273,2021-03-06,"March 11, 2021",Kavya Patel,Consumer,East,Office Supplies,Art,Prismacolor Pencils Deluxe,7.06,1.0,0.5,0.8
2985,US-2023-101688,2023-09-19,"September 22, 2023",Lucas Kumar,Consumer,East,Technology,Copiers,Hewlett Packard Copier Classic,5723.63,5.0,0.1,674.06
2986,US-2021-102541,2021-09-05,"September 09, 2021",Daniel Johnson,Consumer,East,Office Supplies,Paper,Xerox Multipurpose Paper Pro,73.13,6.0,0.0,49.17
2987,US-2023-100982,10/13/2023,16/10/2023,Nina Martinez,Corporate,East,Office Supplies,Envelopes,Poly String Envelope Standard,11.56,2.0,0.15,6.46
2988,US-2021-103130,03/02/2021,07/03/2021,Wei Kumar,Consumer,West,Furniture,Furnishings,Eldon Desk Lamp Pro,37.15,1.0,0.1,14.81
2989,US-2021-102891,12/05/2021,16-May-2021,Ethan Wilson,Consumer,West,Office Supplies,Paper,Xerox Multipurpose Paper Pro,11.63,1.0,0.0,7.62
2990,US-2021-101516,"July 30, 2021",08/04/2021,Mia Wilson,Corporate,West,Office Supplies,Appliances,Avanti Refrigerator Classic,204.16,2.0,0.5,-52.91
2991,US-2024-101982,"August 10, 2024",08/17/2024,Noah Anderson,Home Office,East,Technology,Accessories,Logitech Mouse Classic,36.11,1.0,0.15,15.49
2992,US-2022-103284,12/09/2022,13/12/2022,Isabella Thomas,Consumer,Central,Office Supplies,Paper,Boise Copy Paper Classic,6.91,1.0,0.2,4.06
2993,US-2024-101963,05/09/2024,13/05/2024,Priya Clark,Home Office,Central,Furniture,Tables,Chromcraft Round Table Deluxe,811.19,4.0,0.3,-100.41
2994,US-2022-100821,"October 02, 2022",10/07/2022,Grace Brown,Corporate,Central,Office Supplies,Labels,Avery Label Set Deluxe,23.16,2.0,0.0,15.39
2995,US-2023-100437,11/08/2023,15-Aug-2023,Amit Anderson,Corporate,Central,Office Supplies,Supplies,Elmer's Glue Pack Standard,180.4,6.0,0.1,89.77
2996,US-2023-102606,21/03/2023,22-Mar-2023,Priya Garcia,Consumer,East,Technology,Copiers,Canon imageCLASS Copier Classic,5995.49,6.0,0.0,1081.05
2997,US-2024-102516,20-Jun-2024,2024-06-27,Wei Walker,Home Office,West,Office Supplies,Fasteners,Bostitch Staples Value,12.59,2.0,0.3,7.6
2998,US-2023-100516,30-Jul-2023,2023-08-06,Arjun Brown,Consumer,East,Office Supplies,Storage,IRIS Storage Box Pro,254.02,3.0,0.2,68.26
2999,US-2024-101785,22/07/2024,27-Jul-2024,Ananya Wright,Consumer,East,Technology,Phones,Apple iPhone Accessory Classic,541.52,2.0,0.0,155.96
3000,US-2022-100682,2022-06-17,"June 20, 2022",Chloe Martinez,Consumer,West,Office Supplies,Supplies,Elmer's Glue Pack Pro,33.21,1.0,0.0,17.64
3001,US-2023-100596,29-Dec-2023,2023-12-30,James Chen,Consumer,West,Office Supplies,Art,Newell Scissors Deluxe,19.52,1.0,0.1,10.42
3002,US-2023-100799,26-May-2023,2023-05-30,Zoe Young,Corporate,East,Office Supplies,Appliances,Honeywell Fan Classic,200.81,2.0,0.4,0.14
3003,US-2024-100317,10/09/2024,13/10/2024,Zoe Thomas,Consumer,Central,Office Supplies,Paper,HP Premium Paper Deluxe,15.02,3.0,0.6,2.26
3004,US-2022-100658,21/07/2022,23-Jul-2022,Emma Wright,Corporate,Central,Office Supplies,Paper,HP Premium Paper Classic,26.72,3.0,0.4,10.97
3005,US-2024-100676,06-Dec-2024,2024-12-13,Nina Martinez,Consumer,South,Office Supplies,Binders,Wilson Jones Binder Deluxe,90.9,4.0,0.0,55.13
3006,US-2022-103264,31-May-2022,2022-06-03,Laura Kumar,Consumer,West,Furniture,Chairs,Hon Task Chair Pro,132.96,1.0,0.15,24.26
3007,US-2023-102068,"September 24, 2023",09/25/2023,Daniel Nair,Consumer,South,Office Supplies,Art,Sharpie Marker Set Deluxe,26.59,2.0,0.2,13.01
3008,US-2022-101351,"January 10, 2022",01/13/2022,Ethan Martinez,Consumer,West,Technology,Copiers,Canon imageCLASS Copier Pro,2058.54,4.0,0.6,-1843.82
3009,US-2024-102735,"September 26, 2024",10/01/2024,Nina Chen,Home Office,East,Office Supplies,Envelopes,Poly String Envelope Pro,28.33,5.0,0.0,16.94
3010,US-2021-101779,10-Oct-2021,2021-10-17,Priya Brown,Home Office,West,Office Supplies,Storage,Fellowes File Cart Pro,338.93,6.0,0.4,15.2
3011,US-2022-100036,31/08/2022,01-Sep-2022,Noah Johnson,Home Office,East,Technology,Phones,Cisco IP Phone Pro,627.43,2.0,0.15,111.53
3012,US-2024-102204,16/03/2024,17-Mar-2024,Chloe Martinez,Consumer,Central,Office Supplies,Art,Newell Scissors Classic,9.5,1.0,0.1,5.01
3013,US-2024-101158,"May 12, 2024",05/18/2024,Mateo Smith,Consumer,South,Office Supplies,Binders,Wilson Jones Binder Standard,69.56,4.0,0.0,42.83
3014,US-2021-102302,2021-10-08,"October 14, 2021",Wei Patel,Consumer,East,Office Supplies,Storage,Fellowes File Cart Classic,298.46,4.0,0.3,51.91
3015,US-2023-103320,2023-08-24,"August 30, 2023",Lucas Smith,Corporate,South,Furniture,Furnishings,Fellowes Wall Clock Classic,77.06,2.0,0.1,28.57
3016,US-2023-102032,08/27/2023,31/08/2023,Ravi Nair,Consumer,East,Furniture,Chairs,Hon Task Chair Value,410.38,4.0,0.3,3.94
3017,US-2022-101690,"March 25, 2022",03/27/2022,Ananya Anderson,Home Office,West,Office Supplies,Paper,Boise Copy Paper Classic,8.14,1.0,0.4,3.29
3018,US-2021-102929,28/03/2021,31-Mar-2021,Liam King,Consumer,East,Office Supplies,Art,Newell Scissors Classic,44.69,3.0,0.15,23.67
3019,US-2024-101841,"July 31, 2024",08/07/2024,Kenji Smith,Consumer,Central,Office Supplies,Supplies,Stanley Hole Punch Deluxe,6.81,1.0,0.7,-3.58
3020,US-2022-100645,"June 04, 2022",06/07/2022,Arjun Young,Consumer,South,Office Supplies,Art,Prismacolor Pencils Pro,64.34,4.0,0.3,27.32
3021,US-2021-102563,25/07/2021,29-Jul-2021,Ethan Lee,Home Office,South,Furniture,Tables,Bretford Conference Table Classic,398.12,1.0,0.1,44.65
3022,US-2021-102230,2021-07-27,"July 31, 2021",Liam Young,Corporate,South,Furniture,Tables,Bretford Conference Table Standard,531.45,2.0,0.15,66.49
3023,US-2024-102390,2024-01-20,"January 23, 2024",Maria Wright,Home Office,West,Office Supplies,Fasteners,ACCO Fasteners Deluxe,28.21,4.0,0.2,17.81
3024,US-2024-102880,14-Apr-2024,2024-04-18,Liam Garcia,Home Office,East,Technology,Copiers,Hewlett Packard Copier Classic,1374.31,1.0,0.0,243.68
3025,US-2024-101579,2024-10-13,"October 20, 2024",Lucas Johnson,Corporate,East,Office Supplies,Paper,Boise Copy Paper Deluxe,39.14,3.0,0.15,23.91
3026,US-2024-101895,25/08/2024,29-Aug-2024,Grace Lee,Consumer,East,Office Supplies,Paper,Xerox Multipurpose Paper Value,29.99,3.0,0.4,12.88
3027,US-2023-100559,2023-07-07,"July 10, 2023",Wei Nair,Consumer,South,Furniture,Furnishings,Tenex Chairmat Standard,36.81,1.0,0.2,11.14
3028,US-2024-100646,2024-06-07,"June 10, 2024",Arjun Lee,Consumer,Central,Office Supplies,Supplies,Elmer's Glue Pack Deluxe,54.43,3.0,0.3,18.38
3029,US-2022-100107,02-Mar-2022,2022-03-03,Grace Brown,Home Office,West,Furniture,Bookcases,Bush Classic Bookcase Classic,152.43,1.0,0.2,8.98
3030,US-2021-102000,"March 15, 2021",03/18/2021,Priya Nair,Home Office,East,Office Supplies,Appliances,Hoover Vacuum Deluxe,224.77,4.0,0.4,10.72
3031,US-2023-102249,"May 31, 2023",06/04/2023,Amit Davis,Consumer,East,Technology,Machines,Lexmark Printer Deluxe,1335.78,2.0,0.2,41.38
3032,US-2021-101252,2021-01-30,"February 04, 2021",Mateo Brown,Corporate,West,Technology,Phones,Apple iPhone Accessory Standard,153.82,1.0,0.3,-6.63
3033,US-2024-101346,05/12/2024,12-Dec-2024,Kavya Anderson,Consumer,East,Furniture,Tables,Bevis Table Standard,1450.94,4.0,0.1,180.58
3034,US-2024-103193,27/02/2024,02-Mar-2024,Sofia Thomas,Consumer,East,Office Supplies,Envelopes,Kraft Clasp Envelope Value,81.7,6.0,0.0,50.88
3035,US-2022-103288,22/11/2022,23-Nov-2022,Grace Thomas,Consumer,East,Office Supplies,Fasteners,Bostitch Staples Deluxe,14.81,2.0,0.0,10.5
3036,US-2024-101210,"June 26, 2024",07/02/2024,Mateo Clark,Consumer,East,Furniture,Furnishings,Tenex Chairmat Classic,225.41,4.0,0.0,98.06
3037,US-2023-102039,"June 06, 2023",06/07/2023,Mateo Johnson,Corporate,South,Office Supplies,Envelopes,Kraft Clasp Envelope Standard,15.52,1.0,0.0,9.83
3038,US-2022-100884,04-May-2022,2022-05-07,Priya Lee,Consumer,South,Furniture,Bookcases,O'Sullivan Bookcase Pro,264.18,1.0,0.3,-9.15
3039,US-2024-102603,"February 23, 2024",02/26/2024,Mateo Patel,Consumer,Central,Office Supplies,Art,Newell Scissors Deluxe,53.39,5.0,0.4,16.67
3040,US-2021-100130,03/31/2021,02/04/2021,Mateo Nair,Consumer,East,Office Supplies,Fasteners,ACCO Fasteners Deluxe,4.64,1.0,0.0,3.16
3041,US-2021-100606,"October 17, 2021",10/21/2021,Ananya Johnson,Consumer,Central,Technology,Phones,Samsung Galaxy Dock Deluxe,653.84,2.0,0.1,151.94
3042,US-2024-101547,"September 26, 2024",09/28/2024,Priya Clark,Corporate,Central,Furniture,Tables,Bretford Conference Table Deluxe,1170.56,6.0,0.15,
3043,US-2023-101151,15/07/2023,17-Jul-2023,Maria Smith,Home Office,Central,Office Supplies,Binders,Acco Binder Standard,50.91,3.0,0.3,22.43
3044,US-2023-102339,02-Sep-2023,2023-09-05,Hannah Wilson,Corporate,Central,Office Supplies,Supplies,Stanley Hole Punch Standard,41.69,2.0,0.3,15.33
3045,US-2023-103030,27/10/2023,03-Nov-2023,Mateo Clark,Home Office,West,Office Supplies,Supplies,Stanley Hole Punch Pro,77.5,4.0,0.2,33.61
3046,US-2024-100838,10/05/2024,15-May-2024,Ananya Wright,Home Office,East,Technology,Phones,Apple iPhone Accessory Deluxe,1340.87,4.0,0.0,394.86
3047,US-2022-101303,12/06/2022,16-Jun-2022,Yusuf Nair,Consumer,Central,Office Supplies,Supplies,Elmer's Glue Pack Standard,57.22,3.0,0.15,29.02
3048,US-2023-100414,23-Feb-2023,2023-02-26,Nina Garcia,Consumer,West,Office Supplies,Binders,Acco Binder Value,6.52,1.0,0.5,1.27
3049,US-2023-100674,01/08/2023,04-Aug-2023,Mateo Smith,Home Office,Central,Office Supplies,Art,Prismacolor Pencils Standard,70.17,6.0,0.4,22.76
3050,US-2021-102138,2021-05-28,"May 29, 2021",Hannah Anderson,Consumer,East,Office Supplies,Paper,HP Premium Paper Pro,17.82,1.0,0.0,11.08
3051,US-2023-102751,26/02/2023,05-Mar-2023,Ravi Rodriguez,Corporate,East,Office Supplies,Storage,SAFCO Storage Bin Pro,122.29,2.0,0.0,48.58
3052,US-2023-101054,"June 13, 2023",06/16/2023,Ananya Nair,Corporate,East,Office Supplies,Storage,SAFCO Storage Bin Pro,103.61,1.0,0.0,45.93
3053,US-2022-101580,03/04/2022,09-Apr-2022,Laura Garcia,Consumer,east,Furniture,Chairs,Hon Task Chair Standard,504.64,3.0,0.3,24.81
3054,US-2021-103104,05/01/2021,08-Jan-2021,Maria Smith,Home Office,West,Office Supplies,Storage,IRIS Storage Box Value,95.37,2.0,0.2,23.07
3055,US-2023-100619,16-Jan-2023,2023-01-20,Lucas Smith,Consumer,East,Office Supplies,Paper,Boise Copy Paper Deluxe,82.69,5.0,0.0,51.88
3056,US-2022-103211,01/02/2022,07/01/2022,Sofia Smith,Consumer,West,Technology,Machines,Zebra Label Printer Classic,1006.96,2.0,0.0,257.4
3057,US-2021-101350,10/20/2021,21/10/2021,Ravi King,Consumer,South,Office Supplies,Art,Prismacolor Pencils Classic,118.8,5.0,0.0,70.66
3058,US-2022-103324,2022-02-14,"February 17, 2022",Ethan Johnson,Corporate,East,Technology,Machines,Lexmark Printer Pro,406.85,1.0,0.5,-254.88
3059,US-2022-100181,"July 12, 2022",07/15/2022,Ethan Clark,Consumer,East,Technology,Accessories,Logitech Mouse Value,30.56,1.0,0.3,8.97
3060,US-2023-101586,21/05/2023,24-May-2023,Liam Smith,Consumer,East,Office Supplies,Envelopes,Poly String Envelope Value,84.7,6.0,0.0,51.8
3061,US-2021-101365,11/11/2021,16/11/2021,Isabella Patel,Corporate,South,Technology,Copiers,Canon imageCLASS Copier Deluxe,3472.19,4.0,0.0,784.25
3062,US-2024-101982,2024-08-10,"August 17, 2024",Noah Anderson,Home Office,East,Office Supplies,Art,Sharpie Marker Set Classic,11.19,1.0,0.2,5.28
3063,US-2021-102400,2021-03-16,"March 23, 2021",Hannah Anderson,Home Office,East,Technology,Machines,Zebra Label Printer Value,2443.46,,0.0,484.85
3064,US-2021-101526,09-Apr-2021,2021-04-16,Olivia Chen,Corporate,Central,Office Supplies,Envelopes,Kraft Clasp Envelope Value,29.51,2.0,0.1,16.66
3065,US-2024-100843,12/09/2024,13/12/2024,Kavya Lee,Consumer,Central,Furniture,Furnishings,Tenex Chairmat Classic,141.81,3.0,0.15,45.49
3066,US-2022-100618,08/19/2022,22/08/2022,Liam Rodriguez,Home Office,West,Office Supplies,Supplies,Stanley Hole Punch Classic,12.46,1.0,0.2,5.14
3067,US-2023-101291,06/12/2023,09-Dec-2023,Omar Smith,Home Office,South,Technology,Accessories,SanDisk USB Drive Classic,95.99,2.0,0.2,36.93
3068,US-2022-101790,27/10/2022,31-Oct-2022,Olivia Johnson,Corporate,South,Office Supplies,Appliances,Honeywell Fan Standard,95.34,1.0,0.2,23.15
3069,US-2022-103312,22-Feb-2022,2022-02-26,Nina Davis,Home Office,East,Technology,Copiers,Canon imageCLASS Copier Classic,1206.6,2.0,0.4,-435.18
3070,US-2022-101041,26/01/2022,28-Jan-2022,Amit Wilson,Corporate,East,Furniture,Tables,Bevis Table Classic,421.71,1.0,0.0,115.38
3071,US-2024-102382,2024-10-31,"November 07, 2024",Sofia Anderson,Corporate,Central,Office Supplies,Paper,Boise Copy Paper Standard,59.44,5.0,0.0,39.7
3072,US-2023-102149,"November 03, 2023",11/10/2023,Ethan Chen,Corporate,West,Furniture,Chairs,Global Deluxe Chair Pro,703.21,4.0,0.0,214.27
3073,US-2021-102967,"December 31, 2021",01/04/2022,Carlos Smith,Corporate,Central,Technology,Machines,Zebra Label Printer Classic,1379.56,5.0,0.6,-1298.11
3074,US-2021-101510,2021-03-11,"March 16, 2021",Lucas Wilson,Corporate,West,Furniture,Furnishings,Tenex Chairmat Value,35.57,1.0,0.3,7.4
3075,US-2022-102445,03/05/2022,07-May-2022,Zoe Walker,Home Office,East,Technology,Accessories,SanDisk USB Drive Standard,29.6,1.0,0.3,10.08
3076,US-2023-102508,05/17/2023,20/05/2023,Ethan Rodriguez,Home Office,East,Office Supplies,Binders,Wilson Jones Binder Standard,73.75,5.0,0.2,35.26
3077,US-2021-102538,2021-11-19,"November 23, 2021",Ananya Rodriguez,Consumer,West,Office Supplies,Art,Sharpie Marker Set Deluxe,28.65,3.0,0.2,14.41
3078,US-2021-100892,04/04/2021,09/04/2021,Kavya Kumar,Home Office,East,Furniture,Tables,Bretford Conference Table Standard,1004.36,3.0,0.2,69.81
3079,US-2024-101147,"February 07, 2024",02/11/2024,Isabella Chen,Corporate,East,Office Supplies,Paper,Xerox Multipurpose Paper Pro,17.97,2.0,0.1,11.52
3080,US-2022-100259,"October 03, 2022",10/07/2022,Noah Kumar,Consumer,East,Furniture,Furnishings,Fellowes Wall Clock Classic,54.15,1.0,0.0,24.89
3081,US-2024-101859,06/03/2024,08/06/2024,Yusuf Kumar,Consumer,Central,Office Supplies,Paper,HP Premium Paper Classic,41.14,6.0,0.15,25.05
3082,US-2024-101922,2024-01-13,"January 20, 2024",Daniel Clark,Home Office,East,Furniture,Furnishings,Tenex Chairmat Classic,59.62,1.0,0.1,21.05
3083,US-2021-100171,05/18/2021,25/05/2021,Wei Chen,Home Office,East,Office Supplies,Storage,IRIS Storage Box Value,44.83,1.0,0.5,-8.34
3084,US-2024-101954,"June 10, 2024",06/12/2024,Kavya Chen,Consumer,East,Office Supplies,Labels,Avery Label Set Classic,8.06,2.0,0.4,3.95
3085,US-2024-100210,11/19/2024,20/11/2024,Nina Wright,Corporate,West,Furniture,Tables,Bevis Table Classic,410.86,1.0,0.0,101.16
3086,US-2022-101306,"April 03, 2022",04/04/2022,Arjun Patel,Consumer,Central,Office Supplies,Appliances,Honeywell Fan Value,111.49,1.0,0.0,43.17
3087,US-2023-100678,20/02/2023,24-Feb-2023,Noah Garcia,Consumer,East,Office Supplies,Binders,GBC Binding System Standard,37.48,2.0,,17.86
3088,US-2023-102705,"April 20, 2023",04/22/2023,Arjun Johnson,Corporate,South,Office Supplies,Fasteners,ACCO Fasteners Deluxe,31.84,4.0,0.0,22.08
3089,US-2024-101290,2024-10-09,"October 14, 2024",Nina Patel,Consumer,East,Office Supplies,Storage,Fellowes File Cart Pro,125.12,2.0,0.15,37.6
3090,US-2023-101087,2023-05-02,"May 05, 2023",Amit Nair,Home Office,Central,Office Supplies,Fasteners,ACCO Fasteners Standard,29.38,5.0,0.1,19.81
3091,US-2023-100629,"April 30, 2023",05/06/2023,Omar Thomas,Consumer,Central,Office Supplies,Appliances,Honeywell Fan Classic,123.8,5.0,0.3,
3092,US-2022-101473,2022-06-23,"June 26, 2022",Lucas Smith,Home Office,West,Furniture,Furnishings,Eldon Desk Lamp Classic,21.98,1.0,0.4,3.18
3093,US-2024-100015,09-Jan-2024,2024-01-12,Arjun King,Home Office,East,Office Supplies,Art,Prismacolor Pencils Classic,13.48,1.0,0.3,4.93
3094,US-2024-101239,07/10/2024,14/07/2024,Mia Anderson,Consumer,Central,Office Supplies,Appliances,Avanti Refrigerator Deluxe,355.01,3.0,0.0,147.6
3095,US-2022-100983,"November 03, 2022",11/06/2022,Priya Patel,Corporate,East,Furniture,Tables,Bevis Table Classic,1164.2,3.0,0.1,163.46
3096,US-2021-102856,2021-04-04,"April 08, 2021",Sofia Patel,Corporate,East,Office Supplies,Appliances,Honeywell Fan Standard,410.85,5.0,0.0,180.72
3097,US-2023-102448,"March 22, 2023",03/25/2023,Olivia Walker,Consumer,South,Office Supplies,Storage,Fellowes File Cart Classic,258.99,4.0,0.4,18.12
3098,US-2022-101649,"May 01, 2022",05/05/2022,Noah Thomas,Corporate,Central,Office Supplies,Labels,Sharpie Label Tape Standard,1.35,1.0,0.8,-1.06
3099,US-2021-102140,05-Mar-2021,2021-03-09,Olivia Patel,Consumer,Central,Furniture,Chairs,Hon Task Chair Standard,1349.72,6.0,0.0,421.11
3100,US-2022-102750,03-Jun-2022,2022-06-06,Emma Smith,Corporate,South,Office Supplies,Binders,Acco Binder Standard,31.86,2.0,0.0,18.21
3101,US-2024-101478,"January 16, 2024",01/18/2024,Isabella Walker,Corporate,Central,Technology,Accessories,Logitech Mouse Deluxe,72.02,2.0,0.2,28.5
3102,US-2022-101393,2022-07-16,"July 19, 2022",Hannah Garcia,Consumer,West,Technology,Accessories,Logitech Mouse Value,99.45,2.0,0.15,40.61
3103,US-2023-100267,2023-03-18,"March 22, 2023",Chloe Thomas,Consumer,West,Office Supplies,Paper,Boise Copy Paper Value,8.69,1.0,0.0,5.77
3104,US-2024-100637,25-May-2024,2024-05-30,Ananya Kumar,Consumer,East,Office Supplies,Fasteners,ACCO Fasteners Value,16.31,2.0,0.0,11.77
3105,US-2021-100049,27-Mar-2021,2021-03-29,Olivia Martinez,Consumer,South,Furniture,Tables,Bevis Table Classic,417.28,1.0,0.0,81.45
3106,US-2022-100849,2022-04-30,"May 07, 2022",Hannah Walker,Corporate,Central,Office Supplies,Appliances,Avanti Refrigerator Classic,117.11,1.0,0.1,41.77
3107,US-2022-102008,21/10/2022,24-Oct-2022,Chloe Johnson,Consumer,East,Furniture,Bookcases,Bush Classic Bookcase Standard,1296.94,5.0,0.2,103.52
3108,US-2023-100163,03-Sep-2023,2023-09-06,Ethan Martinez,Corporate,East,Technology,Phones,Samsung Galaxy Dock Value,980.16,4.0,0.4,-107.47
3109,US-2024-101488,"March 17, 2024",03/20/2024,Isabella Davis,Corporate,East,Furniture,Furnishings,Eldon Desk Lamp Value,197.07,4.0,0.1,85.84
3110,US-2023-100267,18-Mar-2023,2023-03-22,Chloe Thomas,Consumer,West,Office Supplies,Storage,Fellowes File Cart Pro,45.43,1.0,0.0,18.55
3111,US-2022-100121,13-Aug-2022,2022-08-17,Ethan Nair,Consumer,Central,Office Supplies,Appliances,Hoover Vacuum Value,1068.04,6.0,0.0,437.36
3112,US-2022-101550,"April 13, 2022",04/14/2022,Lucas Walker,Corporate,Central,Office Supplies,Binders,Acco Binder Standard,25.81,2.0,0.0,16.15
3113,US-2021-101901,12/14/2021,17/12/2021,Sofia Patel,Home Office,East,Office Supplies,Storage,SAFCO Storage Bin Deluxe,73.81,1.0,0.2,19.28
3114,US-2021-101744,02-Sep-2021,2021-09-07,Maria Rodriguez,Consumer,West,Office Supplies,Storage,SAFCO Storage Bin Standard,444.17,4.0,0.0,194.44
3115,US-2021-101546,12/15/2021,19/12/2021,Mateo Chen,Consumer,East,Office Supplies,Binders,Acco Binder Pro,20.83,1.0,0.1,12.32
3116,US-2021-100818,"July 21, 2021",07/25/2021,Zoe Walker,Home Office,West,Furniture,Chairs,Hon Task Chair Standard,183.14,2.0,0.0,60.18
3117,US-2022-100135,11/04/2022,17-Apr-2022,Carlos Chen,Home Office,South,Office Supplies,Fasteners,ACCO Fasteners Pro,6.59,3.0,0.7,-0.57
3118,US-2021-103009,01/09/2021,05-Sep-2021,Chloe King,Consumer,East,Office Supplies,Envelopes,Kraft Clasp Envelope Deluxe,8.81,1.0,0.1,5.24
3119,US-2024-100349,07-Feb-2024,2024-02-10,Ravi Clark,Corporate,West,Office Supplies,Art,Newell Scissors Value,3.07,1.0,0.4,1.02
3120,US-2023-102988,2023-04-29,"May 04, 2023",Laura Johnson,Consumer,Central,Office Supplies,Storage,Fellowes File Cart Deluxe,65.39,1.0,0.1,21.28
3121,US-2021-101347,2021-04-09,"April 16, 2021",Sofia Thomas,Home Office,East,Office Supplies,Art,Newell Scissors Pro,23.12,2.0,0.1,11.88
3122,US-2021-102748,01/02/2021,04-Feb-2021,Carlos Johnson,Corporate,Central,Office Supplies,Storage,IRIS Storage Box Classic,104.0,1.0,0.0,45.87
3123,US-2021-101365,"November 11, 2021",11/16/2021,Isabella Patel,Corporate,South,Office Supplies,Art,Sharpie Marker Set Pro,,2.0,0.3,3.83
3124,US-2023-100394,26-Jul-2023,2023-07-27,Kavya Nair,Corporate,Central,Furniture,Bookcases,O'Sullivan Bookcase Standard,496.95,2.0,,103.12
3125,US-2023-102585,2023-08-02,"August 05, 2023",Zoe Young,Consumer,West,Furniture,Chairs,Hon Task Chair Standard,382.05,3.0,0.0,126.51
3126,US-2023-101366,2023-01-17,"January 23, 2023",Isabella Kumar,Consumer,South,Office Supplies,Fasteners,Bostitch Staples Deluxe,21.41,3.0,0.2,12.6
3127,US-2024-103176,23/06/2024,26-Jun-2024,Mia Davis,Corporate,Central,Office Supplies,Envelopes,Poly String Envelope Deluxe,40.24,3.0,0.0,24.99
3128,US-2021-102436,04/14/2021,19/04/2021,Carlos Martinez,Corporate,West,Furniture,Chairs,Harbour Creations Chair Pro,707.44,6.0,0.5,-282.09
3129,US-2022-101978,31-Jan-2022,2022-02-02,Daniel Garcia,Corporate,East,Office Supplies,Art,Sharpie Marker Set Standard,39.7,5.0,0.4,12.52
3130,US-2022-103078,2022-11-18,"November 22, 2022",Nina Davis,Consumer,East,Office Supplies,Paper,HP Premium Paper Value,26.11,2.0,0.0,16.88
3131,US-2021-102588,21/06/2021,23-Jun-2021,Ethan Smith,Consumer,East,Office Supplies,Supplies,Elmer's Glue Pack Value,30.76,1.0,0.1,16.13
3132,US-2022-101794,2022-10-31,"November 03, 2022",Chloe Johnson,Home Office,East,Office Supplies,Binders,Wilson Jones Binder Standard,29.81,3.0,0.4,10.94
3133,US-2023-103008,"June 17, 2023",06/22/2023,Amit Walker,Consumer,Central,Furniture,Tables,Bretford Conference Table Classic,482.87,3.0,0.3,-17.33
3134,US-2023-100463,25/08/2023,28-Aug-2023,Lucas Martinez,Consumer,Central,Office Supplies,Paper,Xerox Multipurpose Paper Standard,11.17,1.0,0.0,7.32
3135,US-2022-101524,24/10/2022,27-Oct-2022,Amit Clark,Home Office,West,Office Supplies,Paper,Xerox Multipurpose Paper Standard,21.83,2.0,0.2,12.06
3136,US-2022-102523,04/29/2022,06/05/2022,Mia Young,Home Office,South,Office Supplies,Binders,Acco Binder Deluxe,3.64,1.0,0.8,-4.38
3137,US-2021-102534,2021-07-11,"July 15, 2021",,Consumer,East,Office Supplies,Envelopes,Poly String Envelope Standard,5.23,2.0,0.7,-1.49
3138,US-2021-102994,2021-09-13,"September 16, 2021",Daniel Smith,Corporate,Central,Furniture,Tables,Bretford Conference Table Deluxe,950.06,3.0,0.0,227.42
3139,US-2023-102654,"March 27, 2023",03/30/2023,Nina Brown,Corporate,Central,Office Supplies,Paper,Boise Copy Paper Pro,20.14,3.0,0.5,7.19
3140,US-2024-102784,12/05/2024,06/12/2024,Ravi Garcia,Consumer,South,Office Supplies,Art,Sharpie Marker Set Pro,14.48,3.0,0.6,-1.85
3141,US-2024-103251,10/07/2024,16-Jul-2024,Omar Thomas,Corporate,West,Furniture,Bookcases,O'Sullivan Bookcase Deluxe,818.01,3.0,0.0,225.65
3142,US-2022-100407,2022-12-05,"December 08, 2022",Laura Johnson,Home Office,South,Office Supplies,Fasteners,Bostitch Staples Standard,10.48,2.0,0.0,7.22
3143,US-2024-102415,"January 02, 2024",01/07/2024,Omar Martinez,Consumer,Central,Technology,Copiers,Canon imageCLASS Copier Deluxe,9292.06,5.0,0.0,1831.94
3144,US-2022-102096,"December 05, 2022",12/08/2022,Nina Chen,Consumer,West,Furniture,Bookcases,O'Sullivan Bookcase Classic,1055.18,5.0,0.2,107.29
3145,US-2024-102621,"November 11, 2024",11/15/2024,Laura Chen,Home Office,West,Office Supplies,Labels,Sharpie Label Tape Value,8.56,1.0,0.1,5.22
3146,US-2021-101703,26-Sep-2021,2021-10-03,Zoe Wilson,Consumer,Central,Office Supplies,Storage,IRIS Storage Box Value,379.76,4.0,0.2,105.6
3147,US-2023-101822,28-Jun-2023,2023-07-02,Emma Kumar,Corporate,East,Office Supplies,Fasteners,ACCO Fasteners Value,31.57,6.0,0.0,21.64
3148,US-2021-101298,06/16/2021,18/06/2021,Chloe Clark,Corporate,Central,Office Supplies,Envelopes,Poly String Envelope Deluxe,36.21,4.0,0.1,21.44
3149,US-2024-102025,2024-06-04,"June 11, 2024",Kenji Wright,Consumer,Central,Technology,Phones,Cisco IP Phone Standard,994.96,6.0,0.6,-755.95
3150,US-2021-101103,2021-11-18,"November 23, 2021",Carlos Anderson,Consumer,West,Furniture,Furnishings,Fellowes Wall Clock Classic,25.1,2.0,0.8,-46.86
3151,US-2023-100283,25-Jun-2023,2023-06-29,Grace Wilson,Consumer,West,Office Supplies,Supplies,Elmer's Glue Pack Value,50.45,2.0,0.1,25.74
3152,US-2024-101004,"April 28, 2024",05/03/2024,Wei Chen,Consumer,West,Technology,Accessories,Logitech Mouse Classic,97.19,3.0,0.4,19.07
3153,US-2023-101334,2023-10-02,"October 03, 2023",Hannah Thomas,Home Office,East,Furniture,Tables,Bevis Table Value,1202.27,3.0,0.0,327.21
3154,US-2024-102473,27-Mar-2024,2024-03-30,Noah Nair,Corporate,West,Technology,Machines,Lexmark Printer Standard,3137.42,5.0,0.2,98.01
3155,US-2021-101388,2021-09-04,"September 10, 2021",Maria King,Consumer,Central,Office Supplies,Labels,Sharpie Label Tape Classic,10.43,2.0,0.0,7.26
3156,US-2024-100465,25-Mar-2024,2024-03-29,Amit Lee,Corporate,West,Furniture,Chairs,Harbour Creations Chair Pro,1045.37,6.0,0.0,354.75
3157,US-2024-100302,01/05/2024,08/01/2024,Liam Kumar,Consumer,East,Office Supplies,Labels,Sharpie Label Tape Standard,16.71,4.0,0.5,4.27
3158,US-2024-100302,05-Jan-2024,2024-01-08,Liam Kumar,Consumer,East,Office Supplies,Paper,Boise Copy Paper Value,14.93,2.0,0.15,9.45
3159,US-2023-103200,29-Jan-2023,2023-01-30,Nina Davis,Consumer,West,Office Supplies,Storage,IRIS Storage Box Value,169.37,6.0,0.7,
3160,US-2023-101765,04/01/2023,11-Jan-2023,Olivia Kumar,Consumer,South,Office Supplies,Fasteners,ACCO Fasteners Pro,4.35,1.0,0.0,3.07
3161,US-2023-103317,19/02/2023,22-Feb-2023,Daniel Kumar,Home Office,East,Office Supplies,Appliances,Avanti Refrigerator Pro,205.16,2.0,0.0,84.47
3162,US-2023-101432,"June 29, 2023",07/04/2023,Omar Smith,Consumer,Central,Furniture,Tables,Bretford Conference Table Deluxe,199.59,1.0,0.5,-93.88
3163,US-2021-101323,26-Apr-2021,2021-05-02,Ananya Martinez,Consumer,South,Technology,Phones,Cisco IP Phone Pro,729.97,2.0,0.1,173.07
3164,US-2021-103020,2021-08-18,"August 22, 2021",Maria Young,Corporate,Central,Office Supplies,Supplies,Stanley Hole Punch Pro,42.22,3.0,0.5,3.24
3165,US-2022-100464,2022-05-23,"May 26, 2022",Yusuf Davis,Consumer,West,Office Supplies,Envelopes,Poly String Envelope Deluxe,87.09,6.0,0.0,53.09
3166,US-2022-102650,08/08/2022,15-Aug-2022,Grace Rodriguez,Corporate,Central,Furniture,Tables,Bevis Table Deluxe,1185.97,3.0,0.3,-90.69
3167,US-2021-102156,2021-09-28,"September 30, 2021",Carlos Wright,Consumer,West,Furniture,Bookcases,O'Sullivan Bookcase Value,319.74,2.0,0.4,-78.72
3168,US-2023-100894,09/25/2023,29/09/2023,Wei Smith,Consumer,West,Office Supplies,Storage,Fellowes File Cart Standard,53.66,1.0,0.5,-9.91
3169,US-2024-101122,28-Dec-2024,2025-01-01,Isabella Clark,Consumer,East,Office Supplies,Art,Newell Scissors Classic,11.37,1.0,0.15,6.05
3170,US-2023-100385,07/27/2023,31/07/2023,Daniel Kumar,Consumer,East,Office Supplies,Labels,Avery Label Set Deluxe,11.69,2.0,0.4,5.59
3171,US-2024-102131,14/08/2024,18-Aug-2024,Ethan Rodriguez,Consumer,Central,Furniture,Chairs,Hon Task Chair Pro,261.58,2.0,0.1,56.51
3172,US-2023-103208,05/17/2023,18/05/2023,Sofia Johnson,Home Office,West,Furniture,Tables,Bretford Conference Table Value,1052.33,2.0,0.15,50.66
3173,US-2021-100213,30/07/2021,02-Aug-2021,Hannah Walker,Consumer,West,Technology,Machines,Lexmark Printer Classic,881.31,2.0,0.2,-4.37
3174,US-2023-102956,03/01/2023,07/03/2023,Yusuf Brown,Consumer,Central,Office Supplies,Paper,HP Premium Paper Classic,22.1,2.0,0.0,14.3
3175,US-2023-102004,03/13/2023,15/03/2023,Ravi Garcia,Corporate,South,Technology,Accessories,Belkin Cable Standard,38.1,1.0,0.1,16.84
3176,US-2024-100069,"September 29, 2024",10/06/2024,Lucas Young,Consumer,West,Office Supplies,Labels,Sharpie Label Tape Value,22.63,2.0,0.0,15.37
3177,US-2024-100217,15-Dec-2024,2024-12-18,Priya Rodriguez,Consumer,South,Furniture,Bookcases,Sauder Bookcase Standard,827.34,3.0,0.0,239.19
3178,US-2023-102324,17/06/2023,22-Jun-2023,Laura Garcia,Consumer,South,Furniture,Bookcases,Sauder Bookcase Classic,139.38,1.0,0.6,-108.68
3179,US-2024-101327,04/29/2024,03/05/2024,Sofia Lee,Consumer,West,Furniture,Furnishings,Fellowes Wall Clock Classic,69.1,2.0,0.0,28.2
3180,US-2023-102935,02/02/2023,09-Feb-2023,Carlos Anderson,Home Office,East,Office Supplies,Supplies,Stanley Hole Punch Pro,147.92,6.0,0.0,86.32
3181,US-2023-100961,"June 13, 2023",06/15/2023,Amit Wilson,Corporate,South,Furniture,Furnishings,Fellowes Wall Clock Standard,216.58,4.0,0.0,96.43
3182,US-2024-101728,"February 29, 2024",03/03/2024,Ananya Garcia,Corporate,West,Technology,Machines,Cubify 3D Printer Deluxe,1077.7,2.0,0.4,-304.06
3183,US-2023-102227,02/05/2023,08-May-2023,Maria Davis,Consumer,Central,Furniture,Tables,Chromcraft Round Table Standard,1022.92,4.0,0.5,-471.58
3184,US-2021-100573,10-Oct-2021,2021-10-13,Isabella Wright,Consumer,South,Office Supplies,Labels,Avery Label Set Deluxe,30.16,3.0,0.0,19.5
3185,US-2023-103037,24/05/2023,29-May-2023,Maria King,Consumer,East,Office Supplies,Appliances,Hoover Vacuum Pro,163.96,1.0,0.15,48.66
3186,US-2021-101503,2021-08-24,"August 29, 2021",Laura Brown,Consumer,Central,Office Supplies,Paper,Xerox Multipurpose Paper Deluxe,17.4,2.0,0.1,10.43
3187,US-2021-103163,09/10/2021,14-Oct-2021,Nina Rodriguez,Corporate,South,Office Supplies,Storage,IRIS Storage Box Deluxe,230.55,2.0,0.0,105.94
3188,US-2024-102578,2024-08-20,"August 22, 2024",Wei Brown,Home Office,West,Technology,Copiers,Hewlett Packard Copier Standard,1114.07,1.0,0.15,47.03
3189,US-2021-102156,09/28/2021,30/09/2021,Carlos Wright,Consumer,west,Furniture,Tables,Bevis Table Value,208.76,1.0,0.1,39.53
3190,US-2024-100210,19/11/2024,20-Nov-2024,Nina Wright,Corporate,West,Office Supplies,Storage,SAFCO Storage Bin Pro,255.49,2.0,0.0,100.95
3191,US-2021-102321,2021-12-29,"January 02, 2022",Isabella Smith,Consumer,Central,Furniture,Furnishings,Fellowes Wall Clock Standard,154.74,5.0,0.5,-9.75
3192,US-2024-101444,2024-03-13,"March 16, 2024",Kavya Johnson,Consumer,East,Office Supplies,Art,Prismacolor Pencils Deluxe,27.75,2.0,0.15,13.93
3193,US-2024-103135,02/18/2024,24/02/2024,Isabella Chen,Consumer,West,Office Supplies,Fasteners,Bostitch Staples Value,25.75,4.0,0.1,16.75
3194,US-2021-102859,"January 03, 2021",01/05/2021,Liam Clark,Home Office,South,Office Supplies,Supplies,Elmer's Glue Pack Classic,27.08,1.0,0.0,
3195,US-2022-101307,2022-01-21,"January 26, 2022",Carlos Patel,Corporate,East,Furniture,Furnishings,Fellowes Wall Clock Standard,269.79,4.0,0.0,128.33
3196,US-2021-102156,28/09/2021,30-Sep-2021,Carlos Wright,Consumer,West,Technology,Accessories,Belkin Cable Classic,138.36,2.0,0.0,69.0
3197,US-2022-101536,19-Jan-2022,2022-01-23,Arjun Smith,Consumer,East,Office Supplies,Appliances,Honeywell Fan Classic,144.62,1.0,0.2,35.12
3198,US-2023-101217,30-Aug-2023,2023-09-05,Emma Walker,Home Office,West,Office Supplies,Supplies,Elmer's Glue Pack Classic,10.7,1.0,0.4,3.08
3199,US-2024-103286,11/10/2024,14/11/2024,Ethan Kumar,Consumer,East,Office Supplies,Paper,Boise Copy Paper Classic,3.62,1.0,0.4,1.43
3200,US-2024-100460,02-Feb-2024,2024-02-07,Priya Johnson,Consumer,South,Furniture,Bookcases,Bush Classic Bookcase Classic,220.8,1.0,0.0,61.76
3201,US-2022-100766,28/07/2022,02-Aug-2022,Emma Garcia,Consumer,West,Furniture,Bookcases,O'Sullivan Bookcase Classic,179.07,1.0,0.0,53.53
3202,US-2024-103098,17-Mar-2024,2024-03-20,Maria Nair,Consumer,South,Office Supplies,Envelopes,Poly String Envelope Standard,14.77,1.0,0.1,8.16
3203,US-2021-103188,25-Feb-2021,2021-02-27,Ethan Brown,Home Office,East,Office Supplies,Appliances,Honeywell Fan Classic,289.08,3.0,0.3,36.93
3204,US-2021-101549,03-Jan-2021,2021-01-04,Priya Davis,Home Office,South,Office Supplies,Storage,IRIS Storage Box Pro,158.83,2.0,0.0,67.67
3205,US-2021-103141,2021-06-14,"June 17, 2021",Yusuf Kumar,Consumer,Central,Technology,Accessories,Logitech Mouse Standard,170.66,5.0,0.4,35.78
3206,US-2021-100842,08/05/2021,15-May-2021,Chloe Young,Corporate,east,Office Supplies,Storage,Fellowes File Cart Classic,127.99,2.0,0.3,19.51
3207,US-2024-100741,08/02/2024,12-Feb-2024,Lucas Young,Consumer,East,Office Supplies,Binders,Acco Binder Standard,34.1,2.0,0.1,19.41
3208,US-2024-103176,2024-06-23,"June 26, 2024",Mia Davis,Corporate,Central,Office Supplies,Storage,Fellowes File Cart Pro,508.84,4.0,0.15,174.52
3209,US-2022-100251,2022-07-17,"July 20, 2022",Liam Anderson,Consumer,West,Furniture,Tables,Bevis Table Standard,1582.28,4.0,0.2,178.8
3210,US-2021-100996,01/09/2021,04-Sep-2021,Ravi Rodriguez,Corporate,South,Office Supplies,Labels,Sharpie Label Tape Classic,16.12,3.0,0.5,5.53
3211,US-2022-100211,2022-04-25,"April 29, 2022",Mia Davis,Consumer,Central,Technology,Copiers,Hewlett Packard Copier Deluxe,1308.64,1.0,0.1,166.05
3212,US-2021-102151,2021-08-29,"September 01, 2021",Hannah Walker,Consumer,East,Office Supplies,Fasteners,ACCO Fasteners Classic,4.33,2.0,0.7,0.21
3213,US-2022-100133,11/25/2022,28/11/2022,Daniel Lee,Home Office,Central,Office Supplies,Art,Sharpie Marker Set Classic,61.29,5.0,0.1,30.94
3214,US-2021-102882,2021-02-26,"March 02, 2021",Liam Martinez,Corporate,West,Furniture,Chairs,Harbour Creations Chair Classic,852.38,4.0,0.15,161.11
3215,US-2024-100086,19-Oct-2024,2024-10-23,Kenji Lee,Home Office,Central,Office Supplies,Art,Prismacolor Pencils Deluxe,65.94,3.0,0.0,38.53
3216,US-2023-102986,"March 11, 2023",03/17/2023,Nina Lee,Corporate,Central,Office Supplies,Labels,Avery Label Set Standard,37.78,6.0,0.4,17.38
3217,US-2022-101856,"January 02, 2022",01/05/2022,Wei Clark,Corporate,West,Office Supplies,Labels,Avery Label Set Deluxe,,1.0,0.3,2.84
3218,US-2022-102177,12/03/2022,09/12/2022,Mia Walker,Consumer,East,Technology,Accessories,Logitech Mouse Value,19.17,1.0,0.3,5.17
3219,US-2024-100235,23-Oct-2024,2024-10-28,Sofia Smith,Home Office,South,Office Supplies,Binders,Wilson Jones Binder Classic,20.86,2.0,0.2,10.62
3220,US-2022-101256,2022-10-25,"October 30, 2022",Sofia Smith,Corporate,East,Furniture,Furnishings,Fellowes Wall Clock Pro,114.26,3.0,0.1,44.37
3221,US-2021-100049,03/27/2021,29/03/2021,Olivia Martinez,Consumer,South,Technology,Machines,Zebra Label Printer Standard,611.78,2.0,0.3,-60.42
3222,US-2024-100504,15/11/2024,18-Nov-2024,Emma Johnson,Corporate,East,Furniture,Bookcases,Bush Classic Bookcase Pro,634.07,4.0,0.15,107.78
3223,US-2024-100616,01/09/2024,10/01/2024,Noah Wilson,Consumer,South,Technology,Phones,Cisco IP Phone Standard,1358.0,4.0,0.1,275.81
3224,US-2021-102547,"February 05, 2021",02/09/2021,Zoe King,Home Office,West,Office Supplies,Paper,Boise Copy Paper Pro,31.66,4.0,0.1,18.82
3225,US-2024-103158,14-Jul-2024,2024-07-21,Nina Lee,Consumer,West,Office Supplies,Binders,GBC Binding System Value,33.71,3.0,0.4,9.93
3226,US-2023-102410,"December 19, 2023",12/26/2023,Liam Clark,Corporate,Central,Furniture,Bookcases,Sauder Bookcase Deluxe,300.76,1.0,0.0,87.8
3227,US-2024-101792,01-Jan-2024,2024-01-04,Ananya Garcia,Consumer,Central,Office Supplies,Art,Sharpie Marker Set Pro,13.95,1.0,0.0,7.98
3228,US-2021-102462,2021-11-04,"November 07, 2021",Carlos Chen,Consumer,South,Office Supplies,Art,Sharpie Marker Set Value,35.37,2.0,0.0,20.53
3229,US-2021-101577,"April 23, 2021",04/30/2021,Arjun Patel,Consumer,East,Office Supplies,Labels,Avery Label Set Pro,6.34,1.0,0.3,3.07
3230,US-2022-102014,10-Apr-2022,2022-04-14,Ravi Garcia,Consumer,East,Office Supplies,Fasteners,Bostitch Staples Classic,24.06,3.0,0.15,15.48
3231,US-2023-100510,2023-11-01,"November 04, 2023",Ravi Patel,Consumer,East,Office Supplies,Storage,Fellowes File Cart Pro,421.33,4.0,0.0,174.39
3232,US-2022-101803,"August 13, 2022",08/16/2022,Carlos Wright,Consumer,West,Office Supplies,Labels,Sharpie Label Tape Classic,11.39,3.0,0.2,6.92
3233,US-2021-100044,"November 15, 2021",11/16/2021,Arjun Anderson,Corporate,Central,Furniture,Chairs,Harbour Creations Chair Pro,166.23,1.0,0.15,24.25
3234,US-2023-101796,01-Apr-2023,2023-04-05,James Kumar,Corporate,East,Technology,Accessories,Belkin Cable Standard,123.34,3.0,0.0,66.57
3235,US-2023-101344,15-Feb-2023,2023-02-17,Ananya Patel,Consumer,Central,Office Supplies,Binders,Wilson Jones Binder Pro,68.56,4.0,0.0,38.87
3236,US-2024-102188,11/07/2024,10/11/2024,Isabella Brown,Home Office,South,Technology,Phones,Cisco IP Phone Value,1783.49,4.0,0.0,594.43
3237,US-2024-103080,23-May-2024,2024-05-26,Mateo Smith,Consumer,Central,Office Supplies,Storage,Fellowes File Cart Classic,111.07,1.0,0.0,47.45
3238,US-2023-103099,2023-06-15,"June 19, 2023",Olivia Johnson,Corporate,Central,Office Supplies,Binders,Acco Binder Pro,49.54,4.0,0.1,26.73
3239,US-2022-100449,"June 27, 2022",06/30/2022,Amit Patel,Home Office,East,Technology,Phones,Apple iPhone Accessory Pro,311.7,1.0,0.2,39.83
3240,US-2023-102252,24-Aug-2023,2023-08-26,Sofia Johnson,Consumer,Central,Office Supplies,Binders,GBC Binding System Pro,18.82,1.0,0.0,10.89
3241,US-2024-102225,2024-07-31,"August 04, 2024",Nina Garcia,Corporate,West,Furniture,Bookcases,Sauder Bookcase Classic,253.15,1.0,0.15,34.85
3242,US-2023-101363,01/08/2023,07-Aug-2023,Mateo Anderson,Consumer,West,Furniture,Tables,Bretford Conference Table Standard,611.42,2.0,0.0,156.2
3243,US-2021-101973,"July 15, 2021",07/22/2021,Sofia Smith,Consumer,Central,Furniture,Tables,Bretford Conference Table Deluxe,511.49,1.0,0.0,132.98
3244,US-2021-102562,04/01/2021,05/04/2021,Mia Johnson,Consumer,West,Office Supplies,Appliances,Avanti Refrigerator Standard,109.19,1.0,0.0,42.39
3245,US-2024-102803,2024-09-09,"September 13, 2024",Nina Rodriguez,Home Office,Central,Technology,Phones,Cisco IP Phone Standard,228.29,1.0,0.1,63.18
3246,US-2022-102700,30-Jun-2022,2022-07-03,Kenji Garcia,Consumer,West,Office Supplies,Appliances,Avanti Refrigerator Pro,344.83,3.0,0.0,144.75
3247,US-2023-102641,29/12/2023,03-Jan-2024,Omar Walker,Corporate,Central,Office Supplies,Supplies,Stanley Hole Punch Standard,96.83,4.0,0.0,55.34
3248,US-2021-102016,2021-09-30,"October 03, 2021",Carlos Walker,Consumer,West,Technology,Machines,Zebra Label Printer Deluxe,,2.0,0.3,-78.3
3249,US-2021-101301,12/16/2021,22/12/2021,Nina Chen,Corporate,West,Office Supplies,Appliances,Honeywell Fan Standard,397.46,2.0,0.0,159.83
3250,US-2021-100247,15/05/2021,19-May-2021,Olivia Lee,Corporate,East,Office Supplies,Fasteners,Bostitch Staples Classic,16.55,3.0,0.0,11.36
3251,US-2022-100226,23-Dec-2022,2022-12-25,Mia Thomas,Consumer,South,Office Supplies,Appliances,Avanti Refrigerator Classic,1076.11,6.0,0.0,423.25
3252,US-2024-102530,2024-11-05,"November 12, 2024",Laura Rodriguez,Consumer,Central,Office Supplies,Paper,Boise Copy Paper Pro,9.72,1.0,0.15,5.58
3253,US-2021-103182,15/11/2021,21-Nov-2021,Priya Walker,Home Office,East,Furniture,Furnishings,Eldon Desk Lamp Pro,140.27,3.0,0.2,43.27
3254,US-2021-101339,25/05/2021,01-Jun-2021,Grace Wilson,Corporate,South,Furniture,Chairs,Harbour Creations Chair Pro,331.78,2.0,0.15,67.63
3255,US-2024-100059,10/02/2024,13-Feb-2024,Liam Brown,Corporate,South,Office Supplies,Art,Prismacolor Pencils Classic,14.66,1.0,0.0,8.99
3256,US-2021-101601,19-Feb-2021,2021-02-25,Grace Patel,Consumer,Central,Office Supplies,Supplies,Stanley Hole Punch Pro,13.85,1.0,0.3,4.31
3257,US-2022-103145,"June 02, 2022",06/05/2022,Daniel Martinez,Home Office,Central,Office Supplies,Binders,Acco Binder Classic,9.39,1.0,0.3,3.62
3258,US-2024-101958,18/12/2024,21-Dec-2024,Omar Martinez,Home Office,East,Furniture,Tables,Bretford Conference Table Deluxe,848.94,3.0,0.2,44.3
3259,US-2022-102395,15-Nov-2022,2022-11-17,Priya Nair,Corporate,Central,Office Supplies,Storage,IRIS Storage Box Deluxe,594.35,6.0,0.0,249.78
3260,US-2022-102147,18/05/2022,22-May-2022,Carlos Patel,Corporate,West,Office Supplies,Paper,Boise Copy Paper Classic,55.57,5.0,0.0,35.3
3261,US-2022-101163,"January 28, 2022",01/31/2022,Wei Wright,Consumer,South,Furniture,Furnishings,Tenex Chairmat Standard,165.4,4.0,0.1,64.96
3262,US-2022-100864,01/07/2022,07-Jul-2022,Omar Patel,Home Office,East,Technology,Accessories,Belkin Cable Value,98.76,2.0,0.1,43.06
3263,US-2024-101048,"April 03, 2024",04/06/2024,Sofia Wilson,Corporate,East,Furniture,Chairs,Harbour Creations Chair Classic,166.04,1.0,0.4,-23.95
3264,US-2022-102445,2022-05-03,"May 07, 2022",Zoe Walker,Home Office,East,Office Supplies,Paper,Xerox Multipurpose Paper Classic,32.67,4.0,0.3,14.94
3265,US-2024-102058,10/20/2024,24/10/2024,Wei King,Corporate,East,Office Supplies,Envelopes,Kraft Clasp Envelope Classic,7.11,1.0,0.4,2.5
3266,US-2023-103224,2023-05-30,"June 02, 2023",,Home Office,West,Furniture,Chairs,Global Deluxe Chair Deluxe,171.69,1.0,0.1,46.48
3267,US-2023-100943,06-Nov-2023,2023-11-12,Mateo Anderson,Consumer,Central,Technology,Copiers,Hewlett Packard Copier Value,5338.2,4.0,0.0,1125.36
3268,US-2022-102622,19/06/2022,26-Jun-2022,Mateo Johnson,Consumer,West,Office Supplies,Appliances,Hoover Vacuum Value,80.25,2.0,0.4,-0.77
3269,US-2023-101029,06/26/2023,29/06/2023,Ravi Smith,Consumer,East,Office Supplies,Art,Sharpie Marker Set Pro,12.76,1.0,0.1,6.93
3270,US-2022-101403,03/28/2022,01/04/2022,Mateo Wilson,Consumer,West,Technology,Machines,Zebra Label Printer Classic,639.11,3.0,0.7,-1034.83
3271,US-2023-102641,2023-12-29,"January 03, 2024",Omar Walker,Corporate,Central,Technology,Copiers,Hewlett Packard Copier Classic,1713.41,1.0,0.0,310.54
3272,US-2023-100106,03-May-2023,2023-05-05,Daniel Wright,Corporate,West,Furniture,Furnishings,Tenex Chairmat Value,351.0,5.0,0.0,166.28
3273,US-2021-101064,05/25/2021,27/05/2021,Mia Wright,Consumer,East,Office Supplies,Art,Newell Scissors Classic,42.83,3.0,0.1,23.11
3274,US-2021-101408,2021-10-09,"October 13, 2021",Carlos Smith,Corporate,Central,Office Supplies,Appliances,Honeywell Fan Classic,351.91,2.0,0.0,138.72
3275,US-2024-101159,2024-05-31,"June 04, 2024",Priya Smith,Corporate,Central,Office Supplies,Art,Prismacolor Pencils Classic,,1.0,0.4,3.7
3276,US-2023-100417,26-Feb-2023,2023-03-02,Chloe Clark,Home Office,South,Office Supplies,Labels,Avery Label Set Deluxe,7.63,1.0,0.0,5.05
3277,US-2021-101461,25-Jun-2021,2021-06-30,Sofia Patel,Consumer,Central,Technology,Copiers,Hewlett Packard Copier Deluxe,3388.75,2.0,0.0,726.29
3278,US-2024-102595,"October 05, 2024",10/11/2024,Isabella Young,Consumer,West,Office Supplies,Paper,Boise Copy Paper Standard,24.9,2.0,0.1,14.17
3279,US-2022-100288,04/21/2022,27/04/2022,Mia Johnson,Consumer,South,Office Supplies,Binders,GBC Binding System Deluxe,18.3,4.0,0.5,2.84
3280,US-2021-102635,04/21/2021,26/04/2021,Ananya Lee,Home Office,South,Office Supplies,Labels,Avery Label Set Standard,20.92,2.0,0.15,13.32
3281,US-2021-100269,14/10/2021,17-Oct-2021,Mateo Wright,Consumer,West,Office Supplies,Labels,Avery Label Set Classic,32.83,6.0,0.3,18.65
3282,US-2023-102042,14/04/2023,19-Apr-2023,Hannah Thomas,Consumer,West,Office Supplies,Binders,GBC Binding System Pro,11.71,1.0,0.15,6.01
3283,US-2022-103277,2022-02-26,"March 02, 2022",Amit Brown,Corporate,West,Furniture,Furnishings,Tenex Chairmat Deluxe,218.14,6.0,0.0,97.71
3284,US-2022-100101,02-Feb-2022,2022-02-05,Olivia Davis,Corporate,Central,Office Supplies,Binders,GBC Binding System Standard,,4.0,0.0,46.64
3285,US-2021-102353,"August 25, 2021",08/28/2021,Omar Garcia,Home Office,West,Office Supplies,Storage,Fellowes File Cart Value,364.38,5.0,0.15,125.23
3286,US-2021-103229,21-Jan-2021,2021-01-23,Yusuf Patel,Consumer,Central,Furniture,Chairs,Hon Task Chair Standard,628.24,4.0,0.0,178.32
3287,US-2023-103011,"December 31, 2023",01/07/2024,James Davis,Corporate,Central,Technology,Machines,Lexmark Printer Standard,1057.27,1.0,0.0,228.59
3288,US-2021-101521,2021-05-23,"May 28, 2021",Priya Patel,Corporate,West,Office Supplies,Labels,Sharpie Label Tape Value,6.14,1.0,0.2,3.51
3289,US-2022-101978,31-Jan-2022,2022-02-02,Daniel Garcia,Corporate,East,Office Supplies,Art,Sharpie Marker Set Standard,39.7,5.0,0.4,12.52
3290,US-2021-102550,"October 18, 2021",10/21/2021,Arjun Brown,Corporate,East,Office Supplies,Art,Sharpie Marker Set Value,16.31,1.0,0.1,9.44
3291,US-2024-101352,2024-07-25,"July 29, 2024",Amit Chen,Consumer,Central,Office Supplies,Appliances,Avanti Refrigerator Standard,146.72,1.0,0.0,63.36
3292,US-2024-101855,20/10/2024,26-Oct-2024,Mia Walker,Consumer,Central,Furniture,Bookcases,Sauder Bookcase Classic,1948.3,6.0,0.1,384.32
3293,US-2022-101270,23-Feb-2022,2022-03-02,Liam Chen,Consumer,South,Office Supplies,Binders,Wilson Jones Binder Value,13.93,1.0,0.4,5.17
3294,US-2021-100537,2021-12-04,"December 10, 2021",Kenji Lee,Consumer,Central,Office Supplies,Binders,Acco Binder Standard,34.48,2.0,0.0,20.47
3295,US-2022-100858,06/20/2022,26/06/2022,Omar Davis,Consumer,East,Office Supplies,Fasteners,ACCO Fasteners Value,6.82,1.0,0.0,4.78
3296,US-2022-101140,11/28/2022,03/12/2022,Isabella Kumar,Consumer,South,Office Supplies,Art,Newell Scissors Value,16.83,1.0,0.0,9.14
3297,US-2023-101619,16-Jun-2023,2023-06-20,Ananya Wright,Consumer,West,Office Supplies,Paper,Xerox Multipurpose Paper Standard,58.78,5.0,0.2,32.64
3298,US-2024-102165,07-Feb-2024,2024-02-12,Grace Young,Corporate,West,Furniture,Bookcases,Sauder Bookcase Deluxe,1143.02,4.0,0.15,159.53
3299,US-2024-100438,02/29/2024,04/03/2024,Omar Anderson,Consumer,East,Furniture,Chairs,Global Deluxe Chair Pro,548.81,4.0,0.2,73.13
3300,US-2021-101371,"August 13, 2021",08/20/2021,Ananya Smith,Corporate,East,Office Supplies,Binders,Acco Binder Pro,27.68,2.0,0.3,13.23
3301,US-2022-101468,15-Mar-2022,2022-03-19,Yusuf Wilson,Consumer,South,Furniture,Chairs,Hon Task Chair Standard,182.87,1.0,0.0,57.72
3302,US-2024-101991,12-Nov-2024,2024-11-15,Ananya Anderson,Consumer,East,Technology,Phones,Apple iPhone Accessory Pro,1445.09,5.0,0.15,235.24
3303,US-2022-102764,"November 27, 2022",11/30/2022,Kenji Davis,Consumer,Central,Office Supplies,Fasteners,ACCO Fasteners Standard,13.7,3.0,0.2,8.41
3304,US-2024-100719,11/28/2024,03/12/2024,Priya Brown,Consumer,West,Office Supplies,Supplies,Stanley Hole Punch Standard,40.8,2.0,0.0,22.19
3305,US-2022-100295,28/04/2022,03-May-2022,Ethan Wilson,Consumer,West,Office Supplies,Labels,Sharpie Label Tape Value,10.51,1.0,0.0,6.54
3306,US-2022-102801,2022-01-07,"January 10, 2022",Ravi Patel,Corporate,West,Office Supplies,Supplies,Stanley Hole Punch Deluxe,60.0,2.0,0.0,33.43
3307,US-2021-101989,2021-05-30,"June 02, 2021",Hannah Brown,Corporate,East,Office Supplies,Fasteners,ACCO Fasteners Value,8.27,2.0,0.0,5.67
3308,US-2023-102143,07-Sep-2023,2023-09-13,Grace Wright,Consumer,East,Office Supplies,Storage,IRIS Storage Box Classic,61.94,1.0,0.2,17.43
3309,US-2022-103053,12/10/2022,14-Oct-2022,Omar Brown,Corporate,East,Technology,Phones,Cisco IP Phone Classic,819.82,3.0,0.3,-37.75
3310,US-2022-100919,29/08/2022,05-Sep-2022,Emma Chen,Corporate,West,Office Supplies,Storage,SAFCO Storage Bin Pro,191.92,5.0,0.6,-103.45
3311,US-2022-101819,31/01/2022,02-Feb-2022,Amit Kumar,Consumer,East,Furniture,Chairs,Global Deluxe Chair Deluxe,133.64,1.0,0.2,23.7
3312,US-2022-102573,2022-06-29,"July 02, 2022",Ravi Clark,Consumer,South,Office Supplies,Labels,Avery Label Set Standard,45.06,6.0,0.1,27.55
3313,US-2021-101321,09-Oct-2021,2021-10-14,Ethan Nair,Consumer,Central,Furniture,Tables,Bretford Conference Table Deluxe,1448.04,4.0,0.0,331.84
3314,US-2022-101536,01/19/2022,23/01/2022,Arjun Smith,Consumer,East,Technology,Accessories,Logitech Mouse Value,56.03,1.0,0.0,27.55
3315,US-2021-103171,09/06/2021,07/09/2021,Ravi King,Home Office,South,Technology,Phones,Samsung Galaxy Dock Value,657.7,3.0,0.0,192.01
3316,US-2023-101222,22/05/2023,24-May-2023,Yusuf Lee,Home Office,West,Office Supplies,Storage,IRIS Storage Box Standard,212.6,2.0,0.2,53.06
3317,US-2021-100455,08-Sep-2021,2021-09-14,Maria Rodriguez,Consumer,West,Office Supplies,Storage,Fellowes File Cart Value,347.78,4.0,0.0,154.19
3318,US-2023-103278,"March 08, 2023",03/14/2023,Chloe Wilson,Corporate,East,Furniture,Furnishings,Eldon Desk Lamp Classic,21.52,1.0,0.6,-6.62
3319,US-2022-100893,"July 15, 2022",07/19/2022,Liam Clark,Home Office,South,Technology,Machines,Lexmark Printer Deluxe,911.77,1.0,0.0,185.45
3320,US-2021-101884,09/11/2021,15-Nov-2021,Noah Garcia,Corporate,West,Technology,Machines,Lexmark Printer Deluxe,1515.84,2.0,0.0,321.23
3321,US-2023-103273,08/03/2023,06/08/2023,Priya Johnson,Corporate,Central,Office Supplies,Art,Newell Scissors Classic,17.0,1.0,0.0,10.22
3322,US-2022-100245,02/16/2022,22/02/2022,Omar Garcia,Corporate,West,Furniture,Chairs,Global Deluxe Chair Standard,793.3,4.0,0.3,32.06
3323,US-2022-100073,"April 26, 2022",04/29/2022,Arjun Thomas,Consumer,East,Office Supplies,Binders,Acco Binder Classic,16.93,1.0,0.1,9.28
3324,US-2022-102806,"July 30, 2022",08/03/2022,Mateo Kumar,Corporate,South,Office Supplies,Paper,HP Premium Paper Pro,14.86,2.0,0.4,6.21
3325,US-2021-101997,05/25/2021,26/05/2021,Grace Patel,Consumer,East,Furniture,Bookcases,Sauder Bookcase Classic,1495.83,4.0,0.0,408.95
3326,US-2021-102244,31/10/2021,03-Nov-2021,Mia Davis,Consumer,East,Furniture,Chairs,Hon Task Chair Value,198.58,2.0,0.1,53.99
3327,US-2021-100486,08/01/2021,15-Jan-2021,Isabella Chen,Consumer,Central,Furniture,Tables,Bevis Table Value,642.39,2.0,0.3,-24.04
3328,US-2024-100838,"May 10, 2024",05/15/2024,Ananya Wright,Home Office,East,Office Supplies,Art,Sharpie Marker Set Classic,14.54,1.0,0.0,9.02
3329,US-2021-100827,01-Mar-2021,2021-03-04,Priya Johnson,Corporate,Central,Office Supplies,Appliances,Honeywell Fan Classic,257.26,2.0,0.0,107.32
3330,US-2022-101287,"January 17, 2022",01/22/2022,Hannah Garcia,Consumer,East,Office Supplies,Supplies,Stanley Hole Punch Classic,101.01,4.0,0.15,42.72
3331,US-2024-102846,2024-09-27,"September 30, 2024",James Chen,Consumer,South,Office Supplies,Fasteners,ACCO Fasteners Deluxe,16.57,2.0,0.0,11.82
3332,US-2024-100935,2024-08-13,"August 18, 2024",Mateo Clark,Corporate,Central,Technology,Accessories,Belkin Cable Deluxe,58.95,1.0,0.1,26.31
3333,US-2024-100975,"April 29, 2024",04/30/2024,Maria Nair,Home Office,West,Office Supplies,Appliances,Hoover Vacuum Value,423.54,6.0,0.6,-206.84
3334,US-2022-101066,2022-03-03,"March 10, 2022",Sofia Lee,Home Office,South,Office Supplies,Art,Prismacolor Pencils Pro,22.04,2.0,0.3,9.55
3335,US-2022-101998,08/10/2022,15/08/2022,Olivia King,Home Office,East,Technology,Copiers,Canon imageCLASS Copier Standard,2494.04,2.0,0.2,-32.23
3336,US-2024-103238,05/10/2024,14/05/2024,Ravi Thomas,Home Office,Central,Office Supplies,Art,Newell Scissors Standard,12.34,1.0,0.4,4.22
3337,US-2022-103010,02/21/2022,27/02/2022,Maria Thomas,Home Office,West,Technology,Machines,Lexmark Printer Value,1940.27,3.0,0.0,387.51
3338,US-2022-100229,14/07/2022,18-Jul-2022,Ananya Martinez,Consumer,Central,Technology,Copiers,Hewlett Packard Copier Deluxe,1654.6,2.0,0.0,340.35
3339,US-2021-101894,05/14/2021,16/05/2021,Isabella Anderson,Consumer,Central,Office Supplies,Paper,Boise Copy Paper Standard,11.69,2.0,0.4,4.29
3340,US-2021-101384,2021-04-17,"April 22, 2021",Yusuf Thomas,Home Office,East,Office Supplies,Paper,HP Premium Paper Classic,62.58,5.0,0.0,39.94
3341,US-2024-100526,03-Apr-2024,2024-04-07,Daniel Chen,Corporate,West,Office Supplies,Fasteners,ACCO Fasteners Value,14.58,4.0,0.5,5.02
3342,US-2022-102483,05-Dec-2022,2022-12-10,Lucas Wright,Consumer,West,Office Supplies,Labels,Avery Label Set Deluxe,7.07,1.0,0.3,3.7
3343,US-2024-102729,15/05/2024,16-May-2024,Yusuf Smith,Consumer,West,Office Supplies,Binders,Acco Binder Standard,18.39,3.0,0.7,-4.83
3344,US-2022-100809,01-Dec-2022,2022-12-06,Ravi King,Corporate,West,Furniture,Tables,Chromcraft Round Table Classic,1457.54,4.0,0.1,192.67
3345,US-2024-102093,"March 10, 2024",03/12/2024,Maria Walker,Consumer,East,Technology,Phones,Cisco IP Phone Deluxe,826.14,2.0,0.0,230.56
3346,US-2022-103277,26/02/2022,02-Mar-2022,Amit Brown,Corporate,West,Office Supplies,Envelopes,Kraft Clasp Envelope Standard,10.28,2.0,0.4,3.7
3347,US-2023-101277,2023-02-06,"February 12, 2023",Priya Lee,Corporate,East,Furniture,Bookcases,Bush Classic Bookcase Standard,267.77,1.0,0.0,68.31
3348,US-2024-100587,24-Dec-2024,2024-12-27,Kenji Garcia,Home Office,South,Office Supplies,Storage,IRIS Storage Box Value,226.85,3.0,0.0,88.68
3349,US-2023-100264,01/20/2023,27/01/2023,Nina Lee,Home Office,West,Office Supplies,Paper,HP Premium Paper Value,18.03,4.0,0.6,1.98
3350,US-2023-100881,01/19/2023,22/01/2023,Mia Thomas,Consumer,West,Technology,Phones,Samsung Galaxy Dock Pro,897.8,3.0,0.2,72.54
3351,US-2024-100646,07/06/2024,10-Jun-2024,Arjun Lee,Consumer,Central,Office Supplies,Paper,HP Premium Paper Value,22.98,2.0,0.1,13.68
3352,US-2024-101165,2024-07-31,"August 06, 2024",Ravi Patel,Home Office,East,Office Supplies,Envelopes,Kraft Clasp Envelope Deluxe,23.33,3.0,0.15,12.9
3353,US-2021-102912,"September 02, 2021",09/06/2021,Lucas Rodriguez,Consumer,East,Technology,Phones,Apple iPhone Accessory Pro,322.37,2.0,0.0,95.81
3354,US-2023-100408,27/05/2023,31-May-2023,Noah Garcia,Consumer,West,Technology,Machines,Cubify 3D Printer Classic,515.02,1.0,0.2,-1.55
3355,US-2023-101453,21/07/2023,24-Jul-2023,Mateo Kumar,Home Office,Central,Furniture,Tables,Bevis Table Pro,302.34,2.0,0.3,-14.31
3356,US-2023-100379,05/24/2023,28/05/2023,Ethan Davis,Consumer,South,Technology,Copiers,Canon imageCLASS Copier Deluxe,3757.84,2.0,0.0,687.02
3357,US-2024-101427,26-Nov-2024,2024-11-29,Isabella Martinez,Corporate,Central,Office Supplies,Storage,IRIS Storage Box Standard,635.44,5.0,0.0,278.49
3358,US-2024-101697,2024-01-03,"January 09, 2024",Noah Patel,Consumer,South,Office Supplies,Art,Newell Scissors Pro,23.32,1.0,0.0,13.2
3359,US-2021-101167,"September 20, 2021",09/24/2021,Carlos Chen,Consumer,East,Office Supplies,Binders,GBC Binding System Value,83.87,5.0,0.0,53.26
3360,US-2024-102097,07/08/2024,14-Aug-2024,Omar Lee,Corporate,East,Office Supplies,Binders,Wilson Jones Binder Standard,35.09,2.0,0.15,17.82
3361,US-2021-101836,"December 15, 2021",12/19/2021,Chloe Garcia,Consumer,Central,Office Supplies,Labels,Sharpie Label Tape Classic,6.41,1.0,0.3,3.22
3362,US-2022-102551,31/10/2022,04-Nov-2022,Mia Martinez,Home Office,Central,Office Supplies,Art,Sharpie Marker Set Deluxe,65.98,4.0,0.0,39.96
3363,US-2023-102540,23-Feb-2023,2023-02-28,Ravi Patel,Home Office,East,Office Supplies,Binders,Acco Binder Standard,53.8,5.0,0.4,16.24
3364,US-2022-101628,2022-02-21,"February 24, 2022",Kenji Garcia,Consumer,East,Furniture,Chairs,Global Deluxe Chair Value,134.18,1.0,0.3,7.79
3365,US-2023-100647,"January 29, 2023",02/01/2023,Mia Young,Home Office,Central,Office Supplies,Appliances,Avanti Refrigerator Deluxe,588.63,4.0,0.0,229.62
3366,US-2022-102518,08/01/2022,14-Jan-2022,Hannah Rodriguez,Consumer,Central,Office Supplies,Appliances,Avanti Refrigerator Classic,250.65,2.0,0.2,54.66
3367,US-2021-103207,2021-06-03,"June 06, 2021",Zoe Rodriguez,Consumer,Central,Technology,Phones,Samsung Galaxy Dock Standard,904.72,2.0,0.0,292.71
3368,US-2023-102341,01/01/2023,08/01/2023,Nina Rodriguez,Corporate,Central,Office Supplies,Supplies,Stanley Hole Punch Standard,23.82,4.0,0.8,-26.85
3369,US-2022-101123,16/03/2022,22-Mar-2022,Ethan Chen,Home Office,Central,Office Supplies,Supplies,Elmer's Glue Pack Pro,48.01,4.0,0.1,23.2
3370,US-2022-102581,2022-04-23,"April 27, 2022",Zoe Kumar,Corporate,East,Office Supplies,Labels,Sharpie Label Tape Deluxe,9.03,1.0,0.0,5.61
3371,US-2023-100225,02/01/2023,06-Jan-2023,Omar Chen,Corporate,East,Office Supplies,Labels,Avery Label Set Standard,6.29,1.0,0.4,2.51
3372,US-2022-101495,18/05/2022,25-May-2022,Carlos Lee,Home Office,East,Office Supplies,Envelopes,Poly String Envelope Pro,16.2,1.0,0.1,9.17
3373,US-2021-102385,2021-08-12,"August 16, 2021",Chloe Davis,Consumer,West,Technology,Accessories,Belkin Cable Deluxe,99.09,4.0,0.4,11.54
3374,US-2024-101824,10/28/2024,30/10/2024,Yusuf Clark,Corporate,East,Office Supplies,Appliances,Honeywell Fan Pro,436.53,5.0,0.0,172.32
3375,US-2023-102212,"August 22, 2023",08/25/2023,Isabella Kumar,Consumer,Central,Office Supplies,Paper,Xerox Multipurpose Paper Deluxe,26.49,3.0,0.15,14.24
3376,US-2022-100505,2022-09-29,"October 04, 2022",Arjun Nair,Consumer,South,Office Supplies,Appliances,Hoover Vacuum Deluxe,484.03,3.0,0.0,173.48
3377,US-2024-100317,09-Oct-2024,2024-10-13,Zoe Thomas,Consumer,Central,Furniture,Chairs,Global Deluxe Chair Pro,515.12,2.0,0.1,146.61
3378,US-2023-100051,04/24/2023,28/04/2023,Omar Davis,Consumer,West,Furniture,Furnishings,Eldon Desk Lamp Classic,37.03,1.0,0.4,5.04
3379,US-2024-103170,2024-10-02,"October 05, 2024",Amit Anderson,Consumer,South,Technology,Copiers,Canon imageCLASS Copier Deluxe,2960.35,3.0,0.3,-316.34
3380,US-2022-102106,17-Nov-2022,2022-11-20,Noah Thomas,Consumer,Central,Office Supplies,Envelopes,Kraft Clasp Envelope Standard,24.56,4.0,0.4,9.3
3381,US-2024-101184,29/04/2024,03-May-2024,Omar Brown,Consumer,South,Furniture,Tables,Chromcraft Round Table Classic,1238.63,4.0,0.2,57.22
3382,US-2021-101951,17/08/2021,20-Aug-2021,Noah King,Home Office,West,Office Supplies,Appliances,Hoover Vacuum Standard,28.16,3.0,0.8,-55.47
3383,US-2021-102148,12-Mar-2021,2021-03-18,Mateo Anderson,Consumer,East,Office Supplies,Binders,Wilson Jones Binder Standard,39.92,2.0,0.0,23.75
3384,US-2023-101893,2023-03-31,"April 04, 2023",Amit Patel,Consumer,East,Technology,Accessories,SanDisk USB Drive Pro,41.38,1.0,0.1,18.75
3385,US-2022-102904,08/23/2022,27/08/2022,Maria Martinez,Consumer,West,Furniture,Tables,Bevis Table Value,214.4,1.0,0.1,40.99
3386,US-2023-102223,"October 21, 2023",10/22/2023,Liam Johnson,Corporate,West,Furniture,Chairs,Hon Task Chair Value,583.58,3.0,0.0,176.05
3387,US-2024-102626,02/12/2024,15/02/2024,Omar Lee,Consumer,West,Furniture,Bookcases,O'Sullivan Bookcase Value,341.87,1.0,0.0,95.72
3388,US-2023-101781,22/05/2023,28-May-2023,Liam Anderson,Consumer,South,Office Supplies,Envelopes,Kraft Clasp Envelope Classic,32.81,3.0,0.2,17.56
3389,US-2021-101516,30/07/2021,04-Aug-2021,Mia Wilson,Corporate,West,Furniture,Furnishings,Tenex Chairmat Pro,265.84,5.0,0.0,117.98
3390,US-2022-102228,"December 19, 2022",12/23/2022,Ethan Lee,Consumer,West,Office Supplies,Fasteners,ACCO Fasteners Pro,12.74,2.0,0.0,8.48
3391,US-2024-100998,12/17/2024,21/12/2024,Sofia Nair,Corporate,West,Office Supplies,Art,Newell Scissors Pro,25.84,2.0,0.1,13.86
3392,US-2023-100626,"February 10, 2023",02/14/2023,Kenji Davis,Consumer,East,Office Supplies,Labels,Sharpie Label Tape Classic,49.86,4.0,0.0,34.66
3393,US-2021-101771,02/01/2021,04-Jan-2021,Yusuf Garcia,Consumer,Central,Technology,Accessories,Logitech Mouse Deluxe,253.06,6.0,0.15,104.98
3394,US-2021-101172,2021-04-07,"April 14, 2021",Arjun Clark,Home Office,West,Office Supplies,Art,Newell Scissors Pro,9.22,1.0,0.4,2.4
3395,US-2022-101517,2022-02-10,"February 12, 2022",Noah Johnson,Home Office,South,Office Supplies,Fasteners,Bostitch Staples Standard,17.57,2.0,0.15,11.37
3396,US-2021-102756,16-Sep-2021,2021-09-21,James Rodriguez,Home Office,East,Office Supplies,Appliances,Hoover Vacuum Pro,40.08,1.0,0.6,-23.5
3397,US-2022-102125,20-Apr-2022,2022-04-23,,Consumer,West,Office Supplies,Envelopes,Kraft Clasp Envelope Standard,73.22,4.0,0.2,39.54
3398,US-2021-100136,01-Mar-2021,2021-03-02,Maria Thomas,Consumer,East,Office Supplies,Paper,Boise Copy Paper Classic,27.27,3.0,0.3,14.33
3399,US-2023-102265,07/10/2023,13/07/2023,Liam Thomas,Home Office,West,Furniture,Chairs,Hon Task Chair Deluxe,919.1,3.0,0.0,312.29
3400,US-2023-102560,25-Jan-2023,2023-01-29,Isabella Anderson,Consumer,Central,Technology,Accessories,SanDisk USB Drive Pro,56.73,1.0,0.0,28.8
3401,US-2021-100677,"July 24, 2021",07/28/2021,Carlos Wilson,Consumer,West,Office Supplies,Paper,Boise Copy Paper Classic,26.91,2.0,0.0,18.36
3402,US-2024-101727,2024-04-11,"April 16, 2024",Carlos Anderson,Corporate,West,Furniture,Tables,Bretford Conference Table Pro,632.07,3.0,0.5,-335.78
3403,US-2022-101073,2022-05-25,"May 27, 2022",Lucas Clark,Consumer,East,Office Supplies,Envelopes,Poly String Envelope Value,4.29,1.0,0.7,-1.0
3404,US-2022-102796,07-May-2022,2022-05-14,Isabella Martinez,Home Office,West,Office Supplies,Fasteners,Bostitch Staples Classic,18.33,3.0,0.15,12.33
3405,US-2023-100098,"April 09, 2023",04/14/2023,Hannah Davis,Corporate,West,Office Supplies,Envelopes,Kraft Clasp Envelope Classic,10.08,1.0,0.3,4.88
3406,US-2022-102561,30/05/2022,06-Jun-2022,Priya Patel,Corporate,South,Office Supplies,Binders,GBC Binding System Classic,34.57,2.0,0.0,20.39
3407,US-2024-103201,05/21/2024,24/05/2024,Nina Garcia,Consumer,Central,Office Supplies,Art,Sharpie Marker Set Standard,66.57,3.0,0.0,39.54
3408,US-2023-103173,06/26/2023,28/06/2023,Yusuf Martinez,Consumer,East,Office Supplies,Labels,Avery Label Set Standard,20.5,2.0,0.0,13.84
3409,US-2024-102507,23/06/2024,30-Jun-2024,Hannah Nair,Corporate,West,Office Supplies,Binders,GBC Binding System Deluxe,39.03,2.0,0.0,23.04
3410,US-2023-102752,2023-07-24,"July 27, 2023",Mateo King,Home Office,West,Furniture,Furnishings,Tenex Chairmat Value,53.85,1.0,0.0,24.74
3411,US-2023-102441,2023-03-25,"April 01, 2023",Kenji Walker,Consumer,Central,Office Supplies,Paper,Xerox Multipurpose Paper Deluxe,42.21,3.0,0.0,27.06
3412,US-2021-100154,2021-07-19,"July 23, 2021",Emma Young,Corporate,Central,Office Supplies,Binders,GBC Binding System Classic,50.06,5.0,0.2,25.18
3413,US-2022-101198,05/19/2022,20/05/2022,Sofia Brown,Consumer,West,Office Supplies,Storage,Fellowes File Cart Pro,79.65,1.0,0.0,32.51
3414,US-2024-101077,12/13/2024,20/12/2024,Olivia Thomas,Corporate,East,Furniture,Furnishings,Fellowes Wall Clock Classic,193.22,4.0,0.2,62.4
3415,US-2021-101965,26-May-2021,2021-05-30,Daniel Chen,Consumer,Central,Furniture,Chairs,Hon Task Chair Standard,370.23,2.0,0.0,122.16
3416,US-2022-101787,"November 22, 2022",11/25/2022,Kenji King,Consumer,Central,Office Supplies,Fasteners,Bostitch Staples Standard,7.72,1.0,0.2,4.81
3417,US-2024-103060,"August 07, 2024",08/09/2024,Isabella Young,Home Office,Central,Office Supplies,Paper,HP Premium Paper Deluxe,16.69,2.0,0.4,6.91
3418,US-2024-101743,12/16/2024,23/12/2024,Carlos Kumar,Consumer,East,Office Supplies,Binders,Acco Binder Classic,22.49,3.0,0.2,10.02
3419,US-2024-102549,05/06/2024,13/05/2024,,Consumer,West,Office Supplies,Fasteners,ACCO Fasteners Standard,4.71,1.0,0.1,3.1
3420,US-2022-100849,"April 30, 2022",05/07/2022,Hannah Walker,Corporate,Central,Office Supplies,Labels,Avery Label Set Standard,7.8,1.0,0.1,5.0
3421,US-2022-100229,"July 14, 2022",07/18/2022,Ananya Martinez,Consumer,Central,Office Supplies,Art,Sharpie Marker Set Classic,38.84,3.0,0.0,22.56
3422,US-2023-102664,"January 11, 2023",01/14/2023,Hannah Chen,Consumer,East,Furniture,Bookcases,Sauder Bookcase Pro,227.26,1.0,0.2,21.75
3423,US-2022-100565,29-Dec-2022,2023-01-01,Zoe Anderson,Corporate,South,Furniture,Tables,Bevis Table Standard,280.92,1.0,0.2,20.97
3424,US-2023-101851,"May 31, 2023",06/06/2023,Amit Patel,Home Office,East,Technology,Copiers,Canon imageCLASS Copier Value,3151.66,2.0,0.1,391.61
3425,US-2021-101886,"May 22, 2021",05/23/2021,Mateo Thomas,Home Office,East,Office Supplies,Paper,HP Premium Paper Deluxe,99.35,6.0,0.0,66.03
3426,US-2024-103014,01/18/2024,21/01/2024,Priya Brown,Corporate,West,Office Supplies,Appliances,Honeywell Fan Pro,100.81,1.0,0.3,16.93
3427,US-2022-103132,2022-10-28,"October 30, 2022",Emma Wilson,Corporate,West,Office Supplies,Envelopes,Poly String Envelope Deluxe,12.24,1.0,0.0,7.37
3428,US-2023-102959,08/06/2023,11-Jun-2023,Mia Anderson,Corporate,,Office Supplies,Appliances,Hoover Vacuum Standard,123.22,1.0,0.2,37.51
3429,US-2024-101942,10/07/2024,15-Jul-2024,Carlos Clark,Home Office,West,Office Supplies,Storage,Fellowes File Cart Value,64.6,1.0,0.1,21.24
3430,US-2021-102156,"September 28, 2021",09/30/2021,Carlos Wright,Consumer,West,Office Supplies,Storage,SAFCO Storage Bin Classic,339.26,4.0,0.2,101.19
3431,US-2024-100860,29-Jul-2024,2024-08-01,Sofia Brown,Consumer,Central,Office Supplies,Fasteners,Bostitch Staples Classic,19.16,4.0,0.0,12.94
3432,US-2021-100347,"April 20, 2021",04/24/2021,Ananya Clark,Corporate,West,Technology,Machines,Cubify 3D Printer Pro,1788.64,4.0,0.3,-188.34
3433,US-2024-101638,2024-10-29,"November 03, 2024",Arjun Chen,Corporate,Central,Furniture,Chairs,Harbour Creations Chair Pro,58.99,1.0,0.6,-43.37
3434,US-2022-100027,11/24/2022,27/11/2022,James King,Corporate,East,Furniture,Chairs,Harbour Creations Chair Deluxe,197.54,1.0,0.0,70.61
3435,US-2021-100331,2021-04-04,"April 07, 2021",Kavya Davis,Consumer,East,Furniture,Chairs,Hon Task Chair Pro,852.67,4.0,0.1,245.1
3436,US-2023-102730,04/12/2023,17/04/2023,Hannah Wright,Home Office,East,Furniture,Tables,Bevis Table Standard,2180.99,5.0,0.15,218.13
3437,US-2022-102243,05/18/2022,20/05/2022,Emma Smith,Corporate,West,Furniture,Furnishings,Eldon Desk Lamp Value,174.97,4.0,0.15,66.13
3438,US-2021-102329,02/10/2021,17/02/2021,Mateo Young,Corporate,South,Office Supplies,Art,Prismacolor Pencils Pro,10.43,1.0,0.0,5.93
3439,US-2024-100140,"October 19, 2024",10/23/2024,Mia Kumar,Consumer,West,Furniture,Tables,Bevis Table Classic,1211.78,2.0,0.0,295.77
3440,US-2023-101904,06-Sep-2023,2023-09-07,Priya King,Consumer,Central,Furniture,Chairs,Hon Task Chair Deluxe,276.12,,0.0,92.36
3441,US-2023-100799,26/05/2023,30-May-2023,Zoe Young,Corporate,East,Technology,Accessories,Belkin Cable Classic,305.57,6.0,0.15,129.06
3442,US-2023-102123,09/09/2023,12-Sep-2023,Noah Wilson,Corporate,Central,Office Supplies,Storage,IRIS Storage Box Pro,533.4,5.0,0.2,137.6
3443,US-2021-102261,"September 16, 2021",09/21/2021,Liam Chen,Corporate,West,Furniture,Chairs,Harbour Creations Chair Classic,152.9,1.0,0.1,32.74
3444,US-2022-100234,2022-12-24,"December 27, 2022",Daniel Clark,Home Office,South,Office Supplies,Envelopes,Poly String Envelope Standard,19.77,2.0,0.4,7.26
3445,US-2022-100857,01-Jun-2022,2022-06-05,Liam Wright,Corporate,West,Office Supplies,Envelopes,Kraft Clasp Envelope Pro,73.79,5.0,0.0,46.19
3446,US-2023-100151,08/24/2023,26/08/2023,James Wright,Consumer,Central,Office Supplies,Supplies,Elmer's Glue Pack Value,21.07,1.0,0.0,11.84
3447,US-2024-102110,2024-03-06,"March 10, 2024",Laura Wilson,Home Office,West,Office Supplies,Envelopes,Poly String Envelope Deluxe,12.6,1.0,0.0,7.76
3448,US-2021-103075,2021-08-09,"August 13, 2021",,Home Office,East,Office Supplies,Paper,Xerox Multipurpose Paper Classic,13.23,1.0,0.2,7.43
3449,US-2024-101004,28/04/2024,03-May-2024,Wei Chen,Consumer,West,Office Supplies,Art,Prismacolor Pencils Value,13.04,1.0,0.0,7.78
3450,US-2021-101024,2021-08-07,"August 10, 2021",Sofia Brown,Corporate,East,Office Supplies,Envelopes,Poly String Envelope Classic,9.0,3.0,0.0,5.57
3451,US-2024-100718,"November 12, 2024",11/15/2024,Ravi Martinez,Consumer,East,Office Supplies,Supplies,Elmer's Glue Pack Value,25.26,2.0,0.15,11.32
3452,US-2023-100496,18/05/2023,19-May-2023,Wei Clark,Consumer,Central,Office Supplies,Paper,Boise Copy Paper Deluxe,10.56,1.0,0.3,5.18
3453,US-2023-101111,07/03/2023,07/07/2023,Grace Brown,Consumer,East,Office Supplies,Supplies,Elmer's Glue Pack Pro,16.93,1.0,0.1,8.36
3454,US-2021-101497,07/31/2021,03/08/2021,Ananya Rodriguez,Corporate,South,Office Supplies,Appliances,Hoover Vacuum Deluxe,54.96,1.0,0.0,22.24
3455,US-2022-101813,03/22/2022,25/03/2022,Isabella Wright,Consumer,Central,Office Supplies,Envelopes,Kraft Clasp Envelope Pro,12.55,1.0,0.0,7.44
3456,US-2021-102552,06/03/2021,08/06/2021,Laura Garcia,Consumer,East,Office Supplies,Storage,Fellowes File Cart Classic,166.96,2.0,0.0,71.25
3457,US-2021-101201,2021-04-05,"April 10, 2021",Nina Wright,Corporate,East,Office Supplies,Paper,Boise Copy Paper Pro,17.15,2.0,0.1,11.61
3458,US-2024-102121,2024-12-10,"December 13, 2024",Kavya Nair,Corporate,East,Office Supplies,Art,Newell Scissors Standard,17.39,1.0,0.2,7.77
3459,US-2024-100197,2024-02-10,"February 14, 2024",Omar Johnson,Consumer,South,Furniture,Furnishings,Fellowes Wall Clock Deluxe,93.34,2.0,0.1,34.24
3460,US-2024-102777,2024-04-12,"April 16, 2024",Ananya Wright,Consumer,East,Technology,Machines,Cubify 3D Printer Standard,1436.97,3.0,,297.83
3461,US-2023-100951,06/29/2023,02/07/2023,Carlos Clark,Consumer,Central,Office Supplies,Fasteners,Bostitch Staples Deluxe,8.52,1.0,0.0,6.13
3462,US-2021-101679,10/08/2021,14/10/2021,Arjun Patel,Consumer,West,Furniture,Bookcases,Bush Classic Bookcase Deluxe,507.95,3.0,0.3,-7.35
3463,US-2021-102934,"December 29, 2021",01/01/2022,Amit Garcia,Consumer,Central,Office Supplies,Appliances,Hoover Vacuum Standard,401.69,4.0,0.0,164.77
3464,US-2021-103163,2021-10-09,"October 14, 2021",Nina Rodriguez,Corporate,South,Office Supplies,Fasteners,ACCO Fasteners Classic,8.35,1.0,0.0,6.09
3465,US-2024-100278,2024-10-16,"October 19, 2024",Nina Wilson,Corporate,West,Furniture,Furnishings,Eldon Desk Lamp Deluxe,67.53,1.0,0.0,30.53
3466,US-2023-102938,"December 24, 2023",12/30/2023,Mateo Wilson,Consumer,West,Furniture,Tables,Chromcraft Round Table Deluxe,352.52,1.0,0.0,95.14
3467,US-2022-101672,2022-10-06,"October 09, 2022",Ananya Martinez,Home Office,South,Office Supplies,Envelopes,Poly String Envelope Standard,16.91,1.0,0.1,9.96
3468,US-2022-100903,"August 07, 2022",08/09/2022,Noah Clark,Consumer,Central,Office Supplies,Envelopes,Kraft Clasp Envelope Value,24.03,3.0,0.0,15.08
3469,US-2024-102527,"March 15, 2024",03/17/2024,Sofia Rodriguez,Consumer,Central,Technology,Machines,Lexmark Printer Pro,558.83,1.0,0.1,69.61
3470,US-2023-103001,22-May-2023,2023-05-25,Nina Wilson,Home Office,South,Technology,Machines,Zebra Label Printer Pro,2182.19,3.0,0.0,397.72
3471,US-2021-103123,24-Nov-2021,2021-11-28,Kenji Davis,Corporate,East,Office Supplies,Binders,Wilson Jones Binder Standard,26.48,1.0,0.0,15.47
3472,US-2022-102332,10/28/2022,02/11/2022,,Consumer,East,Office Supplies,Labels,Sharpie Label Tape Deluxe,58.48,,0.0,37.46
3473,US-2022-100474,08/01/2022,11-Jan-2022,Daniel Thomas,Consumer,West,Office Supplies,Paper,Boise Copy Paper Value,36.26,2.0,0.0,23.78
3474,US-2022-101046,12/27/2022,29/12/2022,Daniel Wright,Consumer,Central,Office Supplies,Supplies,Elmer's Glue Pack Pro,180.99,6.0,0.0,96.84
3475,US-2021-103021,12/02/2021,03/12/2021,Ananya Chen,Home Office,Central,Furniture,Furnishings,Fellowes Wall Clock Value,112.69,2.0,0.0,50.81
3476,US-2021-102444,12/01/2021,04/12/2021,James Lee,Consumer,West,Office Supplies,Appliances,Hoover Vacuum Classic,126.93,1.0,,39.91
3477,US-2023-101469,"May 28, 2023",05/31/2023,Mateo Anderson,Home Office,West,Furniture,Chairs,Hon Task Chair Pro,637.31,3.0,0.0,187.0
3478,US-2022-102197,07/11/2022,13/07/2022,Noah Nair,Consumer,East,Office Supplies,Art,Prismacolor Pencils Pro,71.79,4.0,0.0,41.77
3479,US-2022-102985,2022-04-30,"May 03, 2022",James Garcia,Consumer,South,Office Supplies,Storage,Fellowes File Cart Deluxe,111.29,1.0,0.0,46.72
3480,US-2021-102902,"June 10, 2021",06/14/2021,Laura Kumar,Home Office,West,Office Supplies,Paper,Boise Copy Paper Value,27.44,3.0,0.1,16.15
3481,US-2022-103153,05/22/2022,25/05/2022,Amit Smith,Corporate,Central,Office Supplies,Storage,SAFCO Storage Bin Value,275.08,3.0,0.0,108.98
3482,US-2022-100211,"April 25, 2022",04/29/2022,Mia Davis,Consumer,Central,Technology,Accessories,Belkin Cable Value,292.19,5.0,0.1,127.23
3483,US-2024-100761,09/02/2024,08/09/2024,James Chen,Consumer,Central,Office Supplies,Art,Prismacolor Pencils Pro,16.73,1.0,0.0,9.71
3484,US-2021-102358,11/07/2021,15-Jul-2021,Arjun Wilson,Corporate,East,Office Supplies,Labels,Avery Label Set Deluxe,9.09,1.0,0.0,6.35
3485,US-2021-103036,09/07/2021,13/09/2021,Kavya Davis,Corporate,South,Office Supplies,Labels,Avery Label Set Deluxe,34.27,5.0,0.0,23.66
3486,US-2021-102378,17-Oct-2021,2021-10-24,Hannah Lee,Corporate,Central,Office Supplies,Envelopes,Kraft Clasp Envelope Pro,36.52,4.0,0.15,20.3
3487,US-2021-103159,"April 15, 2021",04/17/2021,Carlos Walker,Consumer,South,Office Supplies,Envelopes,Poly String Envelope Value,46.12,5.0,0.3,22.42
3488,US-2024-102795,11/13/2024,20/11/2024,Kavya Wilson,Consumer,East,Technology,Accessories,Logitech Mouse Pro,34.17,2.0,0.4,4.3
3489,US-2024-100203,06-Sep-2024,2024-09-10,Kenji Wright,Corporate,West,Furniture,Chairs,Global Deluxe Chair Standard,453.91,4.0,0.2,85.99
3490,US-2021-102269,03-Aug-2021,2021-08-06,Priya Walker,Corporate,East,Furniture,Chairs,Hon Task Chair Deluxe,314.03,1.0,0.0,106.83
3491,US-2021-102706,06/10/2021,10-Oct-2021,Arjun Nair,Consumer,East,Office Supplies,Binders,Wilson Jones Binder Deluxe,17.31,1.0,0.0,10.49
3492,US-2021-103112,18-Jul-2021,2021-07-20,Carlos Davis,Consumer,South,Office Supplies,Fasteners,ACCO Fasteners Standard,4.05,1.0,0.0,2.95
3493,US-2023-101533,15-Jan-2023,2023-01-18,Ravi Rodriguez,Consumer,South,Technology,Machines,Cubify 3D Printer Pro,3567.36,4.0,0.1,463.29
3494,US-2024-101818,05-Jul-2024,2024-07-10,Priya Chen,Corporate,Central,Office Supplies,Art,Prismacolor Pencils Value,94.85,6.0,0.0,53.34
3495,US-2021-103107,2021-09-01,"September 06, 2021",Ravi Smith,Consumer,East,Office Supplies,Paper,Xerox Multipurpose Paper Classic,45.58,6.0,0.0,28.83
3496,US-2021-100846,"October 22, 2021",10/27/2021,Carlos Nair,Consumer,South,Office Supplies,Fasteners,Bostitch Staples Value,4.57,1.0,0.2,2.64
3497,US-2023-100388,09/24/2023,25/09/2023,Grace Young,Consumer,West,Office Supplies,Fasteners,Bostitch Staples Deluxe,10.15,4.0,0.5,4.64
3498,US-2022-102580,11/08/2022,16-Aug-2022,Maria Nair,Consumer,South,Office Supplies,Fasteners,Bostitch Staples Deluxe,6.74,1.0,0.15,4.25
3499,US-2024-103103,"November 06, 2024",11/11/2024,Carlos Garcia,Consumer,West,Furniture,Bookcases,Sauder Bookcase Deluxe,524.81,2.0,0.2,53.22
3500,US-2022-101264,14-May-2022,2022-05-19,Daniel Chen,Corporate,East,Office Supplies,Fasteners,Bostitch Staples Deluxe,26.08,3.0,0.3,14.92
3501,US-2024-100371,17-Feb-2024,2024-02-22,Kavya King,Consumer,West,Furniture,Chairs,Global Deluxe Chair Pro,221.36,1.0,0.15,46.68
3502,US-2024-102213,19/05/2024,22-May-2024,Hannah Chen,Consumer,East,Furniture,Bookcases,Sauder Bookcase Pro,857.22,3.0,0.0,256.29
3503,US-2023-101494,"July 19, 2023",07/22/2023,Grace Martinez,Home Office,West,Office Supplies,Envelopes,Poly String Envelope Value,38.26,3.0,0.1,21.93
3504,US-2023-101597,2023-06-24,"June 28, 2023",Nina Martinez,Home Office,West,Office Supplies,Appliances,Avanti Refrigerator Classic,104.52,1.0,0.0,39.51
3505,US-2023-102453,2023-05-10,"May 11, 2023",Sofia King,Home Office,East,Technology,Accessories,Belkin Cable Classic,45.33,1.0,0.1,21.69
3506,US-2021-102625,25-May-2021,2021-05-28,Priya Chen,Corporate,East,Furniture,Furnishings,Fellowes Wall Clock Standard,16.7,2.0,0.8,-29.74
3507,US-2021-102489,09/08/2021,15-Aug-2021,Mateo Thomas,Consumer,Central,Office Supplies,Paper,Xerox Multipurpose Paper Deluxe,16.0,2.0,0.0,10.43
3508,US-2024-102373,"March 27, 2024",03/30/2024,Ravi Johnson,Consumer,Central,Office Supplies,Supplies,Stanley Hole Punch Classic,98.23,4.0,0.0,55.87
3509,US-2024-102372,28-Feb-2024,2024-03-02,Ananya Davis,Home Office,South,Furniture,Tables,Chromcraft Round Table Deluxe,2560.91,5.0,0.0,665.22
3510,US-2023-102597,2023-05-25,"May 27, 2023",Maria Nair,Home Office,South,Office Supplies,Supplies,Stanley Hole Punch Deluxe,36.78,2.0,0.2,16.35
3511,US-2021-101499,2021-02-14,"February 21, 2021",Isabella Chen,Corporate,Central,Office Supplies,Fasteners,ACCO Fasteners Deluxe,14.54,2.0,0.2,9.65
3512,US-2022-100867,2022-08-04,"August 07, 2022",Arjun Brown,Corporate,,Technology,Phones,Apple iPhone Accessory Value,1016.18,5.0,0.3,34.84
3513,US-2024-102394,15-Apr-2024,2024-04-17,Ananya Thomas,Home Office,South,Technology,Copiers,Canon imageCLASS Copier Value,6431.58,4.0,0.0,1188.99
3514,US-2024-102978,2024-01-04,"January 06, 2024",Omar Young,Consumer,West,Technology,Phones,Samsung Galaxy Dock Pro,137.81,2.0,0.7,-166.67
3515,US-2024-100066,2024-07-13,"July 14, 2024",Kavya Brown,Consumer,East,Office Supplies,Appliances,Honeywell Fan Deluxe,495.81,3.0,0.1,141.36
3516,US-2021-101083,02/24/2021,27/02/2021,Noah Nair,Consumer,South,Office Supplies,Art,Prismacolor Pencils Value,78.38,6.0,0.0,46.69
3517,US-2021-100885,17/03/2021,20-Mar-2021,Mateo Johnson,Consumer,Central,Technology,Accessories,Belkin Cable Standard,99.56,3.0,0.4,15.5
3518,US-2023-101435,10/25/2023,27/10/2023,Olivia Davis,Home Office,Central,Technology,Copiers,Canon imageCLASS Copier Pro,6137.22,5.0,0.0,1218.75
3519,US-2021-100739,03-Feb-2021,2021-02-07,Lucas Garcia,Corporate,West,Office Supplies,Envelopes,Poly String Envelope Pro,118.38,6.0,0.0,70.01
3520,US-2022-101595,04/20/2022,23/04/2022,Nina Davis,Corporate,South,Office Supplies,Appliances,Hoover Vacuum Classic,353.45,3.0,0.2,92.58
3521,US-2024-101693,15-May-2024,2024-05-19,Isabella Davis,Consumer,East,Office Supplies,Supplies,Stanley Hole Punch Classic,34.12,1.0,0.0,18.86
3522,US-2022-102193,03/29/2022,02/04/2022,Emma Rodriguez,Consumer,West,Office Supplies,Envelopes,Poly String Envelope Standard,39.59,2.0,0.0,26.13
3523,US-2023-103082,2023-08-04,"August 07, 2023",Wei Brown,Corporate,West,Technology,Phones,Cisco IP Phone Classic,183.57,1.0,0.15,31.82
3524,US-2024-100689,"September 17, 2024",09/24/2024,Arjun Chen,Home Office,South,Office Supplies,Paper,Xerox Multipurpose Paper Classic,13.56,3.0,0.6,2.29
3525,US-2021-102693,2021-06-28,"July 01, 2021",Liam Clark,Corporate,East,Furniture,Chairs,Global Deluxe Chair Standard,227.45,2.0,0.3,-3.38
3526,US-2021-103003,14-Oct-2021,2021-10-17,Hannah Thomas,Corporate,West,Office Supplies,Supplies,Elmer's Glue Pack Classic,78.19,4.0,0.0,46.17
3527,US-2023-100035,13-Sep-2023,2023-09-20,Noah Lee,Corporate,West,Furniture,Furnishings,Tenex Chairmat Classic,61.61,1.0,0.15,22.87
3528,US-2021-102528,11/10/2021,13-Oct-2021,Kavya Young,Consumer,East,Office Supplies,Supplies,Stanley Hole Punch Deluxe,42.06,3.0,0.4,13.17
3529,US-2023-103116,08/02/2023,14-Feb-2023,Kavya Wright,Consumer,Central,Office Supplies,Envelopes,Kraft Clasp Envelope Value,23.51,2.0,0.15,12.69
3530,US-2024-102893,04-Jan-2024,2024-01-07,Omar Martinez,Consumer,West,Furniture,Tables,Chromcraft Round Table Classic,1181.19,3.0,0.3,-92.69
3531,US-2022-103328,2022-09-05,"September 07, 2022",Zoe Walker,Corporate,East,Office Supplies,Labels,Avery Label Set Standard,30.37,3.0,0.0,19.95
3532,US-2021-101032,2021-06-14,"June 19, 2021",Zoe Nair,Home Office,East,Furniture,Furnishings,Eldon Desk Lamp Deluxe,120.77,3.0,0.0,56.36
3533,US-2022-103039,04-Dec-2022,2022-12-07,Kenji Walker,Home Office,West,Furniture,Furnishings,Eldon Desk Lamp Classic,134.19,3.0,0.0,59.17
3534,US-2024-101697,"January 03, 2024",01/09/2024,Noah Patel,Consumer,South,Furniture,Tables,Bretford Conference Table Value,1223.15,4.0,0.2,83.49
3535,US-2022-101316,09/05/2022,07/09/2022,Zoe Kumar,Consumer,West,Office Supplies,Storage,IRIS Storage Box Classic,146.16,2.0,0.0,61.66
3536,US-2022-100094,14/06/2022,19-Jun-2022,Mateo Wilson,Home Office,Central,Furniture,Tables,Bevis Table Standard,218.6,2.0,0.7,-333.77
3537,US-2023-101483,2023-05-12,"May 16, 2023",Noah Davis,Home Office,South,Office Supplies,Fasteners,Bostitch Staples Standard,45.3,6.0,0.2,26.45
3538,US-2021-101535,08/08/2021,12-Aug-2021,Carlos Patel,Corporate,West,Office Supplies,Paper,Xerox Multipurpose Paper Classic,30.55,2.0,0.0,20.01
3539,US-2022-102409,05/11/2022,14/05/2022,Olivia Young,Consumer,South,Technology,Machines,Lexmark Printer Pro,3246.63,5.0,0.0,726.23
3540,US-2024-102260,04/18/2024,21/04/2024,Laura Patel,Home Office,East,Office Supplies,Binders,Acco Binder Classic,29.15,2.0,0.0,17.08
3541,US-2021-101566,"April 13, 2021",04/17/2021,Arjun Garcia,Home Office,West,Office Supplies,Labels,Sharpie Label Tape Value,17.89,2.0,0.1,10.52
3542,US-2024-102620,06/18/2024,21/06/2024,Omar Davis,Consumer,East,Furniture,Furnishings,Tenex Chairmat Value,176.18,3.0,0.2,53.89
3543,US-2024-100420,10-Sep-2024,2024-09-17,Laura Anderson,Consumer,South,Office Supplies,Envelopes,Poly String Envelope Deluxe,24.54,2.0,0.1,13.83
3544,US-2022-101828,11/07/2022,11/11/2022,Grace Chen,Corporate,East,Office Supplies,Envelopes,Kraft Clasp Envelope Pro,12.44,1.0,0.15,7.16
3545,US-2021-102889,"February 08, 2021",02/10/2021,Olivia Davis,Consumer,East,Office Supplies,Fasteners,Bostitch Staples Value,12.65,2.0,0.1,8.33
3546,US-2024-100654,"May 12, 2024",05/16/2024,Lucas Walker,Consumer,East,Office Supplies,Paper,Boise Copy Paper Deluxe,34.6,2.0,0.0,22.84
3547,US-2023-102585,08/02/2023,05/08/2023,Zoe Young,Consumer,West,Office Supplies,Art,Newell Scissors Deluxe,22.49,2.0,0.2,11.07
3548,US-2021-100823,11/19/2021,22/11/2021,Arjun Patel,Home Office,West,Office Supplies,Storage,IRIS Storage Box Value,347.74,4.0,0.0,152.73
3549,US-2022-103305,25/02/2022,27-Feb-2022,Kavya Clark,Consumer,East,Office Supplies,Paper,HP Premium Paper Deluxe,42.49,4.0,0.0,26.92
3550,US-2022-100042,16-May-2022,2022-05-21,Chloe Anderson,Consumer,Central,Technology,Machines,Lexmark Printer Value,1937.77,5.0,0.1,255.98
3551,US-2024-101147,07-Feb-2024,2024-02-11,Isabella Chen,Corporate,East,Furniture,Furnishings,Eldon Desk Lamp Classic,159.87,3.0,0.0,71.69
3552,US-2021-102419,"April 23, 2021",04/30/2021,Isabella Wright,Consumer,East,Furniture,Bookcases,O'Sullivan Bookcase Classic,376.66,3.0,0.4,-61.4
3553,US-2024-101045,15/02/2024,19-Feb-2024,Maria Johnson,Consumer,West,Technology,Accessories,Logitech Mouse Classic,86.31,2.0,0.1,40.01
3554,US-2022-100439,"May 18, 2022",05/19/2022,Liam Smith,Corporate,West,Office Supplies,Art,Newell Scissors Deluxe,20.36,1.0,0.1,10.59
3555,US-2022-102198,22-Oct-2022,2022-10-27,James Nair,Corporate,East,Office Supplies,Supplies,Elmer's Glue Pack Classic,23.52,1.0,0.0,12.65
3556,US-2024-100601,2024-01-01,"January 04, 2024",James Wright,Consumer,East,Furniture,Bookcases,O'Sullivan Bookcase Standard,887.14,3.0,0.3,-16.27
3557,US-2024-101599,"October 22, 2024",10/26/2024,Olivia Davis,Home Office,Central,Furniture,Chairs,Harbour Creations Chair Deluxe,266.08,1.0,0.0,90.27
3558,US-2022-100709,2022-02-12,"February 19, 2022",Ethan Patel,Consumer,Central,Furniture,Tables,Bretford Conference Table Standard,819.46,2.0,0.0,179.34
3559,US-2021-102433,05/16/2021,19/05/2021,Ravi Walker,Corporate,South,Office Supplies,Storage,IRIS Storage Box Pro,241.93,5.0,0.4,2.79
3560,US-2021-101563,01/18/2021,21/01/2021,Priya Garcia,Consumer,West,Office Supplies,Fasteners,ACCO Fasteners Value,9.21,1.0,0.0,7.04
3561,US-2023-100674,2023-08-01,"August 04, 2023",Mateo Smith,Home Office,Central,Furniture,Tables,Chromcraft Round Table Value,426.15,1.0,0.3,-63.63
3562,US-2024-100744,11/13/2024,20/11/2024,Hannah King,Consumer,Central,Office Supplies,Storage,IRIS Storage Box Value,325.3,3.0,0.1,117.24
3563,US-2024-102179,"October 16, 2024",10/21/2024,Isabella Wilson,Home Office,East,Office Supplies,Envelopes,Kraft Clasp Envelope Deluxe,26.8,2.0,0.4,9.93
3564,US-2023-102789,18/11/2023,22-Nov-2023,Grace Johnson,Consumer,Central,Office Supplies,Appliances,Avanti Refrigerator Value,82.37,1.0,0.4,-3.51
3565,US-2022-103175,2022-03-22,"March 27, 2022",Noah Martinez,Corporate,East,Technology,Phones,Cisco IP Phone Value,644.4,2.0,0.0,199.08
3566,US-2024-102010,02/29/2024,06/03/2024,Mia Chen,Consumer,Central,Furniture,Bookcases,O'Sullivan Bookcase Classic,380.01,1.0,0.0,112.33
3567,US-2024-100597,"January 07, 2024",01/13/2024,Zoe Clark,Corporate,West,Office Supplies,Appliances,Avanti Refrigerator Deluxe,450.45,5.0,0.0,183.73
3568,US-2023-102524,06-May-2023,2023-05-09,Ananya Nair,Home Office,Central,Technology,Machines,Cubify 3D Printer Value,2365.64,5.0,0.3,-231.81
3569,US-2022-102177,"December 03, 2022",12/09/2022,Mia Walker,Consumer,East,Technology,Phones,Samsung Galaxy Dock Pro,347.74,1.0,0.0,94.42
3570,US-2022-101610,23/06/2022,26-Jun-2022,Grace Smith,Consumer,Central,Office Supplies,Storage,SAFCO Storage Bin Classic,288.48,3.0,0.0,117.31
3571,US-2021-102931,29-Mar-2021,2021-03-31,Isabella Lee,Home Office,East,Furniture,Bookcases,Bush Classic Bookcase Pro,282.06,5.0,0.8,-744.9
3572,US-2022-100936,10-Apr-2022,2022-04-14,Priya Martinez,Consumer,East,Office Supplies,Envelopes,Poly String Envelope Deluxe,9.76,1.0,0.2,4.99
3573,US-2024-103225,02/07/2024,12/02/2024,Grace Anderson,Consumer,East,Furniture,Tables,Bretford Conference Table Value,341.61,1.0,0.0,85.46
3574,US-2021-101086,02/10/2021,13/02/2021,Amit Rodriguez,Consumer,South,Office Supplies,Art,Newell Scissors Pro,18.8,2.0,0.3,6.43
3575,US-2024-100802,"March 23, 2024",03/27/2024,Daniel Martinez,Corporate,West,Furniture,Chairs,Harbour Creations Chair Value,1606.3,5.0,0.0,471.46
3576,US-2022-100133,2022-11-25,"November 28, 2022",Daniel Lee,Home Office,Central,Office Supplies,Appliances,Honeywell Fan Value,476.52,3.0,0.0,200.83
3577,US-2022-102611,25/07/2022,31-Jul-2022,Nina Anderson,Home Office,West,Office Supplies,Fasteners,ACCO Fasteners Pro,20.92,3.0,0.0,15.05
3578,US-2023-103137,"July 29, 2023",08/01/2023,Yusuf Kumar,Consumer,South,Technology,Copiers,Hewlett Packard Copier Standard,4079.44,3.0,0.0,832.31
3579,US-2023-100254,2023-09-17,"September 22, 2023",Emma Lee,Consumer,South,Office Supplies,Storage,Fellowes File Cart Classic,124.23,1.0,0.0,
3580,US-2022-102561,30/05/2022,06-Jun-2022,Priya Patel,Corporate,South,Office Supplies,Binders,GBC Binding System Classic,34.57,2.0,0.0,20.39
3581,US-2024-100659,2024-03-23,"March 28, 2024",James Wilson,Home Office,West,Office Supplies,Binders,GBC Binding System Value,28.13,3.0,0.4,8.13
3582,US-2023-101582,29-Aug-2023,2023-09-05,James Walker,Consumer,South,Office Supplies,Fasteners,Bostitch Staples Standard,29.84,3.0,0.1,19.69
3583,US-2022-102340,2022-11-09,"November 16, 2022",Ananya Chen,Home Office,Central,Office Supplies,Storage,SAFCO Storage Bin Pro,177.07,2.0,0.1,61.77
3584,US-2023-100385,27/07/2023,31-Jul-2023,Daniel Kumar,Consumer,East,Furniture,Tables,Bevis Table Value,3141.48,6.0,0.0,682.78
3585,US-2023-100917,03/19/2023,23/03/2023,Priya Patel,Corporate,West,Office Supplies,Fasteners,Bostitch Staples Deluxe,37.83,6.0,0.0,25.43
3586,US-2022-101943,01/06/2022,09/01/2022,James Thomas,Consumer,West,Furniture,Bookcases,O'Sullivan Bookcase Classic,929.29,3.0,0.3,-4.99
3587,US-2021-102539,04/20/2021,27/04/2021,Ananya Wright,Consumer,Central,Office Supplies,Appliances,Hoover Vacuum Standard,316.56,5.0,0.1,
3588,US-2023-103011,31-Dec-2023,2024-01-07,James Davis,Corporate,Central,Office Supplies,Paper,Xerox Multipurpose Paper Value,7.81,1.0,0.15,4.27
3589,US-2023-102585,2023-08-02,"August 05, 2023",Zoe Young,Consumer,West,Furniture,Chairs,Hon Task Chair Standard,382.05,3.0,0.0,126.51
3590,US-2021-102411,08-Apr-2021,2021-04-10,Lucas Martinez,Home Office,East,Office Supplies,Appliances,Honeywell Fan Pro,103.65,1.0,0.15,31.05
3591,US-2024-102109,"November 13, 2024",11/15/2024,Yusuf Brown,Consumer,South,Office Supplies,Storage,IRIS Storage Box Deluxe,16.38,2.0,0.8,-30.59
3592,US-2024-102473,27/03/2024,30-Mar-2024,Noah Nair,Corporate,West,Office Supplies,Storage,IRIS Storage Box Value,533.14,5.0,0.0,228.23
3593,US-2024-102749,10/18/2024,21/10/2024,Maria Martinez,Corporate,South,Office Supplies,Supplies,Elmer's Glue Pack Value,,1.0,0.1,15.41
3594,US-2021-100369,2021-04-01,"April 06, 2021",Kavya Lee,Consumer,Central,Office Supplies,Labels,Sharpie Label Tape Standard,26.31,3.0,0.15,15.64
3595,US-2022-100401,02-Jul-2022,2022-07-09,Amit Walker,Consumer,West, OFFICE SUPPLIES ,Appliances,Hoover Vacuum Classic,143.87,1.0,0.0,55.75
3596,US-2023-100749,02/07/2023,05-Jul-2023,Nina Wright,Home Office,East,Office Supplies,Envelopes,Kraft Clasp Envelope Deluxe,9.74,2.0,0.4,3.41
3597,US-2023-102206,"September 08, 2023",09/11/2023,Sofia Kumar,Home Office,East,Office Supplies,Paper,Boise Copy Paper Value,28.29,2.0,0.0,18.32
3598,US-2022-100279,26-Jul-2022,2022-07-31,Mia Anderson,Home Office,South,Furniture,Chairs,Harbour Creations Chair Classic,692.1,4.0,0.15,139.94
3599,US-2022-100940,06/12/2022,10-Dec-2022,Liam Martinez,Consumer,East,Office Supplies,Fasteners,ACCO Fasteners Value,41.02,5.0,0.0,29.16
3600,US-2021-102353,25/08/2021,28-Aug-2021,Omar Garcia,Home Office,West,Office Supplies,Appliances,Avanti Refrigerator Classic,252.89,2.0,0.15,67.4
3601,US-2022-103114,01/23/2022,29/01/2022,Grace Wilson,Consumer,East,Office Supplies,Storage,Fellowes File Cart Pro,78.81,1.0,0.3,15.03
3602,US-2023-103166,02/10/2023,09-Oct-2023,Nina Patel,Consumer,West,Technology,Machines,Lexmark Printer Pro,241.32,1.0,0.6,-230.77
3603,US-2024-100865,08-Oct-2024,2024-10-11,Kavya Brown,Consumer,East,Office Supplies,Labels,Avery Label Set Standard,20.0,4.0,0.4,8.69
3604,US-2023-101826,2023-11-14,"November 19, 2023",Grace Rodriguez,Home Office,Central,Office Supplies,Art,Newell Scissors Standard,21.51,2.0,0.2,8.97
3605,US-2024-102719,2024-11-03,"November 07, 2024",Sofia Chen,Home Office,East,Office Supplies,Labels,Sharpie Label Tape Pro,33.69,6.0,0.15,20.8
3606,US-2023-102606,2023-03-21,"March 22, 2023",Priya Garcia,Consumer,East,Office Supplies,Storage,IRIS Storage Box Standard,152.24,2.0,0.3,27.81
3607,US-2023-101591,02/11/2023,15/02/2023,Priya Wright,Consumer,East,Office Supplies,Binders,Wilson Jones Binder Value,18.58,2.0,0.5,2.8
3608,US-2024-101964,"October 27, 2024",10/29/2024,Kavya Thomas,Consumer,West,Office Supplies,Storage,IRIS Storage Box Standard,110.06,2.0,0.4,1.25
3609,US-2022-101948,"September 19, 2022",09/21/2022,Ananya Chen,Home Office,Central,Office Supplies,Art,Sharpie Marker Set Value,17.58,1.0,0.0,10.63
3610,US-2022-101881,08/25/2022,27/08/2022,James Wright,Consumer,East,Office Supplies,Paper,HP Premium Paper Classic,13.68,1.0,0.15,7.41
3611,US-2023-101543,"October 12, 2023",10/18/2023,Noah Kumar,Corporate,Central,Furniture,Chairs,Global Deluxe Chair Pro,145.07,1.0,0.3,8.93
3612,US-2023-102676,02/03/2023,07-Mar-2023,Ethan Clark,Consumer,East,Office Supplies,Supplies,Elmer's Glue Pack Classic,73.4,3.0,0.2,32.1
3613,US-2022-100032,26/11/2022,02-Dec-2022,Omar Patel,Consumer,Central,Office Supplies,Paper,Xerox Multipurpose Paper Deluxe,8.43,1.0,0.3,4.44
3614,US-2022-102894,"November 24, 2022",11/28/2022,Sofia Rodriguez,Consumer,East,Furniture,Tables,Bevis Table Deluxe,2179.13,6.0,0.0,543.33
3615,US-2023-102431,09/03/2023,12-Mar-2023,Wei Johnson,Home Office,West,Furniture,Chairs,Hon Task Chair Standard,253.48,3.0,0.5,-114.56
3616,US-2022-100513,"August 07, 2022",08/10/2022,James Lee,Consumer,West,Office Supplies,Storage,Fellowes File Cart Value,93.9,1.0,0.0,39.65
3617,US-2024-101939,2024-09-29,"October 03, 2024",Ravi Johnson,Home Office,South,Furniture,Bookcases,O'Sullivan Bookcase Standard,230.43,4.0,0.3,-13.86
3618,US-2023-100640,29-May-2023,2023-06-03,Emma Nair,Home Office,East,Furniture,Bookcases,Bush Classic Bookcase Deluxe,328.01,2.0,0.3,-14.52
3619,US-2022-100426,21/02/2022,27-Feb-2022,Omar Garcia,Consumer,Central,Furniture,Bookcases,Bush Classic Bookcase Classic,632.87,2.0,0.0,166.85
3620,US-2022-102409,2022-05-11,"May 14, 2022",Olivia Young,Consumer,South,Office Supplies,Storage,IRIS Storage Box Classic,95.61,1.0,0.0,39.26
3621,US-2024-101579,10/13/2024,20/10/2024,Lucas Johnson,Corporate,East,Office Supplies,Supplies,Elmer's Glue Pack Deluxe,92.56,5.0,0.0,52.35
3622,US-2023-103279,21/08/2023,27-Aug-2023,Yusuf Lee,Consumer,East,Office Supplies,Supplies,Elmer's Glue Pack Classic,78.74,6.0,0.6,-13.76
3623,US-2021-100987,2021-07-28,"July 31, 2021",Carlos Kumar,Consumer,South,Office Supplies,Appliances,Honeywell Fan Deluxe,626.22,5.0,0.0,263.58
3624,US-2021-100984,05/23/2021,24/05/2021,Laura Nair,Consumer,West,Office Supplies,Labels,Avery Label Set Standard,4.3,1.0,0.5,1.43
3625,US-2024-101452,2024-05-27,"May 28, 2024",Wei Garcia,Corporate,Central,Office Supplies,Fasteners,ACCO Fasteners Standard,10.89,,0.1,6.92
3626,US-2022-102570,2022-02-23,"February 26, 2022",Ananya Young,Consumer,East,Furniture,Chairs,Global Deluxe Chair Pro,84.34,2.0,0.7,-111.39
3627,US-2023-102852,2023-12-23,"December 29, 2023",Mia Wright,Consumer,West,Technology,Machines,Zebra Label Printer Deluxe,495.5,1.0,0.2,9.61
3628,US-2023-100045,02/11/2023,06-Nov-2023,Priya Wilson,Corporate,East,Office Supplies,Storage,Fellowes File Cart Classic,243.98,3.0,0.15,83.06
3629,US-2023-102676,2023-03-02,"March 07, 2023",Ethan Clark,Consumer,East,Office Supplies,Appliances,Hoover Vacuum Value,158.19,1.0,0.0,63.01
3630,US-2022-101860,14-Sep-2022,2022-09-18,Chloe Garcia,Corporate,East,Furniture,Tables,Chromcraft Round Table Pro,226.65,1.0,0.3,-16.92
3631,US-2021-103021,02/12/2021,03-Dec-2021,Ananya Chen,Home Office,Central,Furniture,Tables,Bevis Table Value,703.24,4.0,0.6,-611.35
3632,US-2023-103294,14-Jul-2023,2023-07-15,Zoe Martinez,Home Office,South,Office Supplies,Fasteners,ACCO Fasteners Classic,5.35,1.0,0.3,2.91
3633,US-2023-103198,04/01/2023,10-Jan-2023,Daniel Garcia,Corporate,East,Office Supplies,Envelopes,Kraft Clasp Envelope Value,70.23,6.0,0.0,43.08
3634,US-2024-101915,18/01/2024,23-Jan-2024,Liam Patel,Consumer,East,Office Supplies,Paper,HP Premium Paper Standard,27.25,3.0,0.3,14.19
3635,US-2023-101764,13/02/2023,16-Feb-2023,Yusuf King,Consumer,Central,Furniture,Furnishings,Tenex Chairmat Pro,49.78,1.0,0.2,16.86
3636,US-2023-102787,2023-07-19,"July 23, 2023",Noah Garcia,Consumer,West,Furniture,Chairs,Global Deluxe Chair Deluxe,147.57,1.0,0.15,26.5
3637,US-2021-102379,"November 21, 2021",11/22/2021,James Davis,Home Office,East,Office Supplies,Art,Prismacolor Pencils Deluxe,28.88,2.0,0.1,16.01
3638,US-2022-101565,03/22/2022,26/03/2022,Olivia King,Consumer,West,Office Supplies,Envelopes,Poly String Envelope Classic,9.95,2.0,0.6,0.98
3639,US-2022-100828,2022-11-12,"November 15, 2022",Zoe Brown,Corporate,West,Furniture,Bookcases,Bush Classic Bookcase Value,257.01,2.0,0.5,-114.48
3640,US-2024-102689,27-May-2024,2024-06-01,Ethan Smith,Corporate,South,Office Supplies,Supplies,Stanley Hole Punch Value,19.46,1.0,0.1,9.4
3641,US-2022-100836,02/12/2022,06-Dec-2022,Mia Davis,Consumer,East,Office Supplies,Binders,Wilson Jones Binder Standard,45.59,2.0,0.1,25.52
3642,US-2022-100712,2022-10-27,"October 30, 2022",James Kumar,Consumer,East,Furniture,Chairs,Hon Task Chair Standard,955.43,6.0,0.0,328.32
3643,US-2023-100839,"July 17, 2023",07/20/2023,Mia Anderson,Corporate,East,Technology,Copiers,Canon imageCLASS Copier Deluxe,2501.46,2.0,0.2,4.11
3644,US-2021-101099,2021-09-05,"September 08, 2021",Mia Davis,Home Office,Central,Office Supplies,Labels,Avery Label Set Value,16.16,2.0,0.2,9.86
3645,US-2023-101068,"September 30, 2023",10/03/2023,Ethan Lee,Consumer,East,Furniture,Furnishings,Tenex Chairmat Value,71.22,2.0,0.4,9.17
3646,US-2021-100874,2021-08-11,"August 18, 2021",Liam Young,Consumer,East,Office Supplies,Art,Newell Scissors Value,9.2,1.0,0.15,4.85
3647,US-2024-102454,11/07/2024,10/11/2024,Daniel Rodriguez,Corporate,South,Office Supplies,Paper,HP Premium Paper Deluxe,25.01,2.0,0.0,16.06
3648,US-2023-100021,2023-09-28,"October 03, 2023",James Patel,Consumer,East,Office Supplies,Storage,Fellowes File Cart Value,301.55,3.0,0.0,127.71
3649,US-2023-102745,17/02/2023,22-Feb-2023,Mateo Wilson,Home Office,East,Office Supplies,Binders,GBC Binding System Deluxe,46.95,6.0,0.4,18.47
3650,US-2024-101402,2024-09-01,"September 05, 2024",Arjun Wright,Consumer,Central,Office Supplies,Supplies,Stanley Hole Punch Classic,47.25,2.0,0.0,26.69
3651,US-2021-102706,2021-10-06,"October 10, 2021",Arjun Nair,Consumer,East,Office Supplies,Supplies,Elmer's Glue Pack Pro,20.94,1.0,0.3,8.48
3652,US-2022-101987,21-Jan-2022,2022-01-25,Chloe Young,Corporate,West,Furniture,Chairs,Harbour Creations Chair Pro,256.09,1.0,0.0,75.64
3653,US-2022-101411,19/02/2022,23-Feb-2022,Liam Nair,Home Office,West,Technology,Copiers,Canon imageCLASS Copier Pro,2884.91,2.0,0.1,306.09
3654,US-2023-101805,10/19/2023,22/10/2023,Noah Young,Corporate,Central,Office Supplies,Binders,Wilson Jones Binder Classic,119.87,6.0,0.0,72.39
3655,US-2021-101323,04/26/2021,02/05/2021,Ananya Martinez,Consumer,South,Technology,Copiers,Canon imageCLASS Copier Standard,3402.23,2.0,0.15,208.26
3656,US-2023-102442,07/19/2023,23/07/2023,Emma Chen,Corporate,East,Technology,Machines,Lexmark Printer Pro,1095.11,2.0,0.4,-324.99
3657,US-2024-102899,2024-10-04,"October 08, 2024",Laura Clark,Corporate,Central,Furniture,Furnishings,Tenex Chairmat Deluxe,27.41,1.0,0.5,-2.66
3658,US-2023-102205,19-May-2023,2023-05-24,Wei Clark,Consumer,East,Technology,Accessories,SanDisk USB Drive Pro,124.02,2.0,0.0,62.36
3659,US-2023-101908,01/12/2023,04-Dec-2023,Lucas King,Corporate,East,Office Supplies,Storage,IRIS Storage Box Classic,37.8,1.0,0.2,9.6
3660,US-2022-102053,21-Jan-2022,2022-01-27,Sofia Thomas,Home Office,West,Furniture,Chairs,Hon Task Chair Classic,855.46,4.0,0.0,260.33
3661,US-2023-100767,12/03/2023,06/12/2023,Yusuf Wright,Home Office,Central,Office Supplies,Binders,GBC Binding System Pro,11.26,1.0,0.3,4.66
3662,US-2022-103283,2022-08-11,"August 17, 2022",Mia Davis,Corporate,East,Technology,Machines,Cubify 3D Printer Pro,891.45,1.0,0.0,186.08
3663,US-2021-100205,22/09/2021,26-Sep-2021,Daniel Chen,Consumer,East,Technology,Accessories,Belkin Cable Classic,76.87,2.0,0.2,25.7
3664,US-2022-102049,03/07/2022,10/03/2022,Maria Chen,Consumer,West,Technology,Machines,Lexmark Printer Deluxe,856.82,1.0,0.1,137.38
3665,US-2024-101282,18-May-2024,2024-05-21,Kavya Kumar,Consumer,East,Office Supplies,Storage,Fellowes File Cart Standard,776.88,5.0,0.0,302.83
3666,US-2023-101615,06/03/2023,09/06/2023,Priya Anderson,Home Office,South,Furniture,Chairs,Hon Task Chair Standard,535.14,3.0,0.2,103.94
3667,US-2021-102279,30/01/2021,06-Feb-2021,Yusuf Clark,Corporate,East,Technology,Phones,Samsung Galaxy Dock Deluxe,753.27,3.0,0.0,217.25
3668,US-2024-102390,"January 20, 2024",01/23/2024,Maria Wright,Home Office,West,Technology,Machines,Cubify 3D Printer Value,296.0,1.0,0.6,-274.88
3669,US-2022-101001,10/19/2022,22/10/2022,Maria Smith,Consumer,West,Office Supplies,Storage,Fellowes File Cart Pro,93.09,1.0,0.1,33.91
3670,US-2024-102743,2024-12-02,"December 06, 2024",Chloe Davis,Corporate,Central,Furniture,Furnishings,Tenex Chairmat Classic,25.61,1.0,0.4,1.75
3671,US-2022-100857,"June 01, 2022",06/05/2022,Liam Wright,Corporate,West,Office Supplies,Storage,IRIS Storage Box Standard,53.29,1.0,0.3,4.83
3672,US-2022-102466,2022-09-03,"September 08, 2022",Laura Wright,Consumer,East,Office Supplies,Supplies,Elmer's Glue Pack Standard,47.35,4.0,0.5,2.57
3673,US-2022-101931,2022-06-08,"June 13, 2022",Ananya Rodriguez,Corporate,Central,Furniture,Furnishings,Fellowes Wall Clock Deluxe,35.3,1.0,0.1,12.77
3674,US-2021-100993,11/09/2021,12/11/2021,Olivia Wright,Corporate,Central,Office Supplies,Fasteners,Bostitch Staples Deluxe,18.56,3.0,0.2,10.7
3675,US-2022-102854,"November 05, 2022",11/09/2022,Olivia Brown,Home Office,West,Office Supplies,Storage,IRIS Storage Box Value,176.24,2.0,0.0,73.37
3676,US-2021-100704,29/07/2021,02-Aug-2021,Olivia Wilson,Consumer,East,Technology,Machines,Zebra Label Printer Classic,1332.02,3.0,0.3,-194.48
3677,US-2024-101681,"October 08, 2024",10/09/2024,Nina Chen,Corporate,Central,Furniture,Tables,Bretford Conference Table Classic,338.96,1.0,0.0,93.51
3678,US-2021-101007,24-Jul-2021,2021-07-27,Hannah Brown,Corporate,Central,Technology,Accessories,SanDisk USB Drive Value,62.38,1.0,0.0,30.83
3679,US-2024-102872,23-Dec-2024,2024-12-26,Arjun Chen,Corporate,East,Office Supplies,Envelopes,Poly String Envelope Classic,42.21,3.0,0.2,21.96
3680,US-2021-102702,2021-01-06,"January 09, 2021",Amit King,Consumer,South,Office Supplies,Binders,Acco Binder Pro,32.13,2.0,0.1,17.06
3681,US-2021-102191,2021-11-07,"November 08, 2021",James Young,Corporate,West,Office Supplies,Labels,Avery Label Set Deluxe,13.56,2.0,0.3,7.21
3682,US-2022-100214,17-Dec-2022,2022-12-21,Kenji Smith,Corporate,East,Office Supplies,Art,Newell Scissors Classic,37.2,2.0,0.0,20.46
3683,US-2022-101834,2022-09-13,"September 16, 2022",Liam King,Consumer,East,Office Supplies,Storage,SAFCO Storage Bin Pro,247.3,3.0,0.1,84.4
3684,US-2024-102620,18-Jun-2024,2024-06-21,Omar Davis,Consumer,East,Furniture,Furnishings,Fellowes Wall Clock Pro,67.01,2.0,0.3,14.85
3685,US-2022-101144,01/07/2022,11/01/2022,James Johnson,Home Office,East,Office Supplies,Envelopes,Kraft Clasp Envelope Standard,17.61,2.0,0.3,7.57
3686,US-2024-100812,28-Mar-2024,2024-03-31,Yusuf Thomas,Consumer,West,Office Supplies,Labels,Avery Label Set Deluxe,34.94,4.0,0.2,20.53
3687,US-2021-101086,2021-02-10,"February 13, 2021",Amit Rodriguez,Consumer,South,Office Supplies,Paper,Xerox Multipurpose Paper Pro,11.3,1.0,0.1,6.82
3688,US-2023-100467,10/02/2023,04/10/2023,Maria Chen,Consumer,West,Office Supplies,Storage,Fellowes File Cart Value,342.77,4.0,0.0,136.98
3689,US-2023-100271,25/01/2023,27-Jan-2023,Mateo Patel,Corporate,East,Furniture,Bookcases,O'Sullivan Bookcase Classic,1131.47,4.0,0.15,143.28
3690,US-2021-100082,2021-04-17,"April 19, 2021",Chloe Davis,Home Office,South,Technology,Phones,Cisco IP Phone Standard,1537.32,,0.0,523.01
3691,US-2024-100469,"June 11, 2024",06/14/2024,Noah Garcia,Corporate,South,Office Supplies,Labels,Avery Label Set Pro,9.11,1.0,0.2,5.26
3692,US-2021-100186,"March 28, 2021",04/02/2021,Isabella Smith,Corporate,Central,Office Supplies,Art,Prismacolor Pencils Classic,30.47,2.0,0.0,17.34
3693,US-2022-100032,2022-11-26,"December 02, 2022",Omar Patel,Consumer,Central,Office Supplies,Supplies,Elmer's Glue Pack Deluxe,54.05,5.0,0.6,-7.11
3694,US-2021-100423,23/03/2021,25-Mar-2021,Kenji Johnson,Corporate,Central,Furniture,Furnishings,Fellowes Wall Clock Pro,70.81,1.0,0.0,32.28
3695,US-2023-103030,"October 27, 2023",11/03/2023,Mateo Clark,Home Office,West,Office Supplies,Paper,Boise Copy Paper Classic,23.89,3.0,0.0,15.81
3696,US-2022-101705,2022-10-02,"October 07, 2022",Omar Thomas,Consumer,Central,Office Supplies,Art,Prismacolor Pencils Standard,37.16,3.0,0.0,20.27
3697,US-2021-101463,03/20/2021,25/03/2021,Mia Garcia,Home Office,West,Technology,Copiers,Canon imageCLASS Copier Deluxe,,1.0,0.0,62.72
3698,US-2024-103238,10/05/2024,14-May-2024,Ravi Thomas,Home Office,Central,Furniture,Chairs,Hon Task Chair Standard,127.41,1.0,,28.85
3699,US-2023-102404,26-Mar-2023,2023-03-29,Laura Wright,Corporate,East,Office Supplies,Appliances,Hoover Vacuum Classic,553.75,6.0,0.0,222.61
3700,US-2024-102987,"March 03, 2024",03/07/2024,Noah Rodriguez,Corporate,Central,Office Supplies,Fasteners,ACCO Fasteners Standard,13.6,4.0,0.5,5.55
3701,US-2024-103093,28/09/2024,03-Oct-2024,Ananya Thomas,Consumer,South,Office Supplies,Supplies,Stanley Hole Punch Deluxe,25.33,2.0,0.0,14.07
3702,US-2022-102307,20/01/2022,25-Jan-2022,Priya Young,Consumer,South,Furniture,Chairs,Harbour Creations Chair Classic,212.28,1.0,0.1,48.82
3703,US-2023-101597,06/24/2023,28/06/2023,Nina Martinez,Home Office,West,Office Supplies,Art,Newell Scissors Value,17.57,1.0,0.0,10.13
3704,US-2022-100234,12/24/2022,27/12/2022,Daniel Clark,Home Office,South,Furniture,Furnishings,Tenex Chairmat Value,114.82,2.0,0.0,58.53
3705,US-2023-100014,2023-03-22,"March 26, 2023",Laura Rodriguez,Consumer,South,Office Supplies,Binders,GBC Binding System Deluxe,14.76,1.0,0.2,7.19
3706,US-2024-100601,01/01/2024,04-Jan-2024,James Wright,Consumer,East,Office Supplies,Appliances,Avanti Refrigerator Value,161.37,3.0,0.6,
3707,US-2022-102299,04/20/2022,26/04/2022,Maria Wilson,Home Office,West,Office Supplies,Envelopes,Poly String Envelope Value,6.13,1.0,0.5,1.61
3708,US-2021-100530,2021-01-10,"January 15, 2021",Ethan Wilson,Corporate,West,Office Supplies,Binders,Wilson Jones Binder Classic,38.02,2.0,0.3,16.8
3709,US-2024-101443,07/31/2024,03/08/2024,Kenji Johnson,Home Office,East,Technology,Machines,Lexmark Printer Standard,1276.82,2.0,0.0,289.31
3710,US-2022-101525,2022-01-27,"February 01, 2022",Carlos Martinez,Consumer,East,Furniture,Bookcases,O'Sullivan Bookcase Standard,487.14,2.0,0.3,-21.05
3711,US-2024-100807,14/11/2024,18-Nov-2024,Olivia Wilson,Consumer,South,Office Supplies,Appliances,Honeywell Fan Pro,1003.51,6.0,0.0,378.88
3712,US-2023-101425,2023-08-01,"August 05, 2023",Liam Young,Consumer,South,Office Supplies,Paper,Xerox Multipurpose Paper Deluxe,48.53,4.0,0.2,26.89
3713,US-2021-102724,"April 08, 2021",04/11/2021,Mateo Thomas,Consumer,West,Technology,Phones,Samsung Galaxy Dock Classic,878.44,3.0,0.1,197.72
3714,US-2021-100028,15-Jan-2021,2021-01-19,Wei Johnson,Consumer,West,Office Supplies,Paper,Xerox Multipurpose Paper Standard,32.04,3.0,0.0,20.91
3715,US-2021-101700,2021-11-27,"November 30, 2021",Kenji Martinez,Corporate,Central,Technology,Machines,Cubify 3D Printer Standard,3785.38,4.0,0.0,828.53
3716,US-2023-102491,12/11/2023,15/12/2023,Ananya Davis,Consumer,South,Office Supplies,Art,Sharpie Marker Set Pro,25.08,2.0,0.2,12.04
3717,US-2023-102021,11/26/2023,02/12/2023,Isabella Kumar,Home Office,West,Furniture,Furnishings,Eldon Desk Lamp Deluxe,54.57,1.0,0.2,14.34
3718,US-2021-101815,07-Jan-2021,2021-01-10,Mia Thomas,Consumer,West,Technology,Copiers,Hewlett Packard Copier Classic,1361.16,1.0,0.0,242.23
3719,US-2021-102016,30/09/2021,03-Oct-2021,Carlos Walker,Consumer,West,Office Supplies,Paper,Xerox Multipurpose Paper Deluxe,15.14,1.0,0.15,8.69
3720,US-2024-100176,"September 09, 2024",09/12/2024,Zoe Wilson,Consumer,Central,Office Supplies,Storage,Fellowes File Cart Pro,91.42,1.0,0.0,37.09
3721,US-2023-103065,"November 16, 2023",11/18/2023,Zoe Clark,Home Office,West,Office Supplies,Storage,SAFCO Storage Bin Standard,165.46,2.0,0.3,25.86
3722,US-2021-100008,06/11/2021,15/06/2021,Mia Anderson,Home Office,West,Office Supplies,Appliances,Hoover Vacuum Deluxe,252.1,2.0,0.0,100.53
3723,US-2022-100395,03/07/2022,08-Jul-2022,Nina Young,Corporate,Central,Office Supplies,Fasteners,ACCO Fasteners Classic,6.89,1.0,0.0,4.98
3724,US-2023-100703,05-Oct-2023,2023-10-08,Noah Thomas,Consumer,East,Office Supplies,Storage,Fellowes File Cart Standard,346.47,3.0,0.0,131.22
3725,US-2023-101977,01-Jul-2023,2023-07-05,James Wright,Corporate,West,Office Supplies,Storage,IRIS Storage Box Standard,66.7,2.0,0.5,-12.98
3726,US-2023-101604,05/26/2023,31/05/2023,Grace Lee,Consumer,Central,Technology,Phones,Cisco IP Phone Standard,347.13,2.0,0.2,43.33
3727,US-2022-101163,28-Jan-2022,2022-01-31,Wei Wright,Consumer,South,Office Supplies,Envelopes,Poly String Envelope Deluxe,65.74,5.0,0.3,31.43
3728,US-2024-101500,11/08/2024,11/11/2024,Isabella Lee,Consumer,East,Furniture,Tables,Bevis Table Classic,379.02,1.0,0.0,77.37
3729,US-2022-100872,"June 13, 2022",06/17/2022,Zoe Wilson,Home Office,Central,Furniture,Chairs,Global Deluxe Chair Standard,113.04,1.0,0.4,-17.13
3730,US-2023-101718,"October 12, 2023",10/16/2023,Sofia Walker,Consumer,West,Office Supplies,Fasteners,ACCO Fasteners Value,26.04,5.0,0.4,12.69
3731,US-2022-101418,2022-07-10,"July 17, 2022",Kenji Nair,Home Office,West,Office Supplies,Storage,Fellowes File Cart Deluxe,182.52,6.0,0.3,26.52
3732,US-2021-101278,29-Nov-2021,2021-12-03,Noah Clark,Consumer,East,Technology,Accessories,Belkin Cable Pro,90.6,5.0,0.6,-25.49
3733,US-2024-100612,06/16/2024,20/06/2024,Yusuf Anderson,Home Office,East,Technology,Machines,Cubify 3D Printer Classic,1084.44,3.0,0.2,9.09
3734,US-2022-101793,15/05/2022,22-May-2022,Kenji Walker,Consumer,East,Furniture,Furnishings,Eldon Desk Lamp Standard,53.9,1.0,0.0,24.04
3735,US-2021-100573,10/10/2021,13/10/2021,Isabella Wright,Consumer,South,Office Supplies,Supplies,Elmer's Glue Pack Value,48.46,3.0,0.4,10.12
3736,US-2023-101731,22/05/2023,26-May-2023,Yusuf Nair,Consumer,West,Office Supplies,Art,Sharpie Marker Set Classic,11.47,1.0,0.3,4.75
3737,US-2021-101815,01/07/2021,10/01/2021,Mia Thomas,Consumer,West,Office Supplies,Fasteners,ACCO Fasteners Standard,15.71,4.0,0.15,10.8
3738,US-2023-102227,"May 02, 2023",05/08/2023,Maria Davis,Consumer,Central,Furniture,Chairs,Harbour Creations Chair Standard,253.48,2.0,0.2,33.27
3739,US-2022-101812,2022-03-24,"March 27, 2022",Noah Patel,Home Office,West,Technology,Copiers,Hewlett Packard Copier Pro,4590.38,3.0,0.2,-93.56
3740,US-2024-102394,15/04/2024,17-Apr-2024,Ananya Thomas,Home Office,South,Furniture,Bookcases,Sauder Bookcase Classic,558.74,2.0,0.2,74.66
3741,US-2022-102003,"January 23, 2022",01/26/2022,Nina Brown,Corporate,West,Office Supplies,Storage,Fellowes File Cart Pro,290.31,3.0,0.0,119.75
3742,US-2021-101200,31/08/2021,04-Sep-2021,Liam Garcia,Consumer,Central,Office Supplies,Labels,Sharpie Label Tape Deluxe,46.75,3.0,0.0,30.19
3743,US-2022-101287,17/01/2022,22-Jan-2022,Hannah Garcia,Consumer,East,Office Supplies,Paper,Xerox Multipurpose Paper Deluxe,20.65,2.0,0.0,13.25
3744,US-2021-101174,"December 03, 2021",12/06/2021,Mateo Anderson,Consumer,East,Furniture,Bookcases,O'Sullivan Bookcase Standard,929.53,3.0,0.2,111.8
3745,US-2022-101398,"May 03, 2022",05/07/2022,Olivia Johnson,Corporate,West,Office Supplies,Storage,IRIS Storage Box Pro,264.34,3.0,0.0,106.37
3746,US-2021-102496,30/11/2021,04-Dec-2021,Laura Garcia,Consumer,Central,Office Supplies,Labels,Sharpie Label Tape Classic,45.29,5.0,0.15,26.24
3747,US-2022-100436,2022-05-24,"May 31, 2022",Isabella Thomas,Consumer,Central,Office Supplies,Labels,Avery Label Set Value,5.06,2.0,0.7,-0.72
3748,US-2024-100177,10/12/2024,14-Dec-2024,Nina Anderson,Consumer,East,Technology,Accessories,SanDisk USB Drive Standard,68.91,2.0,0.1,31.27
3749,US-2022-100855,2022-09-15,"September 19, 2022",Carlos King,Consumer,Central,Office Supplies,Envelopes,Poly String Envelope Pro,10.38,2.0,0.5,2.87
3750,US-2023-100886,04/11/2023,15/04/2023,Ananya Brown,Consumer,West,Office Supplies,Binders,Wilson Jones Binder Value,81.11,5.0,0.0,49.17
3751,US-2023-101588,03-Jan-2023,2023-01-06,Lucas Walker,Consumer,Central,Furniture,Chairs,Global Deluxe Chair Value,249.27,1.0,0.0,73.64
3752,US-2021-101725,2021-07-13,"July 16, 2021",Maria Wright,Consumer,Central,Office Supplies,Labels,Avery Label Set Pro,47.1,4.0,0.0,31.83
3753,US-2024-100545,01/28/2024,03/02/2024,Priya Brown,Consumer,South,Office Supplies,Binders,Acco Binder Value,47.46,4.0,0.4,15.15
3754,US-2021-102957,20-Jun-2021,2021-06-27,Lucas Thomas,Home Office,South,Office Supplies,Appliances,Avanti Refrigerator Value,135.8,2.0,0.0,51.34
3755,US-2022-100421,2022-05-09,"May 12, 2022",Priya Wright,Consumer,West,Furniture,Tables,Chromcraft Round Table Deluxe,719.99,3.0,0.4,
3756,US-2021-103112,18/07/2021,20-Jul-2021,Carlos Davis,Consumer,South,Technology,Accessories,Belkin Cable Pro,56.47,1.0,0.0,28.59
3757,US-2022-102985,30/04/2022,03-May-2022,James Garcia,Consumer,South,Furniture,Furnishings,Tenex Chairmat Standard,133.6,3.0,0.3,29.5
3758,US-2023-102649,12-Jan-2023,2023-01-16,Omar Wilson,Consumer,East,Office Supplies,Storage,Fellowes File Cart Classic,231.54,2.0,0.0,91.24
3759,US-2024-101665,28-Nov-2024,2024-12-03,Mia Davis,Corporate,Central,Technology,Accessories,Belkin Cable Value,36.53,1.0,0.1,16.81
3760,US-2023-100968,28/11/2023,04-Dec-2023,Olivia Martinez,Corporate,West,Technology,Machines,Cubify 3D Printer Deluxe,674.9,1.0,0.1,107.94
3761,US-2023-102690,07/06/2023,10-Jun-2023,Mia Young,Consumer,East,Technology,Copiers,Canon imageCLASS Copier Pro,1555.11,1.0,0.1,179.2
3762,US-2021-100487,02/22/2021,26/02/2021,Noah Kumar,Consumer,Central,Office Supplies,Envelopes,Poly String Envelope Classic,43.89,3.0,0.1,25.35
3763,US-2023-100817,18-Sep-2023,2023-09-22,Carlos Walker,Consumer,Central,Office Supplies,Envelopes,Kraft Clasp Envelope Deluxe,20.18,1.0,0.0,12.7
3764,US-2022-102239,07-Jun-2022,2022-06-12,Kenji Brown,Corporate,West,Office Supplies,Storage,Fellowes File Cart Deluxe,89.69,2.0,0.4,-2.19
3765,US-2023-100810,14/09/2023,18-Sep-2023,Liam Rodriguez,Corporate,Central,Furniture,Tables,Chromcraft Round Table Classic,1337.06,3.0,0.0,314.91
3766,US-2022-103035,04-Feb-2022,2022-02-07,Liam Lee,Corporate,Central,Office Supplies,Storage,IRIS Storage Box Standard,280.38,5.0,0.0,114.79
3767,US-2023-100508,2023-11-22,"November 28, 2023",Omar Kumar,Consumer,East,Technology,Copiers,Canon imageCLASS Copier Value,2316.31,2.0,0.0,471.99
3768,US-2024-102009,2024-02-27,"March 01, 2024",Maria Lee,Consumer,West,Technology,Phones,Apple iPhone Accessory Standard,259.59,2.0,0.6,-185.37
3769,US-2021-100598,2021-02-18,"February 19, 2021",Ethan Thomas,Home Office,East,Office Supplies,Storage,Fellowes File Cart Pro,77.05,1.0,0.0,32.92
3770,US-2024-103197,2024-01-29,"February 03, 2024",Kenji Lee,Corporate,East,Office Supplies,Fasteners,Bostitch Staples Deluxe,13.5,3.0,0.5,5.94
3771,US-2023-102431,"March 09, 2023",03/12/2023,Wei Johnson,Home Office,West,Office Supplies,Appliances,Honeywell Fan Value,438.15,3.0,0.2,115.05
3772,US-2023-102524,2023-05-06,"May 09, 2023",Ananya Nair,Home Office,Central,Office Supplies,Fasteners,Bostitch Staples Deluxe,11.02,3.0,0.3,6.32
3773,US-2023-102123,2023-09-09,"September 12, 2023",Noah Wilson,Corporate,Central,Furniture,Chairs,Hon Task Chair Classic,149.27,1.0,0.2,20.84
3774,US-2022-100012,"March 26, 2022",03/29/2022,Yusuf Thomas,Home Office,South,Office Supplies,Labels,Sharpie Label Tape Pro,17.13,2.0,0.0,11.58
3775,US-2024-100975,29-Apr-2024,2024-04-30,Maria Nair,Home Office,West,Office Supplies,Appliances,Honeywell Fan Standard,446.41,3.0,0.15,135.51
3776,US-2023-100991,30-Sep-2023,2023-10-07,Priya Davis,Home Office,East,Furniture,Chairs,Hon Task Chair Standard,212.3,1.0,0.2,36.85
3777,US-2021-100286,"April 18, 2021",04/24/2021,Ananya Clark,Corporate,West,Technology,Machines,Lexmark Printer Classic,315.02,1.0,0.4,-97.57
3778,US-2023-101905,"November 21, 2023",11/28/2023,Liam Garcia,Home Office,West,Office Supplies,Paper,Boise Copy Paper Standard,16.71,2.0,0.3,8.57
3779,US-2024-102719,11/03/2024,07/11/2024,Sofia Chen,Home Office,East,Technology,Machines,Lexmark Printer Deluxe,1606.47,2.0,0.1,176.04
3780,US-2024-102576,04-Dec-2024,2024-12-10,Amit Wilson,Corporate,West,Furniture,Bookcases,Bush Classic Bookcase Value,414.87,2.0,0.0,122.28
3781,US-2022-100805,01-Mar-2022,2022-03-08,Omar Wright,Consumer,South,Office Supplies,Art,Sharpie Marker Set Standard,138.28,6.0,0.0,79.73
3782,US-2024-101814,"July 14, 2024",07/17/2024,Ananya Thomas,Home Office,West,Furniture,Furnishings,Tenex Chairmat Classic,230.88,5.0,0.15,83.35
3783,US-2023-102646,03/08/2023,06-Aug-2023,Mia Martinez,Consumer,East,Furniture,Chairs,Global Deluxe Chair Pro,299.9,2.0,0.0,95.32
3784,US-2022-101943,2022-01-06,"January 09, 2022",James Thomas,Consumer,West,Technology,Phones,Samsung Galaxy Dock Classic,660.69,2.0,0.0,205.35
3785,US-2021-101581,01/01/2021,06/01/2021,Liam Wright,Consumer,South,Office Supplies,Paper,Xerox Multipurpose Paper Standard,25.87,5.0,0.4,9.71
3786,US-2024-102605,21-Mar-2024,2024-03-24,Omar Davis,Corporate,Central,Technology,Machines,Zebra Label Printer Standard,320.77,1.0,0.3,-26.29
3787,US-2022-101699,"February 11, 2022",02/16/2022,Sofia Young,Home Office,South,Technology,Copiers,Canon imageCLASS Copier Pro,1110.9,1.0,0.0,218.01
3788,US-2023-100408,27-May-2023,2023-05-31,Noah Garcia,Consumer,West,Furniture,Bookcases,O'Sullivan Bookcase Pro,696.38,3.0,0.2,58.19
3789,US-2023-100667,03-Sep-2023,2023-09-08,Mateo Martinez,Home Office,West,Technology,Machines,Zebra Label Printer Deluxe,844.69,1.0,0.15,88.66
3790,US-2021-102261,16-Sep-2021,2021-09-21,Liam Chen,Corporate,West,Office Supplies,Envelopes,Kraft Clasp Envelope Pro,11.91,1.0,0.1,6.73
3791,US-2022-101944,04-Jun-2022,2022-06-05,Chloe Martinez,Corporate,West,Office Supplies,Labels,Avery Label Set Pro,11.93,2.0,0.1,7.64
3792,US-2022-100956,"January 16, 2022",01/20/2022,Zoe Lee,Corporate,Central,Office Supplies,Envelopes,Kraft Clasp Envelope Classic,33.65,3.0,0.1,18.59
3793,US-2022-102766,20-Jul-2022,2022-07-22,Mateo Anderson,Consumer,East,Office Supplies,Supplies,Stanley Hole Punch Deluxe,15.04,1.0,0.3,4.85
3794,US-2022-100418,"July 22, 2022",07/29/2022,Grace Chen,Corporate,South,Office Supplies,Paper,Boise Copy Paper Value,7.43,1.0,0.2,4.36
3795,US-2022-100604,27/03/2022,31-Mar-2022,Liam Lee,Corporate,Central,Office Supplies,Supplies,Elmer's Glue Pack Deluxe,111.29,4.0,0.0,63.41
3796,US-2024-101976,03/21/2024,28/03/2024,Sofia Rodriguez,Consumer,East,Furniture,Chairs,Harbour Creations Chair Deluxe,241.45,1.0,0.0,73.87
3797,US-2022-102215,"January 18, 2022",01/24/2022,Emma Smith,Consumer,West,Furniture,Bookcases,O'Sullivan Bookcase Value,437.7,2.0,0.2,41.42
3798,US-2024-101440,"May 20, 2024",05/24/2024,Nina Thomas,Consumer,East,Office Supplies,Storage,Fellowes File Cart Pro,206.36,4.0,0.5,-23.27
3799,US-2022-100653,18-Feb-2022,2022-02-22,Amit Walker,Consumer,Central,Office Supplies,Envelopes,Poly String Envelope Standard,18.03,2.0,0.0,11.24
3800,US-2022-100794,03-May-2022,2022-05-04,Noah King,Corporate,Central,Furniture,Furnishings,Eldon Desk Lamp Value,70.96,2.0,0.15,24.96
3801,US-2021-103139,09-Nov-2021,2021-11-12,Amit Garcia,Consumer,South,Technology,Copiers,Hewlett Packard Copier Value,893.11,1.0,0.1,122.2
3802,US-2024-100998,17-Dec-2024,2024-12-21,Sofia Nair,Corporate,West,Office Supplies,Art,Sharpie Marker Set Standard,9.85,1.0,0.4,2.31
3803,US-2023-101196,21/06/2023,25-Jun-2023,Noah King,Consumer,South,Furniture,Chairs,Hon Task Chair Pro,730.79,3.0,0.0,219.11
3804,US-2023-100784,2023-05-16,"May 19, 2023",Olivia Wright,Home Office,East,Office Supplies,Storage,IRIS Storage Box Value,97.17,2.0,0.3,17.61
3805,US-2023-103226,"September 29, 2023",10/02/2023,Arjun Wright,Corporate,West,Office Supplies,Storage,IRIS Storage Box Value,177.38,2.0,0.2,45.46
3806,US-2021-102337,16/03/2021,20-Mar-2021,Arjun Smith,Consumer,East,Furniture,Furnishings,Eldon Desk Lamp Standard,101.81,2.0,0.3,18.46
3807,US-2023-102668,2023-07-10,"July 12, 2023",Yusuf Garcia,Corporate,East,Furniture,Tables,Chromcraft Round Table Deluxe,472.55,1.0,0.0,111.66
3808,US-2023-101189,27-Nov-2023,2023-12-04,Kavya Garcia,Corporate,South,Technology,Accessories,Logitech Mouse Deluxe,87.29,4.0,0.3,24.46
3809,US-2022-102619,"January 14, 2022",01/21/2022,Kenji Lee,Consumer,West,Office Supplies,Art,Sharpie Marker Set Value,66.85,4.0,0.0,38.19
3810,US-2023-100200,19/06/2023,22-Jun-2023,Lucas Walker,Consumer,East,Office Supplies,Binders,GBC Binding System Pro,78.88,6.0,0.3,34.36
3811,US-2022-102822,2022-04-10,"April 11, 2022",Isabella Clark,Home Office,South,Office Supplies,Appliances,Avanti Refrigerator Pro,611.0,6.0,0.15,181.81
3812,US-2023-100589,12/03/2023,04/12/2023,Wei Walker,Corporate,West,Technology,Copiers,Canon imageCLASS Copier Pro,1169.78,1.0,0.0,213.59
3813,US-2024-100345,18-Jan-2024,2024-01-20,Kavya Johnson,Corporate,South,Office Supplies,Binders,GBC Binding System Standard,25.19,1.0,0.1,13.99
3814,US-2021-101676,03/23/2021,26/03/2021,Laura Young,Consumer,West,Office Supplies,Storage,SAFCO Storage Bin Deluxe,68.5,1.0,0.1,24.86
3815,US-2023-102911,07/14/2023,17/07/2023,Kavya Chen,Home Office,South,Office Supplies,Binders,Acco Binder Deluxe,38.35,3.0,0.1,22.22
3816,US-2021-102798,"February 15, 2021",02/18/2021,Mia Smith,Consumer,West,Office Supplies,Supplies,Stanley Hole Punch Pro,102.46,4.0,0.15,45.52
3817,US-2024-102890,26-Dec-2024,2025-01-02,Hannah Garcia,Home Office,Central,Furniture,Bookcases,Sauder Bookcase Standard,1036.4,6.0,0.0,299.26
3818,US-2021-102379,21/11/2021,22-Nov-2021,James Davis,Home Office,East,Office Supplies,Labels,Sharpie Label Tape Deluxe,5.76,1.0,0.4,2.96
3819,US-2023-102739,06/01/2023,13-Jan-2023,Chloe Davis,Consumer,South,Technology,Accessories,Belkin Cable Value,36.95,2.0,0.0,18.2
3820,US-2022-102098,2022-03-01,"March 05, 2022",Ethan Kumar,Corporate,East,Office Supplies,Appliances,Honeywell Fan Deluxe,228.18,2.0,0.2,51.22
3821,US-2022-102983,09/07/2022,16-Jul-2022,Mia Wilson,Home Office,Central,Technology,Phones,Cisco IP Phone Value,334.52,2.0,0.1,67.58
3822,US-2021-102320,21-Nov-2021,2021-11-24,Maria Johnson,Consumer,East,Technology,Copiers,Hewlett Packard Copier Deluxe,1451.84,1.0,0.2,58.2
3823,US-2022-101974,22/01/2022,28-Jan-2022,Grace Wright,Consumer,East,Office Supplies,Fasteners,ACCO Fasteners Value,29.25,3.0,0.0,20.91
3824,US-2021-100683,10-Feb-2021,2021-02-14,Isabella Patel,Corporate,East,Technology,Machines,Zebra Label Printer Value,594.37,1.0,0.1,78.66
3825,US-2021-101410,"June 21, 2021",06/28/2021,Arjun Garcia,Consumer,South,Office Supplies,Supplies,Elmer's Glue Pack Standard,75.36,5.0,0.4,15.03
3826,US-2022-101960,06/07/2022,09-Jul-2022,Kavya Johnson,Consumer,West,Technology,Copiers,Hewlett Packard Copier Classic,5257.55,4.0,0.2,42.18
3827,US-2022-100715,"November 25, 2022",11/30/2022,Kenji Johnson,Home Office,East,Technology,Phones,Samsung Galaxy Dock Deluxe,,4.0,0.0,333.59
3828,US-2021-100049,2021-03-27,"March 29, 2021",Olivia Martinez,Consumer,South,Technology,Phones,Samsung Galaxy Dock Deluxe,864.86,4.0,0.2,96.58
3829,US-2024-100899,"February 17, 2024",02/23/2024,Emma Brown,Corporate,East,Office Supplies,Appliances,Avanti Refrigerator Standard,214.93,2.0,0.2,60.15
3830,US-2021-100299,11/10/2021,14/11/2021,Ethan Wright,Home Office,East,Technology,Accessories,SanDisk USB Drive Value,106.4,3.0,0.3,34.29
3831,US-2021-100827,03/01/2021,04/03/2021,Priya Johnson,Corporate,Central,Office Supplies,Appliances,Honeywell Fan Standard,550.43,5.0,0.15,183.72
3832,US-2024-102932,2024-06-30,"July 03, 2024",Lucas Smith,Consumer,West,Office Supplies,Paper,Boise Copy Paper Value,30.98,3.0,0.2,18.19
3833,US-2023-101632,02/23/2023,01/03/2023,Ravi Rodriguez,Consumer,Central,Office Supplies,Storage,Fellowes File Cart Deluxe,214.37,2.0,0.0,91.1
3834,US-2021-102362,03/04/2021,07/03/2021,Wei Thomas,Consumer,Central,Office Supplies,Binders,Wilson Jones Binder Value,80.55,6.0,0.0,50.71
3835,US-2022-100607,06/12/2022,10-Dec-2022,Noah Clark,Home Office,East,Office Supplies,Supplies,Stanley Hole Punch Deluxe,132.95,4.0,0.0,69.51
3836,US-2023-100075,"May 02, 2023",05/07/2023,Maria Brown,Corporate,Central,Office Supplies,Fasteners,ACCO Fasteners Pro,4.16,1.0,0.4,2.17
3837,US-2021-100816,25/12/2021,29-Dec-2021,Ananya Martinez,Consumer,East,Office Supplies,Storage,Fellowes File Cart Standard,91.39,1.0,0.15,29.05
3838,US-2021-102607,07/02/2021,07/07/2021,Olivia Chen,Corporate,West,Office Supplies,Paper,Xerox Multipurpose Paper Value,10.76,1.0,0.15,6.35
3839,US-2021-102732,11-Jun-2021,2021-06-16,Mateo Patel,Consumer,South,Office Supplies,Labels,Sharpie Label Tape Classic,4.24,1.0,0.0,2.85
3840,US-2024-102389,27-Dec-2024,2025-01-01,Daniel Rodriguez,Consumer,East,Office Supplies,Supplies,Elmer's Glue Pack Standard,17.7,1.0,0.2,7.46
3841,US-2021-100530,01/10/2021,15/01/2021,Ethan Wilson,Corporate,West,Office Supplies,Art,Sharpie Marker Set Classic,65.42,3.0,0.0,36.97
3842,US-2023-101677,"December 03, 2023",12/07/2023,Liam Rodriguez,Corporate,West,Office Supplies,Envelopes,Poly String Envelope Standard,7.95,1.0,0.5,2.02
3843,US-2021-102994,09/13/2021,16/09/2021,Daniel Smith,Corporate,Central,Technology,Accessories,SanDisk USB Drive Standard,219.67,5.0,0.0,108.73
3844,US-2022-100813,29/07/2022,31-Jul-2022,Zoe Smith,Consumer,East,Furniture,Chairs,Harbour Creations Chair Value,157.6,1.0,,44.96
3845,US-2021-100179,07-Jul-2021,2021-07-10,Carlos Walker,Home Office,Central,Technology,Machines,Lexmark Printer Classic,2767.88,6.0,0.0,526.65
3846,US-2022-100988,11/25/2022,29/11/2022,Noah Wright,Home Office,South,Office Supplies,Art,Newell Scissors Deluxe,19.37,1.0,0.3,8.01
3847,US-2022-101454,12/25/2022,30/12/2022,Wei Chen,Home Office,East,Office Supplies,Envelopes,Kraft Clasp Envelope Pro,35.19,4.0,0.0,21.99
3848,US-2022-102722,2022-09-06,"September 08, 2022",Kenji Young,Corporate,South,Office Supplies,Supplies,Stanley Hole Punch Value,14.03,1.0,0.15,6.76
3849,US-2021-100788,06-Jul-2021,2021-07-07,Ananya Rodriguez,Corporate,West,Office Supplies,Labels,Avery Label Set Value,39.2,6.0,0.0,24.78
3850,US-2023-102107,02/07/2023,04-Jul-2023,Daniel Walker,Consumer,West,Technology,Copiers,Canon imageCLASS Copier Deluxe,7665.65,4.0,0.0,1361.55
3851,US-2021-102943,08/17/2021,24/08/2021,Daniel Garcia,Consumer,Central,Technology,Phones,Apple iPhone Accessory Deluxe,950.95,2.0,0.0,261.35
3852,US-2024-101954,10/06/2024,12-Jun-2024,Kavya Chen,Consumer,East,Office Supplies,Storage,Fellowes File Cart Value,334.83,5.0,0.3,49.49
3853,US-2024-101482,21/01/2024,27-Jan-2024,Ananya Rodriguez,Corporate,East,Office Supplies,Supplies,Stanley Hole Punch Pro,31.13,2.0,0.15,15.23
3854,US-2023-101523,05-Feb-2023,2023-02-12,Daniel Patel,Consumer,West,Office Supplies,Storage,Fellowes File Cart Standard,59.78,1.0,0.3,11.43
3855,US-2023-103244,02/24/2023,02/03/2023,Ananya Garcia,Home Office,West,Furniture,Bookcases,O'Sullivan Bookcase Classic,951.35,3.0,0.1,207.12
3856,US-2021-100747,04/21/2021,24/04/2021,Olivia Walker,Home Office,East,Office Supplies,Binders,GBC Binding System Value,16.56,1.0,0.2,8.63
3857,US-2024-102811,12-Jul-2024,2024-07-17,Hannah Martinez,Home Office,South,Office Supplies,Binders,GBC Binding System Value,28.24,2.0,0.4,9.35
3858,US-2023-100721,"January 22, 2023",01/26/2023,Ethan Smith,Corporate,Central,Technology,Copiers,Canon imageCLASS Copier Standard,1574.01,1.0,0.0,375.16
3859,US-2021-102027,04-Jul-2021,2021-07-07,Mateo Martinez,Consumer,South,Furniture,Chairs,Harbour Creations Chair Deluxe,993.91,4.0,0.1,256.01
3860,US-2024-100123,08/19/2024,22/08/2024,Zoe Garcia,Corporate,Central,Furniture,Furnishings,Fellowes Wall Clock Pro,52.07,1.0,0.0,24.98
3861,US-2024-102897,20-Mar-2024,2024-03-24,Ananya Brown,Consumer,West,Office Supplies,Storage,Fellowes File Cart Deluxe,538.61,6.0,0.0,236.44
3862,US-2024-101089,20-Aug-2024,2024-08-23,Isabella Nair,Home Office,West,Office Supplies,Appliances,Honeywell Fan Value,215.36,2.0,0.1,67.7
3863,US-2023-100743,30/03/2023,04-Apr-2023,Kavya Brown,Corporate,East,Office Supplies,Fasteners,ACCO Fasteners Classic,11.81,2.0,0.3,6.44
3864,US-2021-101368,24/03/2021,28-Mar-2021,Liam Lee,Home Office,West,Furniture,Bookcases,Sauder Bookcase Deluxe,1319.83,5.0,0.0,380.78
3865,US-2022-101647,2022-06-12,"June 16, 2022",James Martinez,Corporate,West,Office Supplies,Supplies,Stanley Hole Punch Value,112.42,5.0,0.0,60.69
3866,US-2022-100159,2022-05-14,"May 16, 2022",Liam King,Corporate,West,Technology,Machines,Zebra Label Printer Deluxe,907.17,1.0,0.1,141.36
3867,US-2024-100284,14/06/2024,18-Jun-2024,Carlos King,Consumer,East,Office Supplies,Paper,Xerox Multipurpose Paper Standard,103.02,6.0,0.0,67.99
3868,US-2024-100617,2024-01-19,"January 25, 2024",Laura Young,Consumer,East,Furniture,Furnishings,Eldon Desk Lamp Value,24.48,1.0,0.5,-3.02
3869,US-2024-100736,20/07/2024,26-Jul-2024,Isabella Thomas,Corporate,East,Office Supplies,Paper,Boise Copy Paper Value,45.65,4.0,0.0,30.17
3870,US-2024-103087,19-Aug-2024,2024-08-21,Ravi Smith,Home Office,Central,Office Supplies,Binders,GBC Binding System Deluxe,41.92,3.0,0.0,23.93
3871,US-2023-100603,"February 21, 2023",02/24/2023,Ravi Smith,Home Office,Central,Office Supplies,Fasteners,ACCO Fasteners Value,14.3,3.0,0.2,8.72
3872,US-2023-103172,"July 23, 2023",07/26/2023,Arjun Lee,Corporate,South,Office Supplies,Fasteners,ACCO Fasteners Classic,8.27,1.0,0.15,5.32
3873,US-2022-102493,"August 04, 2022",08/07/2022,Nina Chen,Consumer,South,Office Supplies,Storage,SAFCO Storage Bin Deluxe,188.72,3.0,0.2,48.13
3874,US-2022-102426,07/12/2022,10-Dec-2022,Isabella Chen,Home Office,West,Office Supplies,Paper,Xerox Multipurpose Paper Value,16.25,1.0,0.0,10.97
3875,US-2024-102304,"February 24, 2024",02/27/2024,Laura Davis,Consumer,South,Office Supplies,Appliances,Honeywell Fan Deluxe,233.42,2.0,0.2,54.14
3876,US-2021-101518,12-Sep-2021,2021-09-19,Ethan Kumar,Home Office,West,Office Supplies,Labels,Sharpie Label Tape Deluxe,8.01,1.0,0.0,5.4
3877,US-2023-102810,2023-04-13,"April 18, 2023",Noah Brown,Consumer,Central,Office Supplies,Fasteners,ACCO Fasteners Standard,10.97,2.0,0.0,7.61
3878,US-2021-100632,"April 25, 2021",04/28/2021,Sofia Wilson,Consumer,East,Office Supplies,Binders,Wilson Jones Binder Classic,19.51,2.0,0.2,9.78
3879,US-2023-101295,01/25/2023,29/01/2023,Ethan Wright,Consumer,West,Furniture,Furnishings,Fellowes Wall Clock Classic,95.94,2.0,0.15,33.53
3880,US-2024-102771,12/26/2024,28/12/2024,Noah Smith,Consumer,East,Office Supplies,Binders,Acco Binder Deluxe,49.95,4.0,0.2,25.92
3881,US-2024-102521,"March 26, 2024",03/29/2024,Kavya Wright,Consumer,South,Office Supplies,Paper,Boise Copy Paper Classic,13.11,1.0,0.0,8.63
3882,US-2022-100162,05/03/2022,06/05/2022,Kavya Thomas,Home Office,East,Office Supplies,Supplies,Stanley Hole Punch Standard,11.24,1.0,0.15,5.21
3883,US-2021-100625,"July 31, 2021",08/04/2021,Hannah Walker,Corporate,East,Furniture,Tables,Bevis Table Pro,1241.46,3.0,0.2,28.57
3884,US-2021-100787,07/04/2021,09/07/2021,Arjun Thomas,Consumer,Central,Office Supplies,Binders,Wilson Jones Binder Standard,103.31,6.0,0.0,64.76
3885,US-2022-100099,09-Jul-2022,2022-07-13,Olivia Wilson,Corporate,Central,Office Supplies,Labels,Avery Label Set Value,9.16,1.0,0.2,5.35
3886,US-2022-100575,"August 09, 2022",08/11/2022,Laura Clark,Consumer,West,Office Supplies,Storage,SAFCO Storage Bin Deluxe,115.49,1.0,0.0,44.59
3887,US-2024-102848,2024-06-24,"June 27, 2024",,Consumer,West,Office Supplies,Fasteners,ACCO Fasteners Standard,24.44,3.0,0.0,16.63
3888,US-2023-103084,13/10/2023,18-Oct-2023,Liam Kumar,Consumer,East,Technology,Phones,Apple iPhone Accessory Pro,832.43,4.0,0.4,-146.87
3889,US-2024-101159,31/05/2024,04-Jun-2024,Priya Smith,Corporate,Central,Furniture,Bookcases,O'Sullivan Bookcase Deluxe,1356.13,4.0,0.0,355.33
3890,US-2024-102413,2024-12-17,"December 24, 2024",Kavya Wright,Consumer,Central,Office Supplies,Art,Prismacolor Pencils Value,7.04,1.0,0.15,
3891,US-2022-100762,19/04/2022,23-Apr-2022,Ravi Walker,Consumer,Central,Furniture,Bookcases,Bush Classic Bookcase Classic,302.73,1.0,0.0,88.28
3892,US-2024-100359,20/05/2024,24-May-2024,Hannah Brown,Consumer,East,Technology,Copiers,Hewlett Packard Copier Deluxe,5428.97,5.0,0.3,-641.89
3893,US-2021-102464,21/11/2021,24-Nov-2021,Liam Johnson,Corporate,East,Furniture,Tables,Bretford Conference Table Value,929.24,2.0,0.2,62.25
3894,US-2023-101036,24-Nov-2023,2023-11-28,Hannah Garcia,Corporate,East,Office Supplies,Fasteners,ACCO Fasteners Pro,9.92,2.0,0.0,6.96
3895,US-2022-100830,2022-06-13,"June 15, 2022",Kenji Martinez,Consumer,South,Office Supplies,Labels,Sharpie Label Tape Classic,6.46,1.0,0.5,2.37
3896,US-2023-102754,2023-07-27,"July 30, 2023",Chloe Martinez,Home Office,South,Office Supplies,Supplies,Stanley Hole Punch Standard,19.2,1.0,0.0,10.89
3897,US-2023-101101,16-Jun-2023,2023-06-20,Omar Rodriguez,Consumer,West,Technology,Phones,Apple iPhone Accessory Value,285.81,1.0,0.0,
3898,US-2022-100936,10/04/2022,14-Apr-2022,Priya Martinez,Consumer,East,Office Supplies,Binders,Wilson Jones Binder Deluxe,20.82,1.0,0.0,12.45
3899,US-2022-100983,2022-11-03,"November 06, 2022",Priya Patel,Corporate,East,Office Supplies,Envelopes,Kraft Clasp Envelope Deluxe,67.54,5.0,0.3,32.38
3900,US-2022-102152,"August 24, 2022",08/27/2022,Amit Kumar,Consumer,South,Office Supplies,Binders,Acco Binder Deluxe,158.91,6.0,0.0,89.51
3901,US-2023-101406,02-Oct-2023,2023-10-07,Carlos Kumar,Corporate,Central,Office Supplies,Paper,Xerox Multipurpose Paper Deluxe,92.93,6.0,0.0,60.13
3902,US-2024-101325,17-Nov-2024,2024-11-22,Omar Chen,Corporate,South,Furniture,Furnishings,Tenex Chairmat Standard,51.1,1.0,0.1,19.59
3903,US-2021-101965,2021-05-26,"May 30, 2021",Daniel Chen,Consumer,Central,Office Supplies,Supplies,Elmer's Glue Pack Deluxe,20.2,1.0,0.1,9.82
3904,US-2023-101207,2023-05-21,"May 27, 2023",Laura Lee,Consumer,South,Office Supplies,Binders,GBC Binding System Pro,52.06,3.0,0.3,22.88
3905,US-2023-101926,12/09/2023,15-Sep-2023,Zoe Kumar,Consumer,Central,Furniture,Chairs,Global Deluxe Chair Deluxe,787.57,4.0,0.0,249.47
3906,US-2023-101170,05/25/2023,01/06/2023,Grace Johnson,Consumer,Central,Office Supplies,Labels,Sharpie Label Tape Classic,10.42,2.0,0.0,6.83
3907,US-2023-101908,"December 01, 2023",12/04/2023,Lucas King,Corporate,East,Office Supplies,Art,Sharpie Marker Set Deluxe,22.13,2.0,0.0,12.95
3908,US-2023-101917,16-Jul-2023,2023-07-21,Isabella Young,Corporate,South,Office Supplies,Art,Prismacolor Pencils Deluxe,27.83,2.0,0.2,13.42
3909,US-2023-100781,14-Jul-2023,2023-07-18,Ethan Johnson,Consumer,South,Office Supplies,Art,Prismacolor Pencils Standard,59.93,4.0,0.2,29.45
3910,US-2022-101198,"May 19, 2022",05/20/2022,Sofia Brown,Consumer,West,Office Supplies,Art,Prismacolor Pencils Standard,33.54,4.0,0.15,16.5
3911,US-2021-103012,21/05/2021,23-May-2021,Hannah Brown,Corporate,Central,Office Supplies,Paper,Boise Copy Paper Value,31.85,4.0,0.1,19.06
3912,US-2024-100340,2024-11-30,"December 04, 2024",Yusuf Clark,Consumer,Central,Office Supplies,Supplies,Stanley Hole Punch Deluxe,46.7,2.0,0.3,18.26
3913,US-2022-101411,2022-02-19,"February 23, 2022",Liam Nair,Home Office,West,Office Supplies,Labels,Sharpie Label Tape Deluxe,10.16,1.0,0.0,6.68
3914,US-2024-102834,05-Sep-2024,2024-09-08,Maria Lee,Consumer,West,Office Supplies,Paper,Boise Copy Paper Classic,33.75,3.0,0.0,22.16
3915,US-2021-103000,2021-07-07,"July 12, 2021",Kenji Chen,Home Office,Central,Office Supplies,Fasteners,ACCO Fasteners Deluxe,16.06,3.0,0.1,10.58
3916,US-2022-101014,03/13/2022,19/03/2022,Yusuf Rodriguez,Consumer,West,Furniture,Bookcases,O'Sullivan Bookcase Deluxe,846.78,3.0,0.0,221.96
3917,US-2024-101069,14/05/2024,19-May-2024,Isabella Chen,Corporate,West,Office Supplies,Art,Sharpie Marker Set Value,17.51,1.0,0.0,10.33
3918,US-2023-102007,20-Apr-2023,2023-04-24,Lucas Young,Corporate,East,Technology,Phones,Cisco IP Phone Deluxe,1522.38,4.0,0.1,312.9
3919,US-2022-102941,"November 02, 2022",11/04/2022,Nina Lee,Consumer,South,Technology,Accessories,Belkin Cable Standard,125.73,2.0,0.0,56.91
3920,US-2022-100765,2022-12-29,"January 04, 2023",Grace Anderson,Corporate,Central,Office Supplies,Paper,Boise Copy Paper Pro,11.82,2.0,0.1,6.97
3921,US-2023-102752,24-Jul-2023,2023-07-27,Mateo King,Home Office,West,Furniture,Furnishings,Tenex Chairmat Deluxe,138.38,2.0,0.1,53.93
3922,US-2023-100514,11/18/2023,23/11/2023,James Smith,Consumer,East,Office Supplies,Fasteners,ACCO Fasteners Deluxe,6.36,2.0,0.5,2.41
3923,US-2023-102797,2023-10-27,"October 31, 2023",Ravi Chen,Home Office,West,Office Supplies,Binders,Acco Binder Deluxe,40.98,2.0,0.2,19.24
3924,US-2021-101070,07/10/2021,14/07/2021,Maria Walker,Corporate,East,Office Supplies,Labels,Sharpie Label Tape Deluxe,7.02,1.0,0.2,3.9
3925,US-2023-100970,"August 02, 2023",08/06/2023,Kenji Chen,Consumer,Central,Furniture,Furnishings,Tenex Chairmat Pro,108.91,3.0,0.15,35.61
3926,US-2023-101193,"October 13, 2023",10/16/2023,Emma Smith,Consumer,East,Technology,Copiers,Canon imageCLASS Copier Deluxe,2760.52,2.0,0.0,578.15
3927,US-2021-101583,07/09/2021,12-Sep-2021,Olivia Lee,Consumer,South,Office Supplies,Supplies,Elmer's Glue Pack Value,26.24,1.0,0.0,14.5
3928,US-2021-100155,13/11/2021,18-Nov-2021,Laura Clark,Consumer,West,Office Supplies,Labels,Avery Label Set Classic,7.71,1.0,0.15,4.67
3929,US-2024-100368,08/09/2024,13-Sep-2024,Yusuf Martinez,Home Office,Central,Office Supplies,Binders,Wilson Jones Binder Value,66.01,4.0,0.0,41.05
3930,US-2022-102515,2022-12-18,"December 21, 2022",Priya Rodriguez,Consumer,East,Furniture,Chairs,Global Deluxe Chair Deluxe,302.54,2.0,0.15,58.51
3931,US-2024-101853,05/16/2024,17/05/2024,Arjun Nair,Consumer,East,Technology,Copiers,Hewlett Packard Copier Pro,4016.54,3.0,0.15,263.3
3932,US-2022-102084,02/04/2022,09/02/2022,Lucas Walker,Corporate,East,Office Supplies,Envelopes,Poly String Envelope Classic,9.65,1.0,0.2,5.14
3933,US-2024-101397,05/02/2024,08-Feb-2024,Ananya Kumar,corporate,West,Furniture,Chairs,Hon Task Chair Value,924.02,5.0,0.3,2.07
3934,US-2021-102955,2021-12-30,"January 06, 2022",Amit Young,Consumer,East,Technology,Machines,Zebra Label Printer Value,824.78,2.0,0.5,-468.29
3935,US-2023-101781,05/22/2023,28/05/2023,Liam Anderson,Consumer,South,Technology,Machines,Cubify 3D Printer Classic,2557.46,5.0,0.2,-30.68
3936,US-2022-100174,2022-04-05,"April 11, 2022",Amit Patel,Corporate,West,Office Supplies,Labels,Sharpie Label Tape Standard,10.12,1.0,0.1,6.26
3937,US-2021-102528,10/11/2021,13/10/2021,Kavya Young,Consumer,East,Office Supplies,Binders,GBC Binding System Classic,26.93,1.0,0.0,15.5
3938,US-2023-100267,18/03/2023,22-Mar-2023,Chloe Thomas,Consumer,West,Office Supplies,Supplies,Elmer's Glue Pack Deluxe,30.87,2.0,0.4,6.85
3939,US-2022-100858,20-Jun-2022,2022-06-26,Omar Davis,Consumer,East,Office Supplies,Storage,SAFCO Storage Bin Standard,136.59,1.0,0.0,55.79
3940,US-2022-100871,12-Jun-2022,2022-06-15,Sofia Chen,Corporate,East,Office Supplies,Art,Sharpie Marker Set Standard,14.6,1.0,0.3,6.06
3941,US-2023-101224,03/12/2023,16/03/2023,Wei Young,Consumer,Central,Technology,Copiers,Canon imageCLASS Copier Classic,1873.76,2.0,0.1,260.81
3942,US-2023-102852,23/12/2023,29-Dec-2023,Mia Wright,Consumer,West,Office Supplies,Fasteners,Bostitch Staples Pro,10.79,2.0,0.2,6.78
3943,US-2023-102666,24-Jul-2023,2023-07-29,Lucas Walker,Corporate,Central,Technology,Machines,Zebra Label Printer Value,2321.61,3.0,0.0,486.89
3944,US-2024-103201,2024-05-21,"May 24, 2024",Nina Garcia,Consumer,Central,Furniture,Tables,Bevis Table Classic,675.1,3.0,0.5,-286.57
3945,US-2022-101270,"February 23, 2022",03/02/2022,Liam Chen,Consumer,South,Office Supplies,Paper,Xerox Multipurpose Paper Value,16.95,2.0,0.3,8.12
3946,US-2024-100017,05-May-2024,2024-05-10,Ethan Walker,Consumer,West,Office Supplies,Envelopes,Poly String Envelope Standard,39.49,3.0,0.15,22.71
3947,US-2023-101219,2023-07-11,"July 18, 2023",Amit Young,Home Office,East,Technology,Phones,Samsung Galaxy Dock Deluxe,96.19,1.0,0.6,-66.04
3948,US-2023-102371,"November 23, 2023",11/27/2023,Arjun Walker,Consumer,East,Office Supplies,Binders,GBC Binding System Classic,8.04,1.0,0.3,3.48
3949,US-2021-103047,29/12/2021,03-Jan-2022,Lucas Chen,Consumer,South,Office Supplies,Appliances,Avanti Refrigerator Classic,263.42,2.0,0.0,113.11
3950,US-2024-101932,12/24/2024,28/12/2024,Hannah Nair,Consumer,Central,Office Supplies,Envelopes,Poly String Envelope Value,35.21,3.0,0.0,21.08
3951,US-2023-100499,28-Jul-2023,2023-07-30,Kenji Smith,Corporate,East,Office Supplies,Supplies,Elmer's Glue Pack Standard,38.54,2.0,0.1,19.56
3952,US-2022-102295,28/11/2022,01-Dec-2022,Amit Clark,Consumer,West,Office Supplies,Appliances,Avanti Refrigerator Pro,183.24,2.0,0.0,77.12
3953,US-2022-100076,04/09/2022,07-Sep-2022,Nina Lee,Home Office,East,Office Supplies,Art,Prismacolor Pencils Value,9.46,1.0,0.2,4.79
3954,US-2021-102677,06/21/2021,28/06/2021,Zoe Anderson,Home Office,South,Technology,Machines,Lexmark Printer Classic,796.83,3.0,0.7,-1321.4
3955,US-2021-101200,"August 31, 2021",09/04/2021,Liam Garcia,Consumer,Central,Office Supplies,Art,Prismacolor Pencils Pro,44.06,4.0,0.0,24.54
3956,US-2023-103301,23-Mar-2023,2023-03-28,Priya Rodriguez,Consumer,East,Office Supplies,Paper,Xerox Multipurpose Paper Classic,17.06,2.0,0.0,10.84
3957,US-2023-100290,"July 20, 2023",07/21/2023,Grace Young,Corporate,Central,Furniture,Chairs,Harbour Creations Chair Classic,451.6,3.0,0.0,147.62
3958,US-2022-102445,"May 03, 2022",05/07/2022,Zoe Walker,Home Office,East,Furniture,Furnishings,Fellowes Wall Clock Value,219.0,3.0,0.1,83.08
3959,US-2022-102904,2022-08-23,"August 27, 2022",Maria Martinez,Consumer,West,Furniture,Bookcases,Bush Classic Bookcase Classic,507.64,2.0,0.15,74.73
3960,US-2022-100219,2022-08-14,"August 17, 2022",Emma Anderson,Consumer,South,Office Supplies,Appliances,Hoover Vacuum Deluxe,557.34,4.0,0.15,146.01
3961,US-2021-101103,11/18/2021,23/11/2021,Carlos Anderson,Consumer,West,Furniture,Bookcases,Sauder Bookcase Pro,607.1,2.0,0.1,123.38
3962,US-2021-100905,2021-11-20,"November 27, 2021",Omar Smith,Corporate,West,Technology,Copiers,Canon imageCLASS Copier Standard,3671.45,3.0,0.0,607.71
3963,US-2021-101414,2021-02-19,"February 23, 2021",Emma Clark,Consumer,East,Office Supplies,Art,Newell Scissors Pro,30.66,5.0,0.5,5.4
3964,US-2021-102462,04/11/2021,07-Nov-2021,Carlos Chen,Consumer,South,Office Supplies,Binders,GBC Binding System Value,16.1,1.0,0.15,8.45
3965,US-2024-101832,08-Mar-2024,2024-03-12,Grace Anderson,Home Office,West,Technology,Machines,Zebra Label Printer Deluxe,356.43,1.0,0.1,53.09
3966,US-2024-101728,29/02/2024,03-Mar-2024,Ananya Garcia,Corporate,West,Furniture,Chairs,Hon Task Chair Value,174.75,1.0,0.0,49.48
3967,US-2024-101399,2024-07-19,"July 24, 2024",Daniel Martinez,Corporate,Central,Furniture,Tables,Bevis Table Deluxe,1052.93,3.0,0.0,303.05
3968,US-2023-100215,26/10/2023,31-Oct-2023,Chloe Davis,Consumer,West,Technology,Machines,Cubify 3D Printer Pro,2624.58,3.0,0.0,599.54
3969,US-2024-102473,03/27/2024,30/03/2024,Noah Nair,Corporate,West,Office Supplies,Storage,SAFCO Storage Bin Deluxe,76.65,1.0,0.0,34.74
3970,US-2022-101420,10/24/2022,26/10/2022,Liam Kumar,Home Office,East,Furniture,Furnishings,Fellowes Wall Clock Pro,44.68,1.0,0.15,12.38
3971,US-2021-102908,12-Nov-2021,2021-11-15,Omar Nair,Consumer,South,Furniture,Bookcases,Sauder Bookcase Deluxe,731.38,3.0,0.0,202.48
3972,US-2022-100558,24/07/2022,28-Jul-2022,Maria Walker,Corporate,West,Office Supplies,Fasteners,Bostitch Staples Value,13.05,3.0,0.1,8.98
3973,US-2023-103226,29-Sep-2023,2023-10-02,Arjun Wright,Corporate,West,Technology,Accessories,Logitech Mouse Classic,335.09,6.0,0.0,162.38
3974,US-2022-102716,07-Dec-2022,2022-12-10,Liam Wright,Consumer,East,Office Supplies,Envelopes,Kraft Clasp Envelope Classic,24.9,3.0,0.4,9.27
3975,US-2023-102808,10/16/2023,20/10/2023,Noah Kumar,Consumer,West,Furniture,Bookcases,O'Sullivan Bookcase Value,604.3,2.0,0.2,49.22
3976,US-2024-101681,08/10/2024,09-Oct-2024,Nina Chen,Corporate,Central,Office Supplies,Appliances,Avanti Refrigerator Value,397.98,4.0,0.0,161.57
3977,US-2022-101287,17-Jan-2022,2022-01-22,Hannah Garcia,Consumer,East,Office Supplies,Paper,HP Premium Paper Deluxe,33.81,5.0,0.6,7.94
3978,US-2022-102164,03/14/2022,18/03/2022,Noah Nair,Corporate,East,Technology,Phones,Apple iPhone Accessory Classic,1908.12,4.0,0.0,521.69
3979,US-2024-102795,13/11/2024,20-Nov-2024,Kavya Wilson,Consumer,East,Office Supplies,Fasteners,Bostitch Staples Classic,3.68,1.0,0.4,1.8
3980,US-2024-103061,2024-04-24,"May 01, 2024",Lucas Walker,Corporate,South,Office Supplies,Paper,Boise Copy Paper Classic,32.1,3.0,0.0,21.07
3981,US-2024-102291,"May 02, 2024",05/06/2024,Lucas Young,Consumer,West,Office Supplies,Appliances,Avanti Refrigerator Deluxe,152.78,1.0,0.1,49.32
3982,US-2021-102843,04-Feb-2021,2021-02-10,Kavya Chen,Consumer,Central,Office Supplies,Labels,Sharpie Label Tape Value,14.99,2.0,0.15,9.02
3983,US-2023-101240,"October 08, 2023",10/13/2023,Isabella Young,Corporate,Central,Furniture,Bookcases,O'Sullivan Bookcase Pro,895.4,5.0,0.4,-171.88
3984,US-2021-102184,"September 12, 2021",09/17/2021,Ravi Young,Home Office,West,Technology,Machines,Lexmark Printer Classic,1885.32,4.0,0.2,92.39
3985,US-2022-100308,04/01/2022,08-Jan-2022,Nina Garcia,Home Office,South,Office Supplies,Art,Sharpie Marker Set Classic,32.79,2.0,0.0,
3986,US-2023-101984,"October 17, 2023",10/21/2023,Omar Anderson,Consumer,Central,Furniture,Bookcases,O'Sullivan Bookcase Standard,201.15,1.0,0.1,38.74
3987,US-2021-102425,"July 11, 2021",07/13/2021,Omar Young,Consumer,East,Office Supplies,Art,Prismacolor Pencils Classic,41.48,3.0,0.0,24.08
3988,US-2022-103256,15-Nov-2022,2022-11-19,Grace Walker,Consumer,East,Office Supplies,Binders,GBC Binding System Classic,14.39,1.0,0.1,7.71
3989,US-2023-100375,07/22/2023,26/07/2023,Omar Brown,Consumer,East,Furniture,Furnishings,Tenex Chairmat Classic,56.29,1.0,0.2,17.85
3990,US-2024-100759,20/09/2024,23-Sep-2024,Lucas Johnson,Consumer,East,Technology,Accessories,Logitech Mouse Standard,129.01,2.0,0.1,59.4
3991,US-2022-100107,2022-03-02,"March 03, 2022",Grace Brown,Home Office,West,Office Supplies,Binders,Acco Binder Deluxe,15.9,1.0,0.3,7.08
3992,US-2022-100832,15/12/2022,20-Dec-2022,Daniel King,Consumer,South,Office Supplies,Art,Prismacolor Pencils Standard,70.98,5.0,0.0,40.98
3993,US-2024-102423,2024-09-21,"September 25, 2024",Ananya Garcia,Home Office,East,Office Supplies,Art,Sharpie Marker Set Standard,12.39,2.0,0.7,-4.78
3994,US-2022-102544,01/08/2022,06-Aug-2022,Sofia Patel,Consumer,South,Furniture,Bookcases,Bush Classic Bookcase Standard,260.62,1.0,0.0,73.54
3995,US-2024-101067,03-Nov-2024,2024-11-10,Daniel Garcia,Consumer,South,Technology,Accessories,Belkin Cable Deluxe,129.65,3.0,0.1,52.04
3996,US-2021-101788,06/09/2021,10-Sep-2021,Amit Nair,Consumer,East,Office Supplies,Fasteners,Bostitch Staples Standard,20.13,4.0,0.0,13.81
3997,US-2023-100856,09/20/2023,26/09/2023,Wei Garcia,Consumer,East,Office Supplies,Supplies,Stanley Hole Punch Pro,13.06,1.0,0.2,5.67
3998,US-2024-102535,06/07/2024,11/06/2024,Zoe Brown,Consumer,West,Office Supplies,Storage,IRIS Storage Box Classic,29.14,1.0,0.4,2.16
3999,US-2023-103279,2023-08-21,"August 27, 2023",Yusuf Lee,Consumer,East,Office Supplies,Art,Newell Scissors Classic,26.04,2.0,0.1,13.66
4000,US-2023-102292,08/28/2023,31/08/2023,Priya Young,Consumer,East,Office Supplies,Paper,HP Premium Paper Value,6.09,4.0,0.8,-5.37
4001,US-2021-100912,2021-05-03,"May 05, 2021",Arjun Garcia,Corporate,Central,Office Supplies,Appliances,Honeywell Fan Classic,418.65,2.0,0.0,155.69
4002,US-2022-101749,"February 11, 2022",02/15/2022,Hannah Walker,Consumer,Central,Technology,Copiers,Canon imageCLASS Copier Standard,1366.8,2.0,0.0,266.43
4003,US-2024-101914,"September 30, 2024",10/03/2024,Amit Thomas,Home Office,West,Office Supplies,Labels,Sharpie Label Tape Standard,45.77,4.0,0.0,30.32
4004,US-2024-100761,"September 02, 2024",09/08/2024,James Chen,Consumer,Central,Furniture,Tables,Bevis Table Classic,300.94,1.0,0.0,75.13
4005,US-2024-101477,21-Aug-2024,2024-08-24,Ethan Clark,Consumer,West,Office Supplies,Art,Sharpie Marker Set Pro,108.58,6.0,0.2,50.21
4006,US-2024-102225,"July 31, 2024",08/04/2024,Nina Garcia,Corporate,West,Office Supplies,Fasteners,ACCO Fasteners Pro,5.35,1.0,0.0,3.89
4007,US-2022-100354,21-Aug-2022,2022-08-27,Isabella Lee,Consumer,Central,Office Supplies,Appliances,Avanti Refrigerator Value,63.18,1.0,0.3,8.09
4008,US-2024-102862,"November 15, 2024",11/21/2024,Maria Wilson,Home Office,West,Office Supplies,Labels,Avery Label Set Standard,7.22,2.0,0.6,1.51
4009,US-2023-101019,09-Aug-2023,2023-08-14,Priya Young,Consumer,West,Office Supplies,Art,Sharpie Marker Set Standard,57.12,5.0,0.1,29.96
4010,US-2023-102499,07-Oct-2023,2023-10-12,Hannah Thomas,Home Office,East,Furniture,Tables,Bevis Table Pro,437.84,1.0,0.0,93.39
4011,US-2024-101319,06/12/2024,09-Dec-2024,Amit Young,Consumer,West,Technology,Copiers,Canon imageCLASS Copier Deluxe,2791.4,3.0,0.4,-1031.09
4012,US-2024-100569,2024-09-10,"September 17, 2024",Kavya Walker,Consumer,East,Office Supplies,Supplies,Stanley Hole Punch Value,104.77,3.0,0.1,51.01
4013,US-2024-101544,16/12/2024,19-Dec-2024,Daniel Anderson,Corporate,Central,Office Supplies,Storage,Fellowes File Cart Deluxe,317.16,6.0,0.6,-132.09
4014,US-2022-102941,02-Nov-2022,2022-11-04,Nina Lee,Consumer,South,Furniture,Furnishings,Tenex Chairmat Classic,25.99,1.0,0.4,1.96
4015,US-2021-102710,12/31/2021,05/01/2022,Amit Rodriguez,Consumer,Central,Furniture,Tables,Bretford Conference Table Classic,252.86,1.0,,-62.58
4016,US-2022-102991,07/16/2022,19/07/2022,Yusuf Thomas,Home Office,East,Office Supplies,Storage,SAFCO Storage Bin Deluxe,37.84,2.0,0.0,16.83
4017,US-2022-103299,18/08/2022,23-Aug-2022,Emma Martinez,Home Office,West,Technology,Accessories,Logitech Mouse Deluxe,,1.0,0.1,23.22
4018,US-2022-101711,27-May-2022,2022-05-31,Wei Garcia,Consumer,East,Office Supplies,Art,Prismacolor Pencils Classic,49.63,4.0,0.1,27.27
4019,US-2021-100232,"June 13, 2021",06/16/2021,Mateo Anderson,Consumer,East,Furniture,Tables,Chromcraft Round Table Value,967.76,3.0,0.2,64.47
4020,US-2023-101243,02/20/2023,23/02/2023,Mateo Lee,Corporate,East,Office Supplies,Paper,HP Premium Paper Standard,32.66,4.0,0.15,17.82
4021,US-2024-103201,"May 21, 2024",05/24/2024,Nina Garcia,Consumer,Central,Technology,Copiers,Canon imageCLASS Copier Value,1173.16,1.0,0.15,82.81
4022,US-2022-101183,30-Jan-2022,2022-02-02,Ananya Patel,Consumer,West,Furniture,Bookcases,O'Sullivan Bookcase Standard,145.7,1.0,0.0,36.16
4023,US-2022-100093,"May 15, 2022",05/19/2022,Nina Rodriguez,Corporate,West,Office Supplies,Fasteners,ACCO Fasteners Pro,10.56,2.0,0.15,6.23
4024,US-2024-101039,"August 18, 2024",08/22/2024,Daniel Davis,Consumer,Central,Furniture,Tables,Bevis Table Deluxe,1348.49,3.0,0.0,349.92
4025,US-2024-101746,23/12/2024,28-Dec-2024,Sofia King,Consumer,East,Furniture,Tables,Bevis Table Standard,321.58,1.0,0.0,78.74
4026,US-2022-102343,"January 30, 2022",02/05/2022,Sofia Kumar,Consumer,East,Technology,Machines,Zebra Label Printer Standard,661.19,1.0,0.3,-65.96
4027,US-2022-102573,06/29/2022,02/07/2022,Ravi Clark,Consumer,South,Office Supplies,Appliances,Hoover Vacuum Classic,139.11,2.0,0.1,43.42
4028,US-2024-100538,27-Dec-2024,2025-01-01,Grace Johnson,Home Office,Central,Office Supplies,Art,Prismacolor Pencils Pro,6.52,1.0,0.5,1.27
4029,US-2021-100207,11-Jul-2021,2021-07-18,Grace Clark,Corporate,South,Office Supplies,Labels,Sharpie Label Tape Deluxe,5.66,2.0,0.7,-0.81
4030,US-2022-100737,2022-03-15,"March 20, 2022",Ravi Young,Consumer,East,Office Supplies,Envelopes,Kraft Clasp Envelope Classic,45.5,6.0,0.5,8.49
4031,US-2021-103149,06-Jan-2021,2021-01-09,Amit Clark,Corporate,Central,Office Supplies,Paper,HP Premium Paper Deluxe,51.27,4.0,0.15,29.14
4032,US-2021-102770,13/08/2021,15-Aug-2021,Wei Clark,Corporate,East,Furniture,Tables,Bevis Table Value,550.61,2.0,0.0,133.29
4033,US-2023-101283,2023-05-17,"May 23, 2023",Sofia Clark,Consumer,West,Technology,Accessories,Belkin Cable Pro,111.18,3.0,0.0,56.17
4034,US-2021-100257,06/08/2021,10-Aug-2021,Mateo Davis,Consumer,Central,Technology,Copiers,Canon imageCLASS Copier Pro,3120.46,5.0,0.4,-975.38
4035,US-2022-103330,"January 12, 2022",01/18/2022,Grace Rodriguez,Consumer,East,Office Supplies,Art,Prismacolor Pencils Standard,14.37,1.0,0.1,7.76
4036,US-2021-100446,06/10/2021,09-Oct-2021,Nina King,Consumer,South,Technology,Phones,Apple iPhone Accessory Standard,408.48,1.0,0.0,126.84
4037,US-2024-101033,01-Dec-2024,2024-12-06,Arjun Walker,Home Office,South,Furniture,Tables,Chromcraft Round Table Standard,597.88,2.0,0.0,137.22
4038,US-2023-101784,05/16/2023,17/05/2023,Nina Johnson,Corporate,Central,Furniture,Tables,Chromcraft Round Table Pro,259.23,2.0,0.3,-34.08
4039,US-2021-102241,06/12/2021,13-Dec-2021,Kenji Nair,Consumer,South,Office Supplies,Appliances,Hoover Vacuum Classic,208.93,3.0,0.3,35.12
4040,US-2023-100327,2023-09-08,"September 12, 2023",Kenji Davis,Consumer,West,Technology,Machines,Lexmark Printer Deluxe,613.56,1.0,0.0,135.1
4041,US-2023-101753,2023-08-01,"August 05, 2023",Wei Davis,Consumer,Central,Office Supplies,Envelopes,Poly String Envelope Classic,105.42,5.0,0.0,65.15
4042,US-2021-100180,11/19/2021,23/11/2021,Nina Wright,Corporate,West,Office Supplies,Storage,IRIS Storage Box Standard,519.85,6.0,0.15,176.13
4043,US-2024-102054,"July 25, 2024",07/29/2024,Zoe King,Home Office,East,Office Supplies,Envelopes,Kraft Clasp Envelope Value,68.56,5.0,0.1,37.56
4044,US-2023-100321,"August 28, 2023",08/31/2023,Emma Davis,Home Office,East,Office Supplies,Fasteners,ACCO Fasteners Value,13.11,2.0,0.2,8.23
4045,US-2021-100393,03/08/2021,12/03/2021,Arjun Davis,Home Office,East,Office Supplies,Supplies,Elmer's Glue Pack Deluxe,96.15,3.0,0.1,46.63
4046,US-2023-102284,13/09/2023,19-Sep-2023,Yusuf Wright,Consumer,South,Furniture,Bookcases,Bush Classic Bookcase Deluxe,541.02,3.0,0.0,177.26
4047,US-2021-101007,24/07/2021,27-Jul-2021,Hannah Brown,Corporate,Central,Office Supplies,Envelopes,Kraft Clasp Envelope Classic,36.5,2.0,0.0,22.71
4048,US-2024-101191,29/09/2024,03-Oct-2024,Priya Rodriguez,Consumer,East,Technology,Accessories,Belkin Cable Value,214.9,5.0,0.0,106.22
4049,US-2021-102210,2021-10-18,"October 21, 2021",Amit Clark,Consumer,Central,Technology,Copiers,Hewlett Packard Copier Deluxe,1172.01,1.0,0.2,23.16
4050,US-2023-102339,"September 02, 2023",09/05/2023,Hannah Wilson,Corporate,Central,Furniture,Furnishings,Eldon Desk Lamp Classic,52.4,1.0,0.1,
4051,US-2024-100178,09/08/2024,11/09/2024,Ravi Chen,Consumer,East,Office Supplies,Binders,Wilson Jones Binder Standard,41.05,2.0,0.0,24.39
4052,US-2022-101398,2022-05-03,"May 07, 2022",Olivia Johnson,Corporate,West,Office Supplies,Binders,GBC Binding System Deluxe,46.12,2.0,0.0,27.49
4053,US-2021-100412,04/09/2021,07-Sep-2021,Amit Clark,Consumer,Central,Office Supplies,Binders,GBC Binding System Standard,107.44,6.0,0.15,53.96
4054,US-2021-101409,02/12/2021,17/02/2021,Ananya Smith,Consumer,South,Office Supplies,Storage,Fellowes File Cart Deluxe,276.21,3.0,0.0,113.3
4055,US-2023-102232,07-Apr-2023,2023-04-08,Mateo Wright,Consumer,Central,Office Supplies,Fasteners,Bostitch Staples Value,8.64,1.0,0.0,6.33
4056,US-2022-102289,22/10/2022,29-Oct-2022,Grace Martinez,Home Office,South,Office Supplies,Fasteners,ACCO Fasteners Standard,12.8,2.0,0.15,8.58
4057,US-2024-101150,12-Jan-2024,2024-01-19,Sofia Davis,Consumer,East,Office Supplies,Supplies,Elmer's Glue Pack Value,39.14,3.0,0.5,2.79
4058,US-2022-100407,05/12/2022,08-Dec-2022,Laura Johnson,Home Office,South,Office Supplies,Storage,Fellowes File Cart Deluxe,91.86,1.0,0.0,37.62
4059,US-2023-102055,23-Dec-2023,2023-12-25,James Wilson,Corporate,Central,Technology,Phones,Apple iPhone Accessory Classic,415.38,3.0,0.6,-354.66
4060,US-2023-100443,26/04/2023,30-Apr-2023,Hannah Martinez,Corporate,West,Office Supplies,Appliances,Avanti Refrigerator Deluxe,64.34,1.0,0.5,-15.85
4061,US-2024-102192,"June 16, 2024",06/19/2024,James Kumar,Consumer,East,Office Supplies,Envelopes,Kraft Clasp Envelope Standard,60.56,4.0,0.1,35.99
4062,US-2024-101934,"December 07, 2024",12/14/2024,Isabella Clark,Consumer,West,Furniture,Bookcases,O'Sullivan Bookcase Standard,454.54,2.0,0.2,46.42
4063,US-2022-102468,27-Apr-2022,2022-05-04,Laura Young,Home Office,Central,Office Supplies,Art,Sharpie Marker Set Classic,32.96,2.0,0.0,18.65
4064,US-2023-100756,08/23/2023,24/08/2023,James Thomas,Corporate,South,Office Supplies,Paper,Boise Copy Paper Value,19.43,2.0,0.15,11.82
4065,US-2023-102630,21-Apr-2023,2023-04-26,Maria Thomas,Consumer,Central,Furniture,Furnishings,Tenex Chairmat Deluxe,85.65,2.0,0.3,21.36
4066,US-2022-102572,"December 25, 2022",12/31/2022,Kavya Chen,Consumer,South,Office Supplies,Storage,Fellowes File Cart Standard,359.05,4.0,0.1,121.52
4067,US-2022-102991,16/07/2022,19-Jul-2022,Yusuf Thomas,Home Office,East,Office Supplies,Art,Prismacolor Pencils Classic,15.83,1.0,0.1,8.08
4068,US-2021-102167,2021-12-04,"December 07, 2021",Emma Clark,Home Office,Central,Office Supplies,Art,Newell Scissors Classic,72.82,4.0,0.0,43.83
4069,US-2023-101280,19/05/2023,24-May-2023,Carlos Davis,Corporate,Central,Technology,Machines,Lexmark Printer Standard,953.13,3.0,0.3,-103.37
4070,US-2024-101855,"October 20, 2024",10/26/2024,Mia Walker,Consumer,Central,Technology,Accessories,Belkin Cable Classic,177.53,5.0,0.0,91.11
4071,US-2022-101839,02/27/2022,04/03/2022,Emma Garcia,Consumer,West,Furniture,Tables,Bevis Table Standard,1621.14,4.0,0.2,165.73
4072,US-2023-101817,2023-04-18,"April 22, 2023",James Thomas,Consumer,East,Technology,Machines,Cubify 3D Printer Value,1565.33,2.0,0.0,332.04
4073,US-2022-100577,2022-08-10,"August 14, 2022",Yusuf Wilson,Corporate,West,Office Supplies,Binders,Acco Binder Pro,14.52,1.0,0.4,5.33
4074,US-2023-100010,"July 18, 2023",07/21/2023,Grace Martinez,Consumer,South,Office Supplies,Binders,GBC Binding System Pro,57.47,3.0,0.0,34.84
4075,US-2022-100519,"May 08, 2022",05/11/2022,Laura Johnson,Consumer,East,Furniture,Furnishings,Tenex Chairmat Pro,36.93,1.0,0.0,17.21
4076,US-2021-102271,04/02/2021,06/04/2021,Olivia Thomas,Consumer,West,Office Supplies,Storage,SAFCO Storage Bin Value,34.51,1.0,0.6,-16.57
4077,US-2023-100480,"September 09, 2023",09/12/2023,Omar King,Consumer,Central,Furniture,Bookcases,Sauder Bookcase Pro,368.02,1.0,0.15,50.34
4078,US-2024-101922,"January 13, 2024",01/20/2024,Daniel Clark,Home Office,East,Technology,Machines,Lexmark Printer Standard,880.39,1.0,0.1,87.61
4079,US-2024-100298,01/08/2024,04-Aug-2024,Kenji Anderson,Corporate,East,Furniture,Tables,Bevis Table Deluxe,1717.43,6.0,0.4,-324.61
4080,US-2021-103020,18/08/2021,22-Aug-2021,Maria Young,Corporate,Central,Office Supplies,Paper,Boise Copy Paper Standard,58.83,5.0,0.0,38.54
4081,US-2024-100235,23/10/2024,28-Oct-2024,Sofia Smith,Home Office,South,Furniture,Chairs,Harbour Creations Chair Pro,647.66,3.0,0.0,229.85
4082,US-2024-102531,09/28/2024,02/10/2024,Lucas Martinez,Corporate,East,Office Supplies,Binders,Acco Binder Value,20.86,1.0,0.0,12.19
4083,US-2023-102159,2023-08-31,"September 04, 2023",Ravi Walker,Corporate,West,Technology,Machines,Cubify 3D Printer Standard,544.83,1.0,0.1,76.53
4084,US-2021-103325,03/29/2021,02/04/2021,Ethan Johnson,Consumer,West,Office Supplies,Paper,Xerox Multipurpose Paper Value,27.32,4.0,0.0,17.31
4085,US-2022-102930,05/16/2022,17/05/2022,Ethan Garcia,Consumer,East,Technology,Accessories,Belkin Cable Deluxe,394.04,6.0,0.0,198.15
4086,US-2024-100117,04-Oct-2024,2024-10-09,Ananya Kumar,Corporate,Central,Office Supplies,Labels,Sharpie Label Tape Pro,,2.0,0.4,5.24
4087,US-2024-102460,"January 13, 2024",01/14/2024,Liam Chen,Home Office,Central,Office Supplies,Binders,Acco Binder Deluxe,3.95,1.0,0.7,-1.06
4088,US-2022-100266,"July 27, 2022",07/31/2022,Zoe Wright,Consumer,East,Furniture,Bookcases,Sauder Bookcase Standard,120.81,1.0,0.5,-49.13
4089,US-2022-101228,01/11/2022,05-Nov-2022,Amit Clark,Home Office,South,Technology,Copiers,Canon imageCLASS Copier Standard,5523.74,4.0,0.0,1136.94
4090,US-2022-101454,2022-12-25,"December 30, 2022",Wei Chen,Home Office,East,Office Supplies,Binders,Wilson Jones Binder Classic,16.82,2.0,0.4,5.33
4091,US-2024-100144,2024-06-25,"July 02, 2024",Arjun Garcia,Consumer,West,Technology,Phones,Cisco IP Phone Standard,1340.54,4.0,0.1,282.03
4092,US-2021-100063,2021-12-14,"December 17, 2021",Yusuf Chen,Consumer,South,Furniture,Tables,Bretford Conference Table Deluxe,481.23,1.0,0.0,132.55
4093,US-2021-102658,05-May-2021,2021-05-09,Omar Chen,Home Office,East,Office Supplies,Art,Newell Scissors Standard,39.94,3.0,0.0,22.59
4094,US-2024-100664,21-Jul-2024,2024-07-25,Omar Davis,Consumer,South,Furniture,Chairs,Global Deluxe Chair Classic,1491.0,6.0,0.0,455.53
4095,US-2024-102743,02-Dec-2024,2024-12-06,Chloe Davis,Corporate,Central,Furniture,Bookcases,Sauder Bookcase Deluxe,150.99,1.0,0.0,38.95
4096,US-2022-101123,"March 16, 2022",03/22/2022,Ethan Chen,Home Office,Central,Office Supplies,Labels,Sharpie Label Tape Value,20.02,2.0,0.0,13.54
4097,US-2022-101020,"February 18, 2022",02/20/2022,Sofia Wilson,Consumer,East,Furniture,Chairs,Hon Task Chair Pro,429.88,2.0,0.15,81.15
4098,US-2021-102358,07/11/2021,15/07/2021,Arjun Wilson,Corporate,East,Furniture,Chairs,Hon Task Chair Deluxe,80.71,1.0,0.6,-53.11
4099,US-2024-100424,2024-07-11,"July 15, 2024",Hannah Walker,Corporate,West,Office Supplies,Art,Sharpie Marker Set Classic,32.28,2.0,0.15,17.39
4100,US-2024-100325,11-Oct-2024,2024-10-15,Daniel Wright,Consumer,South,Office Supplies,Storage,Fellowes File Cart Deluxe,277.0,3.0,0.15,79.67
4101,US-2022-100855,15/09/2022,19-Sep-2022,Carlos King,Consumer,Central,Furniture,Chairs,Harbour Creations Chair Standard,469.16,2.0,0.0,148.12
4102,US-2022-101359,2022-12-25,"December 31, 2022",Maria Clark,Consumer,Central,Technology,Copiers,Hewlett Packard Copier Deluxe,5518.29,3.0,0.2,19.97
4103,US-2022-101889,26/02/2022,05-Mar-2022,Nina Lee,Consumer,East,Office Supplies,Appliances,Hoover Vacuum Deluxe,701.52,6.0,0.0,280.67
4104,US-2021-103218,2021-11-24,"November 28, 2021",Kavya Wilson,Consumer,South,Office Supplies,Fasteners,Bostitch Staples Deluxe,9.46,2.0,0.0,6.79
4105,US-2022-101149,2022-09-16,"September 21, 2022",Kavya Clark,Home Office,Central,Technology,Copiers,Canon imageCLASS Copier Value,1309.66,1.0,0.2,28.47
4106,US-2021-100373,20/02/2021,26-Feb-2021,Priya Patel,Consumer,West,Office Supplies,Envelopes,Kraft Clasp Envelope Standard,14.29,2.0,0.4,4.1
4107,US-2024-100184,05/12/2024,16/05/2024,Maria Smith,Home Office,Central,Office Supplies,Paper,HP Premium Paper Deluxe,41.07,6.0,0.4,16.9
4108,US-2021-103168,01/15/2021,20/01/2021,Sofia Anderson,Corporate,Central,Office Supplies,Supplies,Stanley Hole Punch Value,158.77,6.0,0.0,89.42
4109,US-2024-100248,24-Oct-2024,2024-10-29,Lucas Martinez,Consumer,Central,Office Supplies,Binders,Wilson Jones Binder Value,58.0,5.0,0.0,36.08
4110,US-2024-103209,18-Jan-2024,2024-01-23,Chloe Patel,Consumer,Central,Office Supplies,Envelopes,Kraft Clasp Envelope Value,16.68,2.0,0.0,10.0
4111,US-2024-100060,2024-10-19,"October 21, 2024",Carlos Kumar,Consumer,West,Office Supplies,Envelopes,Kraft Clasp Envelope Value,71.13,5.0,0.2,34.06
4112,US-2023-101826,11/14/2023,19/11/2023,Grace Rodriguez,Home Office,Central,Technology,Machines,Lexmark Printer Value,553.23,2.0,0.2,17.51
4113,US-2024-101297,20/10/2024,22-Oct-2024,Ethan Davis,Home Office,Central,Office Supplies,Fasteners,Bostitch Staples Value,7.15,1.0,0.15,4.64
4114,US-2023-101017,25/04/2023,28-Apr-2023,Arjun Anderson,Consumer,East,Office Supplies,Binders,GBC Binding System Value,13.1,1.0,0.1,7.06
4115,US-2021-100050,29/12/2021,02-Jan-2022,Laura Clark,Consumer,West,Furniture,Bookcases,Sauder Bookcase Pro,190.29,1.0,0.2,22.65
4116,US-2022-101341,10/10/2022,13/10/2022,,Corporate,South,Furniture,Furnishings,Eldon Desk Lamp Value,46.61,2.0,0.3,11.27
4117,US-2021-101906,14/07/2021,18-Jul-2021,Hannah Lee,Corporate,East,Furniture,Tables,Bevis Table Standard,624.18,2.0,0.2,49.8
4118,US-2024-102533,14/08/2024,18-Aug-2024,Wei King,Home Office,East,Technology,Accessories,Logitech Mouse Classic,32.54,1.0,0.2,13.52
4119,US-2022-101164,29/07/2022,03-Aug-2022,Priya Wright,Corporate,South,Furniture,Chairs,Hon Task Chair Deluxe,568.05,3.0,0.2,66.96
4120,US-2022-102429,08/05/2022,11-May-2022,Kavya Anderson,Home Office,East,Furniture,Tables,Bevis Table Standard,1079.11,4.0,0.4,-303.72
4121,US-2024-101708,"January 25, 2024",01/28/2024,Hannah Patel,Consumer,Central,Furniture,Bookcases,Bush Classic Bookcase Deluxe,227.15,1.0,0.0,72.22
4122,US-2021-100002,10/13/2021,19/10/2021,Carlos Patel,Consumer,East,Furniture,Bookcases,O'Sullivan Bookcase Classic,97.12,1.0,0.0,29.04
4123,US-2021-100556,2021-04-22,"April 25, 2021",James Kumar,Home Office,Central,Office Supplies,Supplies,Elmer's Glue Pack Classic,26.28,1.0,0.1,14.17
4124,US-2023-103040,11/10/2023,16/11/2023,Carlos Wright,Corporate,Central,Office Supplies,Paper,HP Premium Paper Deluxe,52.32,6.0,0.3,27.51
4125,US-2022-101634,2022-06-22,"June 24, 2022",Omar King,Consumer,East,Technology,Machines,Cubify 3D Printer Pro,765.31,1.0,0.0,174.41
4126,US-2024-100346,12/30/2024,02/01/2025,Zoe Lee,Corporate,Central,Furniture,Tables,Chromcraft Round Table Deluxe,222.08,1.0,0.4,-42.16
4127,US-2023-102720,"April 11, 2023",04/15/2023,Amit Wilson,Consumer,East,Office Supplies,Supplies,Elmer's Glue Pack Standard,63.0,3.0,0.2,29.01
4128,US-2023-101765,01/04/2023,11/01/2023,Olivia Kumar,Consumer,South,Office Supplies,Fasteners,ACCO Fasteners Standard,8.62,2.0,0.4,4.13
4129,US-2023-101465,"May 31, 2023",06/01/2023,Priya Brown,Corporate,South,Office Supplies,Storage,Fellowes File Cart Standard,167.9,2.0,0.0,68.63
4130,US-2024-100935,08/13/2024,18/08/2024,Mateo Clark,Corporate,Central,Office Supplies,Envelopes,Poly String Envelope Pro,123.82,6.0,0.0,73.4
4131,US-2024-103165,"October 18, 2024",10/25/2024,Daniel King,Consumer,East,Office Supplies,Art,Sharpie Marker Set Classic,2.68,1.0,0.8,-2.96
4132,US-2022-100122,"May 06, 2022",05/13/2022,Hannah Kumar,Consumer,Central,Office Supplies,Envelopes,Poly String Envelope Value,5.16,1.0,0.0,3.21
4133,US-2022-100462,"July 08, 2022",07/12/2022,Sofia Smith,Consumer,East,Office Supplies,Storage,SAFCO Storage Bin Standard,615.31,5.0,0.0,287.27
4134,US-2021-102105,11/08/2021,12/11/2021,Mia Smith,Home Office,Central,Office Supplies,Paper,Boise Copy Paper Pro,45.81,4.0,0.1,28.28
4135,US-2023-101222,"May 22, 2023",05/24/2023,Yusuf Lee,Home Office,West,Office Supplies,Supplies,Elmer's Glue Pack Pro,30.15,2.0,0.0,17.09
4136,US-2024-103060,08/07/2024,09/08/2024,Isabella Young,Home Office,Central,Office Supplies,Supplies,Stanley Hole Punch Standard,44.87,2.0,0.0,24.22
4137,US-2021-100932,14-Jun-2021,2021-06-17,Ravi Kumar,Home Office,Central,Office Supplies,Binders,GBC Binding System Standard,19.92,2.0,,8.23
4138,US-2023-100098,2023-04-09,"April 14, 2023",Hannah Davis,Corporate,West,Furniture,Tables,Chromcraft Round Table Classic,202.59,1.0,0.3,-17.53
4139,US-2022-102152,08/24/2022,27/08/2022,Amit Kumar,Consumer,South,Office Supplies,Storage,SAFCO Storage Bin Value,71.14,1.0,0.0,30.8
4140,US-2024-102595,05-Oct-2024,2024-10-11,Isabella Young,Consumer,West,Office Supplies,Storage,IRIS Storage Box Pro,197.59,2.0,0.0,82.37
4141,US-2023-101203,"September 29, 2023",10/06/2023,Noah Chen,Consumer,Central,Office Supplies,Fasteners,ACCO Fasteners Deluxe,19.75,3.0,0.15,12.73
4142,US-2024-100158,"September 19, 2024",09/23/2024,Noah Wright,Corporate,Central,Office Supplies,Storage,Fellowes File Cart Pro,55.53,2.0,0.7,-47.29
4143,US-2023-102325,2023-02-27,"March 02, 2023",Emma Young,Home Office,South,Furniture,Chairs,Hon Task Chair Pro,64.64,2.0,0.7,-73.78
4144,US-2021-102708,10/07/2021,14/10/2021,Isabella Chen,Home Office,South,Technology,Accessories,Belkin Cable Standard,40.3,1.0,0.1,18.52
4145,US-2023-102281,"May 24, 2023",05/30/2023,Noah Kumar,Corporate,West,Technology,Accessories,Logitech Mouse Pro,23.02,1.0,0.5,0.35
4146,US-2021-100227,31/03/2021,04-Apr-2021,Omar Brown,Consumer,West,Office Supplies,Storage,SAFCO Storage Bin Pro,109.24,1.0,0.2,33.81
4147,US-2021-100343,"April 25, 2021",04/30/2021,Grace Smith,Corporate,East,Office Supplies,Art,Prismacolor Pencils Pro,17.73,2.0,0.3,6.77
4148,US-2024-100187,2024-12-24,"December 31, 2024",Grace Clark,Consumer,South,Office Supplies,Storage,SAFCO Storage Bin Deluxe,91.17,1.0,0.0,37.0
4149,US-2021-103126,02/06/2021,07/02/2021,Olivia Lee,Home Office,West,Office Supplies,Appliances,Hoover Vacuum Standard,585.24,4.0,0.15,140.74
4150,US-2023-103224,30/05/2023,02-Jun-2023,Maria Garcia,Home Office,West,Furniture,Furnishings,Tenex Chairmat Pro,70.9,1.0,0.0,29.83
4151,US-2021-100301,2021-06-17,"June 19, 2021",Lucas Rodriguez,Consumer,South,Office Supplies,Supplies,Stanley Hole Punch Value,14.75,1.0,0.2,6.73
4152,US-2024-101044,"November 20, 2024",11/23/2024,Ravi Brown,Consumer,East,Office Supplies,Envelopes,Poly String Envelope Standard,11.78,1.0,0.0,7.22
4153,US-2024-101116,2024-07-08,"July 09, 2024",Lucas Martinez,Corporate,East,Furniture,Furnishings,Tenex Chairmat Value,262.0,5.0,0.1,105.0
4154,US-2022-102388,2022-02-02,"February 03, 2022",Zoe Walker,Corporate,Central,Technology,Copiers,Canon imageCLASS Copier Deluxe,898.57,2.0,0.4,-281.9
4155,US-2024-102006,17/05/2024,22-May-2024,Lucas Anderson,Home Office,East,Office Supplies,Supplies,Stanley Hole Punch Deluxe,22.04,2.0,0.4,6.59
4156,US-2024-101349,"April 28, 2024",05/03/2024,Liam Wilson,Consumer,Central,Technology,Machines,Zebra Label Printer Deluxe,1155.6,2.0,0.1,150.24
4157,US-2024-101938,23/02/2024,27-Feb-2024,Daniel King,Corporate,South,Office Supplies,Art,Prismacolor Pencils Value,68.22,5.0,0.1,35.82
4158,US-2021-100306,01/07/2021,10/01/2021,Carlos Brown,Corporate,Central,Office Supplies,Appliances,Hoover Vacuum Classic,86.67,1.0,0.2,24.21
4159,US-2021-101770,10/13/2021,17/10/2021,Liam Thomas,Corporate,South,Office Supplies,Binders,GBC Binding System Classic,74.24,4.0,0.0,44.68
4160,US-2023-102351,21/05/2023,25-May-2023,Sofia Wright,Corporate,West,Office Supplies,Fasteners,Bostitch Staples Pro,14.48,2.0,0.2,8.84
4161,US-2021-100411,29-Sep-2021,2021-10-05,Kavya Davis,Home Office,West,Office Supplies,Supplies,Elmer's Glue Pack Standard,25.97,1.0,0.0,14.11
4162,US-2024-103186,02-Aug-2024,2024-08-04,Maria Wright,Corporate,South,Office Supplies,Envelopes,Kraft Clasp Envelope Classic,12.23,3.0,0.7,-1.94
4163,US-2022-102189,"November 23, 2022",11/26/2022,Daniel Wilson,Corporate,South,Technology,Accessories,SanDisk USB Drive Deluxe,219.36,4.0,0.0,108.23
4164,US-2023-100627,2023-06-20,"June 23, 2023",Sofia Davis,Consumer,West,Office Supplies,Appliances,Avanti Refrigerator Pro,157.43,2.0,0.0,62.41
4165,US-2024-100346,2024-12-30,"January 02, 2025",Zoe Lee,Corporate,Central,Office Supplies,Paper,Boise Copy Paper Classic,15.43,3.0,0.4,6.85
4166,US-2021-100301,17/06/2021,19-Jun-2021,Lucas Rodriguez,Consumer,South,Office Supplies,Appliances,Hoover Vacuum Value,239.35,3.0,0.0,104.49
4167,US-2024-102029,2024-12-11,"December 14, 2024",Sofia Anderson,Consumer,Central,Furniture,Tables,Bretford Conference Table Value,899.37,2.0,0.0,246.48
4168,US-2021-102217,11/16/2021,18/11/2021,Amit Garcia,Corporate,East,Office Supplies,Envelopes,Kraft Clasp Envelope Deluxe,16.32,2.0,0.1,9.4
4169,US-2023-102787,19-Jul-2023,2023-07-23,Noah Garcia,Consumer,West,Technology,Machines,Lexmark Printer Deluxe,866.38,1.0,0.0,238.02
4170,US-2022-100956,16-Jan-2022,2022-01-20,Zoe Lee,Corporate,Central,Office Supplies,Envelopes,Kraft Clasp Envelope Standard,40.19,3.0,0.0,25.22
4171,US-2022-102177,2022-12-03,"December 09, 2022",Mia Walker,Consumer,East,Office Supplies,Supplies,Stanley Hole Punch Pro,32.01,2.0,0.2,14.29
4172,US-2022-103216,20-Aug-2022,2022-08-25,Kavya Brown,Corporate,South,Office Supplies,Paper,Xerox Multipurpose Paper Classic,12.93,1.0,0.0,8.19
4173,US-2024-101076,14/04/2024,20-Apr-2024,Wei Walker,Home Office,Central,Office Supplies,Binders,Acco Binder Classic,95.35,6.0,0.2,48.41
4174,US-2024-100470,04/16/2024,20/04/2024,Hannah Garcia,Consumer,Central,Furniture,Bookcases,Bush Classic Bookcase Classic,688.25,2.0,0.2,84.22
4175,US-2024-100471,15-Apr-2024,2024-04-18,Ananya Thomas,Consumer,South,Furniture,Tables,Chromcraft Round Table Deluxe,702.55,6.0,0.7,-996.22
4176,US-2022-102782,20-Feb-2022,2022-02-23,Ananya Clark,Home Office,,Office Supplies,Storage,SAFCO Storage Bin Classic,53.4,1.0,0.5,-4.37
4177,US-2022-101106,2022-08-11,"August 17, 2022",Lucas Kumar,Corporate,West,Furniture,Furnishings,Tenex Chairmat Deluxe,56.15,1.0,0.15,19.43
4178,US-2023-101185,2023-09-13,"September 16, 2023",Carlos Wright,Corporate,Central,Technology,Copiers,Canon imageCLASS Copier Deluxe,1251.95,2.0,0.0,252.99
4179,US-2022-101944,"June 04, 2022",06/05/2022,Chloe Martinez,Corporate,West,Office Supplies,Fasteners,ACCO Fasteners Pro,7.56,2.0,0.4,3.51
4180,US-2024-102169,"October 07, 2024",10/10/2024,Carlos Martinez,Home Office,East,Office Supplies,Paper,Boise Copy Paper Deluxe,15.43,2.0,0.3,8.3
4181,US-2024-100554,"March 26, 2024",03/30/2024,Carlos King,Consumer,Central,Furniture,Bookcases,Bush Classic Bookcase Deluxe,816.79,2.0,0.0,238.48
4182,US-2024-102387,"November 07, 2024",11/11/2024,Grace Johnson,Corporate,East,Furniture,Chairs,Hon Task Chair Pro,54.85,1.0,0.6,-37.89
4183,US-2022-103132,28/10/2022,30-Oct-2022,Emma Wilson,Corporate,West,Office Supplies,Envelopes,Kraft Clasp Envelope Standard,32.0,2.0,0.2,16.91
4184,US-2022-102510,24/03/2022,28-Mar-2022,Omar Kumar,Consumer,East,Office Supplies,Supplies,Stanley Hole Punch Deluxe,51.05,2.0,0.0,28.96
4185,US-2021-102418,08/10/2021,14/08/2021,Sofia Davis,Corporate,West,Office Supplies,Envelopes,Poly String Envelope Classic,31.35,2.0,0.0,19.83
4186,US-2024-102471,07/09/2024,11/07/2024,Yusuf Rodriguez,Corporate,West,Office Supplies,Supplies,Stanley Hole Punch Value,75.75,3.0,0.15,33.66
4187,US-2022-100590,"November 10, 2022",11/16/2022,Chloe Anderson,Consumer,East,Office Supplies,Paper,Boise Copy Paper Value,11.52,1.0,0.0,7.28
4188,US-2022-102962,2022-10-29,"November 02, 2022",Hannah Smith,Consumer,East,Office Supplies,Art,Newell Scissors Standard,7.76,1.0,0.0,4.68
4189,US-2022-102075,"October 03, 2022",10/08/2022,Grace Nair,Consumer,South,Office Supplies,Envelopes,Kraft Clasp Envelope Value,50.98,3.0,0.0,31.41
4190,US-2024-103081,28/02/2024,01-Mar-2024,James Smith,Corporate,West,Furniture,Furnishings,Eldon Desk Lamp Value,65.54,1.0,0.0,29.95
4191,US-2021-102274,"March 25, 2021",03/26/2021,Emma Rodriguez,Consumer,East,Office Supplies,Paper,HP Premium Paper Standard,15.53,1.0,0.0,9.65
4192,US-2022-102835,2022-05-17,"May 20, 2022",Wei Patel,Consumer,East,Furniture,Tables,Bretford Conference Table Deluxe,74.88,1.0,0.6,-64.27
4193,US-2022-101858,"September 18, 2022",09/21/2022,,Consumer,East,Furniture,Furnishings,Eldon Desk Lamp Deluxe,86.12,2.0,0.15,32.76
4194,US-2021-101896,2021-01-19,"January 23, 2021",Liam Walker,Corporate,West,Technology,Machines,Cubify 3D Printer Classic,1419.3,2.0,0.0,271.48
4195,US-2022-101923,10/22/2022,25/10/2022,Liam Anderson,Consumer,South,Office Supplies,Storage,Fellowes File Cart Pro,252.87,4.0,0.15,90.29
4196,US-2022-102733,02/08/2022,05-Aug-2022,Maria Nair,Consumer,West,Technology,Phones,Samsung Galaxy Dock Deluxe,954.58,4.0,0.4,-154.07
4197,US-2021-100657,"July 04, 2021",07/08/2021,Mia Anderson,Home Office,South,Office Supplies,Supplies,Elmer's Glue Pack Pro,17.64,1.0,0.3,5.43
4198,US-2021-102805,12-Jun-2021,2021-06-13,Chloe Young,Consumer,South,Technology,Copiers,Canon imageCLASS Copier Value,1641.9,1.0,0.0,322.33
4199,US-2023-101707,30/05/2023,05-Jun-2023,Wei Davis,Home Office,Central,Office Supplies,Fasteners,Bostitch Staples Value,4.88,1.0,0.0,3.5
4200,US-2024-100528,03/12/2024,15/03/2024,Laura Rodriguez,Corporate,East,Office Supplies,Binders,GBC Binding System Deluxe,21.39,1.0,0.0,12.57
4201,US-2024-103318,2024-01-09,"January 16, 2024",Ethan Brown,Home Office,East,Furniture,Bookcases,Bush Classic Bookcase Pro,652.71,2.0,0.15,92.86
4202,US-2023-102629,12/23/2023,26/12/2023,Kavya Wilson,Consumer,East,Furniture,Furnishings,Tenex Chairmat Classic,103.79,2.0,0.2,
4203,US-2024-100298,2024-08-01,"August 04, 2024",Kenji Anderson,Corporate,East,Office Supplies,Paper,Xerox Multipurpose Paper Classic,14.51,2.0,0.1,9.44
4204,US-2021-103109,"January 19, 2021",01/22/2021,Mia Thomas,Corporate,West,Office Supplies,Envelopes,Poly String Envelope Value,79.52,6.0,0.0,47.24
4205,US-2024-100860,"July 29, 2024",08/01/2024,Sofia Brown,Consumer,Central,Office Supplies,Envelopes,Kraft Clasp Envelope Value,60.68,4.0,0.2,30.8
4206,US-2023-102143,"September 07, 2023",09/13/2023,Grace Wright,Consumer,East,Office Supplies,Storage,SAFCO Storage Bin Pro,77.82,1.0,0.0,35.82
4207,US-2022-102177,03/12/2022,09-Dec-2022,Mia Walker,Consumer,East,Technology,Accessories,SanDisk USB Drive Value,225.93,4.0,0.0,115.54
4208,US-2022-101502,06/06/2022,11/06/2022,Kenji Patel,Corporate,East,Office Supplies,Paper,Boise Copy Paper Standard,10.3,2.0,0.4,4.07
4209,US-2023-101798,19/11/2023,23-Nov-2023,Mia Davis,Consumer,West,Office Supplies,Storage,SAFCO Storage Bin Value,210.74,2.0,0.15,62.46
4210,US-2022-102401,23/11/2022,27-Nov-2022,Emma Nair,Corporate,East,Furniture,Bookcases,O'Sullivan Bookcase Standard,1602.18,6.0,0.15,216.1
4211,US-2022-103194,01/16/2022,19/01/2022,Mia Walker,Home Office,West,Furniture,Tables,Bretford Conference Table Classic,363.71,2.0,0.2,33.21
4212,US-2023-100541,08/30/2023,05/09/2023,Hannah Garcia,Consumer,Central,Furniture,Chairs,Harbour Creations Chair Standard,420.77,2.0,0.0,122.21
4213,US-2024-100018,"October 28, 2024",10/31/2024,Laura Young,Consumer,East,Technology,Accessories,Belkin Cable Pro,71.85,2.0,0.3,22.23
4214,US-2022-101502,06-Jun-2022,2022-06-11,Kenji Patel,Corporate,East,Technology,Phones,Cisco IP Phone Value,330.72,1.0,0.2,26.1
4215,US-2023-101453,"July 21, 2023",07/24/2023,Mateo Kumar,Home Office,Central,Office Supplies,Envelopes,Poly String Envelope Standard,37.74,6.0,0.6,2.74
4216,US-2022-100451,17-Jun-2022,2022-06-20,Zoe Kumar,Home Office,West,Technology,Machines,Cubify 3D Printer Classic,2101.63,2.0,0.0,450.38
4217,US-2024-102257,23-Sep-2024,2024-09-28,Sofia Nair,Consumer,South,Office Supplies,Fasteners,Bostitch Staples Value,32.55,5.0,0.2,19.44
4218,US-2021-100165,05/05/2021,07-May-2021,Priya Lee,Consumer,South,Office Supplies,Art,Prismacolor Pencils Standard,60.33,4.0,0.1,33.52
4219,US-2023-100408,05/27/2023,31/05/2023,Noah Garcia,Consumer,,Technology,Accessories,Logitech Mouse Pro,52.62,1.0,0.15,22.86
4220,US-2023-101406,"October 02, 2023",10/07/2023,Carlos Kumar,Corporate,Central,Office Supplies,Appliances,Honeywell Fan Deluxe,608.59,6.0,0.3,92.87
4221,US-2024-102727,2024-01-13,"January 19, 2024",Kenji Thomas,Consumer,South,Office Supplies,Appliances,Hoover Vacuum Standard,108.15,1.0,0.1,37.38
4222,US-2023-100014,03/22/2023,26/03/2023,Laura Rodriguez,Consumer,South,Furniture,Chairs,Harbour Creations Chair Value,488.15,2.0,0.0,144.27
4223,US-2023-101654,20-Feb-2023,2023-02-26,Nina Chen,Consumer,South,Furniture,Furnishings,Fellowes Wall Clock Standard,20.93,1.0,0.4,1.92
4224,US-2021-100527,2021-09-03,"September 09, 2021",Amit Lee,Consumer,West,Office Supplies,Paper,HP Premium Paper Classic,9.32,1.0,0.3,4.55
4225,US-2021-100546,03-Jun-2021,2021-06-06,Carlos Patel,Home Office,West,Office Supplies,Envelopes,Poly String Envelope Classic,8.32,1.0,0.0,5.1
4226,US-2022-100622,2022-03-25,"March 27, 2022",Nina Nair,Corporate,West,Furniture,Chairs,Hon Task Chair Pro,462.24,2.0,0.0,160.13
4227,US-2022-100755,2022-08-13,"August 17, 2022",James Thomas,Consumer,South,Furniture,Bookcases,Bush Classic Bookcase Classic,329.11,1.0,0.15,52.94
4228,US-2024-102927,2024-01-17,"January 22, 2024",Wei Garcia,Consumer,Central,Furniture,Chairs,Hon Task Chair Pro,393.57,2.0,0.2,81.67
4229,US-2021-100161,24-Sep-2021,2021-09-27,Mia Wilson,Home Office,Central,Office Supplies,Binders,Acco Binder Standard,6.2,1.0,0.4,1.6
4230,US-2023-101251,29/06/2023,06-Jul-2023,Maria Wright,Consumer,Central,Office Supplies,Storage,SAFCO Storage Bin Standard,304.53,4.0,0.2,78.91
4231,US-2021-100747,2021-04-21,"April 24, 2021",Olivia Walker,Home Office,East,Office Supplies,Storage,SAFCO Storage Bin Value,412.92,5.0,0.0,177.58
4232,US-2021-101421,11-Oct-2021,2021-10-16,Omar Davis,Corporate,West,Furniture,Furnishings,Tenex Chairmat Value,53.09,2.0,0.5,-10.04
4233,US-2021-100337,05/04/2021,08/05/2021,Daniel Wright,Home Office,East,Office Supplies,Fasteners,Bostitch Staples Standard,7.64,1.0,0.1,5.45
4234,US-2021-100853,2021-04-19,"April 23, 2021",Laura Thomas,Corporate,West,Office Supplies,Fasteners,Bostitch Staples Value,4.16,1.0,0.3,2.38
4235,US-2023-102352,09-Feb-2023,2023-02-12,Nina Young,Home Office,East,Furniture,Furnishings,Eldon Desk Lamp Value,417.91,6.0,0.0,178.29
4236,US-2024-100748,30-Nov-2024,2024-12-05,Emma Garcia,Corporate,South,Furniture,Bookcases,O'Sullivan Bookcase Classic,177.55,1.0,0.15,25.63
4237,US-2021-102124,01/04/2021,08/01/2021,Grace Johnson,Consumer,Central,Office Supplies,Art,Prismacolor Pencils Classic,20.72,1.0,0.0,12.18
4238,US-2023-101506,13/06/2023,16-Jun-2023,Lucas Lee,Corporate,West,Technology,Machines,Zebra Label Printer Pro,1334.45,2.0,0.0,317.42
4239,US-2022-100602,17-Aug-2022,2022-08-21,Omar Anderson,Consumer,East,Furniture,Bookcases,Bush Classic Bookcase Classic,248.67,2.0,0.4,-46.24
4240,US-2024-101238,11/09/2024,16-Sep-2024,Sofia King,Corporate,West,Technology,Phones,Samsung Galaxy Dock Standard,620.75,3.0,0.2,97.38
4241,US-2024-102680,08/06/2024,13/08/2024,Liam Brown,Corporate,East,Furniture,Tables,Chromcraft Round Table Classic,533.59,1.0,0.0,139.24
4242,US-2023-101005,2023-05-13,"May 20, 2023",Arjun Smith,Consumer,West,Office Supplies,Fasteners,ACCO Fasteners Pro,32.35,6.0,0.4,15.46
4243,US-2022-102920,26-Aug-2022,2022-08-30,Olivia Rodriguez,Consumer,West,Office Supplies,Storage,SAFCO Storage Bin Value,557.5,5.0,0.0,257.27
4244,US-2023-101189,2023-11-27,"December 04, 2023",Kavya Garcia,Corporate,South,Office Supplies,Storage,Fellowes File Cart Value,61.51,1.0,0.1,23.0
4245,US-2021-100171,18/05/2021,25-May-2021,Wei Chen,Home Office,East,Office Supplies,Appliances,Honeywell Fan Standard,196.43,1.0,0.0,82.09
4246,US-2023-100917,19-Mar-2023,2023-03-23,Priya Patel,Corporate,West,Office Supplies,Appliances,Avanti Refrigerator Standard,494.7,4.0,0.0,195.59
4247,US-2021-101202,20-Apr-2021,2021-04-26,Grace Wilson,Consumer,East,Office Supplies,Binders,Wilson Jones Binder Value,65.65,4.0,0.15,35.98
4248,US-2024-100345,"January 18, 2024",01/20/2024,Kavya Johnson,Corporate,South,Furniture,Chairs,Harbour Creations Chair Deluxe,229.6,1.0,0.0,74.9
4249,US-2021-101997,25/05/2021,26-May-2021,Grace Patel,Consumer,East,Furniture,Furnishings,Tenex Chairmat Value,60.85,1.0,0.15,22.07
4250,US-2023-101437,"April 01, 2023",04/08/2023,Daniel Johnson,Consumer,East,Technology,Machines,Lexmark Printer Deluxe,858.77,2.0,0.3,-81.42
4251,US-2023-101277,06/02/2023,12-Feb-2023,Priya Lee,Corporate,East,Office Supplies,Art,Sharpie Marker Set Pro,18.04,1.0,0.0,10.91
4252,US-2022-102401,"November 23, 2022",11/27/2022,Emma Nair,Corporate,East,Office Supplies,Art,Sharpie Marker Set Classic,14.64,1.0,0.2,6.97
4253,US-2024-102966,10-Aug-2024,2024-08-13,Emma Young,Home Office,East,Office Supplies,Envelopes,Kraft Clasp Envelope Classic,7.36,1.0,0.1,4.12
4254,US-2021-102254,03/22/2021,25/03/2021,Daniel Smith,Consumer,Central,Furniture,Chairs,Hon Task Chair Classic,1277.9,5.0,0.1,325.36
4255,US-2024-102112,"May 17, 2024",05/23/2024,Nina Kumar,Consumer,East,Furniture,Furnishings,Tenex Chairmat Value,41.11,1.0,0.3,8.84
4256,US-2023-101633,16/02/2023,21-Feb-2023,Sofia Clark,Consumer,West,Technology,Phones,Cisco IP Phone Pro,811.8,2.0,0.0,258.3
4257,US-2024-103071,"February 17, 2024",02/20/2024,Priya Garcia,Corporate,West,Furniture,Furnishings,Tenex Chairmat Value,28.29,1.0,0.3,5.55
4258,US-2021-103075,09/08/2021,13-Aug-2021,Mia Wright,Home Office,East,Furniture,Furnishings,Eldon Desk Lamp Classic,241.95,6.0,0.0,114.58
4259,US-2024-100328,02/05/2024,09/02/2024,Mateo Anderson,Home Office,West,Technology,Copiers,Hewlett Packard Copier Value,1210.83,1.0,0.2,-40.46
4260,US-2023-101479,29/07/2023,31-Jul-2023,Isabella Martinez,Consumer,East,Office Supplies,Binders,Wilson Jones Binder Value,59.08,3.0,0.0,34.07
4261,US-2023-102252,"August 24, 2023",08/26/2023,Sofia Johnson,Consumer,Central,Technology,Accessories,Belkin Cable Value,39.05,4.0,0.8,-60.94
4262,US-2023-101021,09/23/2023,26/09/2023,Omar Smith,Consumer,East,Office Supplies,Envelopes,Poly String Envelope Classic,8.25,3.0,0.2,4.66
4263,US-2022-101564,17/08/2022,21-Aug-2022,Daniel Young,Consumer,South,Office Supplies,Storage,SAFCO Storage Bin Standard,375.4,5.0,0.15,132.48
4264,US-2023-102789,"November 18, 2023",11/22/2023,Grace Johnson,Consumer,Central,Office Supplies,Supplies,Elmer's Glue Pack Value,68.83,2.0,0.0,38.8
4265,US-2024-101013,09/07/2024,14-Jul-2024,Hannah Walker,Home Office,West,Office Supplies,Binders,Wilson Jones Binder Classic,71.67,4.0,0.15,
4266,US-2024-101282,18/05/2024,21-May-2024,Kavya Kumar,Consumer,East,Furniture,Bookcases,O'Sullivan Bookcase Deluxe,1188.51,4.0,0.1,246.38
4267,US-2022-101948,19/09/2022,21-Sep-2022,Ananya Chen,Home Office,Central,Office Supplies,Fasteners,ACCO Fasteners Classic,11.69,4.0,0.5,4.56
4268,US-2023-101422,"October 16, 2023",10/17/2023,Mia Young,Consumer,South,Office Supplies,Fasteners,ACCO Fasteners Classic,11.22,2.0,0.15,6.83
4269,US-2023-100767,2023-12-03,"December 06, 2023",Yusuf Wright,Home Office,Central,Office Supplies,Paper,HP Premium Paper Deluxe,12.38,1.0,,7.66
4270,US-2024-102883,"April 07, 2024",04/11/2024,Mateo Nair,Consumer,South,Furniture,Bookcases,O'Sullivan Bookcase Classic,293.31,1.0,0.0,98.01
4271,US-2022-103018,2022-03-06,"March 09, 2022",Zoe Lee,Consumer,South,Technology,Accessories,SanDisk USB Drive Classic,42.41,1.0,0.1,19.04
4272,US-2024-102372,2024-02-28,"March 02, 2024",Ananya Davis,Home Office,South,Office Supplies,Supplies,Stanley Hole Punch Pro,75.4,3.0,0.1,37.04
4273,US-2023-102565,07/07/2023,12-Jul-2023,Ananya Garcia,Corporate,Central,Office Supplies,Appliances,Hoover Vacuum Value,508.95,3.0,0.0,205.15
4274,US-2023-100945,09/08/2023,15/09/2023,Laura Johnson,Consumer,West,Furniture,Furnishings,Fellowes Wall Clock Deluxe,105.08,3.0,0.3,26.33
4275,US-2024-102995,14/01/2024,21-Jan-2024,Olivia Thomas,Corporate,East,Technology,Accessories,Belkin Cable Deluxe,52.67,2.0,0.15,20.14
4276,US-2024-101293,24-Sep-2024,2024-10-01,Ravi Lee,Home Office,South,Office Supplies,Storage,SAFCO Storage Bin Pro,445.71,6.0,0.1,166.02
4277,US-2021-101430,01/26/2021,29/01/2021,Kavya Clark,Consumer,East,Furniture,Chairs,Harbour Creations Chair Value,253.05,1.0,0.0,85.77
4278,US-2024-100184,12-May-2024,2024-05-16,Maria Smith,Home Office,Central,Office Supplies,Binders,GBC Binding System Pro,62.61,4.0,0.1,36.18
4279,US-2022-103031,2022-11-21,"November 25, 2022",Kavya Smith,Corporate,Central,Office Supplies,Storage,IRIS Storage Box Value,42.07,1.0,0.4,1.57
4280,US-2021-101870,06/01/2021,05/06/2021,Mateo Clark,Consumer,West,Furniture,Chairs,Hon Task Chair Value,720.24,4.0,0.15,126.85
4281,US-2024-102424,01/30/2024,02/02/2024,Omar Garcia,Consumer,West,Office Supplies,Art,Prismacolor Pencils Pro,35.27,3.0,0.2,17.85
4282,US-2021-100472,2021-12-23,"December 29, 2021",Hannah Young,Consumer,South,Office Supplies,Labels,Avery Label Set Value,23.59,4.0,0.15,14.8
4283,US-2024-101814,2024-07-14,"July 17, 2024",Ananya Thomas,Home Office,West,Furniture,Chairs,Global Deluxe Chair Pro,391.14,2.0,0.0,128.06
4284,US-2021-101018,08/21/2021,23/08/2021,Liam Brown,Home Office,East,Furniture,Bookcases,Sauder Bookcase Pro,505.85,2.0,0.0,141.57
4285,US-2024-102033,10-Nov-2024,2024-11-13,Zoe Martinez,Consumer,West,Office Supplies,Fasteners,ACCO Fasteners Classic,5.26,1.0,0.4,2.58
4286,US-2021-100022,06/11/2021,13/06/2021,Wei Nair,Corporate,East,Office Supplies,Appliances,Avanti Refrigerator Deluxe,328.04,2.0,0.0,120.64
4287,US-2024-100545,"January 28, 2024",02/03/2024,Priya Brown,Consumer,South,Office Supplies,Fasteners,Bostitch Staples Deluxe,5.07,1.0,0.15,3.27
4288,US-2022-102391,08-Apr-2022,2022-04-14,Maria Clark,Consumer,East,Office Supplies,Storage,IRIS Storage Box Standard,244.15,3.0,0.0,101.19
4289,US-2021-102480,"July 31, 2021",08/04/2021,Mateo Lee,Corporate,Central,Technology,Accessories,Logitech Mouse Value,102.98,4.0,0.15,41.53
4290,US-2023-100581,21/02/2023,26-Feb-2023,Ravi Clark,Consumer,East,Technology,Accessories,Belkin Cable Standard,95.88,3.0,0.0,50.5
4291,US-2024-100588,"September 17, 2024",09/21/2024,Olivia Nair,Corporate,East,Office Supplies,Supplies,Elmer's Glue Pack Standard,22.66,1.0,0.1,11.34
4292,US-2023-103223,05-Mar-2023,2023-03-09,Emma Martinez,Consumer,West,Office Supplies,Storage,SAFCO Storage Bin Value,76.9,2.0,0.4,2.84
4293,US-2023-100844,"August 31, 2023",09/04/2023,Liam Brown,Consumer,Central,Office Supplies,Supplies,Elmer's Glue Pack Pro,52.92,2.0,0.15,24.42
4294,US-2024-100928,2024-04-03,"April 06, 2024",Amit Brown,Corporate,East,Office Supplies,Paper,HP Premium Paper Pro,11.32,1.0,0.1,7.34
4295,US-2021-102481,2021-12-31,"January 03, 2022",Kenji Thomas,Home Office,East,Technology,Copiers,Canon imageCLASS Copier Value,1180.57,1.0,0.2,19.41
4296,US-2023-102559,2023-01-14,"January 20, 2023",Kenji Lee,Corporate,Central,Furniture,Furnishings,Fellowes Wall Clock Classic,41.49,1.0,0.3,9.05
4297,US-2021-100811,2021-04-25,"April 26, 2021",Zoe Walker,Consumer,Central,Office Supplies,Envelopes,Kraft Clasp Envelope Value,72.75,4.0,0.0,47.7
4298,US-2021-103196,22/10/2021,23-Oct-2021,Priya Chen,Consumer,East,Office Supplies,Paper,HP Premium Paper Deluxe,33.6,3.0,0.15,19.63
4299,US-2023-100589,03-Dec-2023,2023-12-04,Wei Walker,Corporate,West,Furniture,Chairs,Hon Task Chair Pro,1034.02,6.0,0.0,323.76
4300,US-2021-101608,03-Jun-2021,2021-06-05,Mia King,Consumer,South,Office Supplies,Supplies,Elmer's Glue Pack Classic,20.45,1.0,0.0,11.75
4301,US-2022-100976,2022-01-14,"January 17, 2022",Yusuf Martinez,Consumer,East, FURNITURE ,Bookcases,Sauder Bookcase Deluxe,276.24,3.0,0.2,38.49
4302,US-2022-100769,2022-09-25,"October 02, 2022",Hannah Walker,Consumer,East,Office Supplies,Binders,GBC Binding System Standard,12.34,1.0,0.3,5.69
4303,US-2022-102222,12/26/2022,29/12/2022,Omar Wright,Consumer,South,Furniture,Furnishings,Tenex Chairmat Value,71.4,1.0,0.0,32.72
4304,US-2022-100826,2022-09-30,"October 03, 2022",Daniel Thomas,Home Office,East,Furniture,Furnishings,Eldon Desk Lamp Deluxe,72.05,2.0,0.1,28.92
4305,US-2023-101154,"December 30, 2023",01/02/2024,Kavya Chen,Corporate,East,Office Supplies,Envelopes,Poly String Envelope Classic,27.9,3.0,0.3,13.32
4306,US-2024-102847,09/17/2024,21/09/2024,Wei Garcia,Consumer,East,Furniture,Tables,Bretford Conference Table Deluxe,550.53,2.0,0.15,46.53
4307,US-2023-101898,2023-02-01,"February 03, 2023",Daniel Clark,Corporate,South,Technology,Machines,Cubify 3D Printer Classic,1170.49,2.0,0.1,148.6
4308,US-2022-101214,2022-02-15,"February 19, 2022",Mateo Brown,Corporate,South,Technology,Accessories,SanDisk USB Drive Pro,41.98,1.0,0.1,17.31
4309,US-2023-100531,05-Sep-2023,2023-09-09,Ravi Smith,Home Office,West,Technology,Phones,Cisco IP Phone Deluxe,341.24,2.0,0.3,-0.26
4310,US-2021-102443,17/12/2021,23-Dec-2021,Noah Martinez,Home Office,West,Office Supplies,Storage,Fellowes File Cart Deluxe,393.37,3.0,0.0,169.73
4311,US-2022-102551,2022-10-31,"November 04, 2022",Mia Martinez,Home Office,Central,Office Supplies,Paper,Xerox Multipurpose Paper Pro,29.3,2.0,0.2,16.9
4312,US-2021-100002,13-Oct-2021,2021-10-19,Carlos Patel,Consumer,East,Office Supplies,Storage,Fellowes File Cart Standard,66.09,1.0,0.1,21.43
4313,US-2022-101268,03/12/2022,07-Dec-2022,Emma Brown,Corporate,West,Office Supplies,Supplies,Elmer's Glue Pack Deluxe,24.66,2.0,0.6,-2.74
4314,US-2023-100508,22/11/2023,28-Nov-2023,Omar Kumar,Consumer,East,Office Supplies,Appliances,Honeywell Fan Value,174.08,1.0,0.0,67.03
4315,US-2022-101644,11-Apr-2022,2022-04-18,Grace Kumar,Home Office,Central,Office Supplies,Paper,Xerox Multipurpose Paper Standard,47.88,6.0,0.0,31.21
4316,US-2022-101476,01/27/2022,31/01/2022,Yusuf King,Corporate,East,Technology,Phones,Cisco IP Phone Classic,1599.49,5.0,0.3,19.97
4317,US-2024-101142,15/01/2024,22-Jan-2024,Sofia Anderson,Consumer,East,Furniture,Bookcases,Sauder Bookcase Pro,548.94,2.0,0.1,137.08
4318,US-2023-100948,11/15/2023,17/11/2023,Ravi Brown,Consumer,East,Office Supplies,Fasteners,Bostitch Staples Value,9.1,1.0,0.0,6.23
4319,US-2024-101142,"January 15, 2024",01/22/2024,Sofia Anderson,Consumer,East,Office Supplies,Binders,Acco Binder Pro,11.6,1.0,0.5,2.11
4320,US-2022-103175,03/22/2022,27/03/2022,Noah Martinez,Corporate,East,Technology,Accessories,Logitech Mouse Pro,183.34,4.0,0.1,85.39
4321,US-2022-101644,04/11/2022,18/04/2022,Grace Kumar,Home Office,Central,Office Supplies,Binders,Wilson Jones Binder Standard,32.04,2.0,0.0,20.37
4322,US-2021-100431,03/02/2021,09/03/2021,Mateo Clark,Home Office,West,Office Supplies,Envelopes,Poly String Envelope Pro,29.01,2.0,0.2,16.06
4323,US-2023-100033,"August 06, 2023",08/11/2023,Emma Chen,Corporate,Central,Technology,Phones,Cisco IP Phone Value,761.28,2.0,0.0,249.05
4324,US-2024-101067,11/03/2024,10/11/2024,Daniel Garcia,Consumer,South,Furniture,Tables,Bevis Table Standard,459.58,1.0,0.1,73.97
4325,US-2024-102315,2024-11-26,"December 02, 2024",James Clark,Corporate,West,Technology,Phones,Samsung Galaxy Dock Deluxe,1487.6,4.0,0.2,181.48
4326,US-2024-101529,"September 16, 2024",09/17/2024,Priya Wilson,Consumer,South,Office Supplies,Appliances,Honeywell Fan Pro,219.85,2.0,0.3,35.18
4327,US-2024-101681,2024-10-08,"October 09, 2024",Nina Chen,Corporate,Central,Office Supplies,Labels,Avery Label Set Value,20.6,2.0,0.1,13.29
4328,US-2021-100557,12/05/2021,08/12/2021,Wei Nair,Corporate,South,Furniture,Tables,Bretford Conference Table Pro,488.77,2.0,0.0,101.43
4329,US-2022-102788,12/05/2022,10/12/2022,Grace Young,Consumer,Central,Office Supplies,Labels,Sharpie Label Tape Deluxe,23.55,2.0,0.0,15.54
4330,US-2021-100489,06/07/2021,09-Jul-2021,Grace Young,Consumer,West,Technology,Copiers,Hewlett Packard Copier Deluxe,4299.29,3.0,0.1,521.04
4331,US-2023-102589,03/29/2023,03/04/2023,Laura Wilson,Corporate,West,Office Supplies,Envelopes,Poly String Envelope Deluxe,66.65,4.0,0.0,41.0
4332,US-2024-102040,07/02/2024,03/07/2024,James King,Home Office,West,Office Supplies,Paper,HP Premium Paper Classic,9.86,1.0,0.15,5.35
4333,US-2022-100830,13/06/2022,15-Jun-2022,Kenji Martinez,Consumer,South,Furniture,Furnishings,Eldon Desk Lamp Pro,33.33,1.0,0.5,-2.47
4334,US-2024-102150,28/11/2024,05-Dec-2024,Kavya Lee,Corporate,Central,Technology,Phones,Samsung Galaxy Dock Value,58.12,1.0,0.0,18.78
4335,US-2021-100527,03/09/2021,09-Sep-2021,Amit Lee,Consumer,West,Technology,Phones,Apple iPhone Accessory Deluxe,765.2,2.0,0.0,233.52
4336,US-2024-101112,"August 21, 2024",08/25/2024,Ravi Brown,Corporate,West,Office Supplies,Supplies,Elmer's Glue Pack Classic,87.42,4.0,0.0,46.31
4337,US-2021-100008,2021-06-11,"June 15, 2021",Mia Anderson,Home Office,West,Furniture,Tables,Bevis Table Deluxe,893.0,3.0,0.3,-24.54
4338,US-2022-102049,2022-03-07,"March 10, 2022",Maria Chen,Consumer,West,Office Supplies,Art,Sharpie Marker Set Value,87.18,5.0,0.15,45.41
4339,US-2021-100866,"May 20, 2021",05/24/2021,James Clark,Corporate,West,Furniture,Bookcases,O'Sullivan Bookcase Standard,621.01,4.0,0.4,
4340,US-2023-100479,04/28/2023,02/05/2023,Priya Lee,Consumer,East,Office Supplies,Labels,Sharpie Label Tape Standard,12.44,4.0,0.5,4.85
4341,US-2024-102669,12-Jan-2024,2024-01-15,Carlos Lee,Consumer,East,Technology,Accessories,Logitech Mouse Pro,131.05,3.0,0.0,66.26
4342,US-2021-102443,"December 17, 2021",12/23/2021,Noah Martinez,Home Office,West,Office Supplies,Supplies,Stanley Hole Punch Classic,35.78,2.0,0.1,18.82
4343,US-2022-101268,"December 03, 2022",12/07/2022,Emma Brown,Corporate,West,Office Supplies,Paper,Boise Copy Paper Classic,21.58,2.0,0.1,12.81
4344,US-2021-102922,02/12/2021,16/02/2021,Omar Kumar,Consumer,Central,Office Supplies,Art,Prismacolor Pencils Pro,57.66,3.0,0.2,26.18
4345,US-2021-101083,24-Feb-2021,2021-02-27,Noah Nair,Consumer,South,Technology,Machines,Cubify 3D Printer Pro,733.94,1.0,0.15,55.6
4346,US-2024-101335,19/09/2024,22-Sep-2024,Zoe Johnson,Consumer,South,Office Supplies,Binders,Wilson Jones Binder Value,31.3,2.0,0.0,19.98
4347,US-2021-100573,"October 10, 2021",10/13/2021,Isabella Wright,Consumer,South,Furniture,Chairs,Harbour Creations Chair Pro,121.18,1.0,0.1,28.06
4348,US-2022-101580,03-Apr-2022,2022-04-09,Laura Garcia,Consumer,East,Furniture,Tables,Bevis Table Pro,404.43,1.0,0.2,43.64
4349,US-2024-100419,13/05/2024,20-May-2024,Carlos Wright,Consumer,East,Technology,Accessories,Belkin Cable Standard,42.67,1.0,0.3,13.34
4350,US-2022-100250,10/23/2022,26/10/2022,Kenji Davis,Home Office,South,Office Supplies,Labels,Sharpie Label Tape Standard,33.76,5.0,0.15,21.16
4351,US-2021-100085,2021-08-23,"August 26, 2021",Nina Kumar,Home Office,South,Furniture,Tables,Bretford Conference Table Value,990.9,4.0,0.3,-94.38
4352,US-2022-101215,"June 19, 2022",06/22/2022,James Anderson,Home Office,South,Office Supplies,Envelopes,Kraft Clasp Envelope Classic,29.6,2.0,0.1,16.0
4353,US-2021-102836,01/13/2021,18/01/2021,Priya Thomas,Consumer,East,Technology,Machines,Zebra Label Printer Pro,816.4,4.0,0.8,-2289.51
4354,US-2024-100696,2024-01-11,"January 18, 2024",Emma Chen,Consumer,West,Furniture,Furnishings,Tenex Chairmat Deluxe,67.0,1.0,0.0,33.4
4355,US-2021-102108,2021-08-19,"August 26, 2021",Maria Lee,Consumer,Central,Furniture,Bookcases,O'Sullivan Bookcase Deluxe,843.59,3.0,0.2,105.7
4356,US-2021-101225,2021-07-10,"July 16, 2021",Sofia Patel,Consumer,East,Office Supplies,Fasteners,ACCO Fasteners Deluxe,7.69,1.0,0.0,5.44
4357,US-2023-102265,2023-07-10,"July 13, 2023",Liam Thomas,Home Office,West,Furniture,Furnishings,Fellowes Wall Clock Pro,88.12,2.0,0.0,38.34
4358,US-2022-101575,12/09/2022,17-Sep-2022,Omar Davis,Consumer,West,Office Supplies,Supplies,Elmer's Glue Pack Deluxe,120.96,6.0,0.2,56.21
4359,US-2021-102704,10-May-2021,2021-05-12,Grace Lee,Corporate,South,Furniture,Chairs,Harbour Creations Chair Pro,114.21,1.0,0.15,23.75
4360,US-2021-102628,"January 16, 2021",01/20/2021,Maria Smith,Consumer,East,Technology,Accessories,Logitech Mouse Pro,166.65,3.0,0.1,72.64
4361,US-2021-101451,23/03/2021,27-Mar-2021,Laura Lee,Consumer,West,Technology,Machines,Cubify 3D Printer Value,348.64,1.0,0.5,-198.85
4362,US-2022-100754,24-Apr-2022,2022-04-29,Noah Martinez,Home Office,West,Office Supplies,Binders,Wilson Jones Binder Standard,16.76,1.0,0.0,9.91
4363,US-2021-101050,08/28/2021,04/09/2021,Mateo Johnson,Consumer,Central,Office Supplies,Binders,GBC Binding System Pro,21.03,3.0,0.4,7.33
4364,US-2021-102115,01/01/2021,05/01/2021,Olivia Rodriguez,Consumer,West,Technology,Copiers,Canon imageCLASS Copier Standard,1472.94,1.0,0.0,291.49
4365,US-2023-100156,06/30/2023,06/07/2023,Emma Martinez,Consumer,Central,Office Supplies,Supplies,Elmer's Glue Pack Standard,47.93,2.0,0.0,27.61
4366,US-2024-100140,19/10/2024,23-Oct-2024,Mia Kumar,Consumer,West,Office Supplies,Envelopes,Kraft Clasp Envelope Pro,33.94,2.0,0.2,18.85
4367,US-2022-101214,15-Feb-2022,2022-02-19,Mateo Brown,Corporate,South,Technology,Machines,Zebra Label Printer Value,2392.84,6.0,0.3,-277.01
4368,US-2022-102682,2022-07-26,"July 28, 2022",Mateo King,Consumer,East,Furniture,Furnishings,Tenex Chairmat Standard,213.54,3.0,0.1,87.55
4369,US-2024-100483,"August 31, 2024",09/05/2024,Sofia Wright,Consumer,South,Office Supplies,Art,Newell Scissors Standard,14.25,1.0,0.0,7.8
4370,US-2023-102292,2023-08-28,"August 31, 2023",Priya Young,Consumer,East,Office Supplies,Storage,IRIS Storage Box Pro,171.2,2.0,0.0,73.29
4371,US-2024-102747,"September 16, 2024",09/21/2024,Kavya Garcia,Consumer,Central,Office Supplies,Labels,Avery Label Set Standard,16.97,2.0,0.0,11.25
4372,US-2023-101072,17/08/2023,19-Aug-2023,Isabella Chen,Consumer,South,Technology,Machines,Zebra Label Printer Pro,2089.29,5.0,0.0,408.25
4373,US-2024-102605,03/21/2024,24/03/2024,Omar Davis,Corporate,Central,Furniture,Tables,Bevis Table Classic,382.08,1.0,0.0,85.58
4374,US-2024-101474,08/01/2024,05/08/2024,Kavya Patel,Consumer,South,Office Supplies,Storage,Fellowes File Cart Deluxe,705.86,5.0,0.0,295.83
4375,US-2022-100319,2022-12-07,"December 11, 2022",Grace Lee,Home Office,West,Office Supplies,Supplies,Elmer's Glue Pack Classic,20.07,1.0,0.15,8.91
4376,US-2023-101950,01/11/2023,16/01/2023,Nina Kumar,Consumer,East,Technology,Machines,Lexmark Printer Standard,608.29,1.0,0.1,86.33
4377,US-2023-100437,"August 11, 2023",08/15/2023,Amit Anderson,Corporate,Central,Furniture,Tables,Chromcraft Round Table Standard,660.35,2.0,0.0,167.68
4378,US-2021-100179,2021-07-07,"July 10, 2021",Carlos Walker,Home Office,Central,Furniture,Bookcases,Sauder Bookcase Deluxe,120.23,1.0,0.15,20.51
4379,US-2023-102122,10/16/2023,22/10/2023,Isabella Rodriguez,Consumer,West,Office Supplies,Art,Newell Scissors Standard,40.0,5.0,0.4,9.39
4380,US-2024-100676,12/06/2024,13/12/2024,Nina Martinez,Consumer,South,Technology,Copiers,Canon imageCLASS Copier Value,757.97,1.0,0.0,163.26
4381,US-2022-103310,"February 26, 2022",03/01/2022,Sofia Johnson,Consumer,South,Office Supplies,Binders,Wilson Jones Binder Value,30.05,2.0,0.1,16.19
4382,US-2024-102467,11/24/2024,29/11/2024,Grace Rodriguez,Home Office,,Furniture,Bookcases,Bush Classic Bookcase Deluxe,450.02,3.0,0.3,-33.97
4383,US-2021-101664,30/05/2021,02-Jun-2021,Liam Walker,Consumer,West,Office Supplies,Supplies,Elmer's Glue Pack Classic,42.7,4.0,0.7,-18.91
4384,US-2021-100547,2021-03-22,"March 28, 2021",Amit Anderson,Consumer,East,Office Supplies,Labels,Sharpie Label Tape Classic,22.76,3.0,0.0,15.3
4385,US-2021-102163,23-Jan-2021,2021-01-28,Chloe Johnson,Consumer,West,Office Supplies,Supplies,Elmer's Glue Pack Value,111.45,5.0,0.0,60.9
4386,US-2021-102385,12/08/2021,16-Aug-2021,Chloe Davis,Consumer,West,Office Supplies,Supplies,Stanley Hole Punch Pro,24.24,1.0,0.0,13.53
4387,US-2023-100024,"December 17, 2023",12/21/2023,Amit Wright,Corporate,Central,Office Supplies,Art,Newell Scissors Value,33.18,6.0,0.3,13.45
4388,US-2023-102565,"July 07, 2023",07/12/2023,Ananya Garcia,Corporate,Central,Office Supplies,Labels,Avery Label Set Classic,32.01,4.0,0.3,16.39
4389,US-2022-101789,"January 02, 2022",01/09/2022,Olivia Martinez,Home Office,East,Technology,Copiers,Canon imageCLASS Copier Classic,268.97,1.0,0.8,-846.24
4390,US-2022-102613,01/31/2022,02/02/2022,Hannah Anderson,Corporate,South,Technology,Accessories,Logitech Mouse Value,111.53,2.0,0.0,54.36
4391,US-2024-101598,14-Feb-2024,2024-02-18,Noah Brown,Corporate,Central,Furniture,Tables,Chromcraft Round Table Classic,1876.25,4.0,0.0,504.26
4392,US-2022-101937,"March 30, 2022",04/02/2022,Kavya Clark,Consumer,Central,Office Supplies,Envelopes,Poly String Envelope Classic,38.79,4.0,0.1,22.94
4393,US-2022-100705,21-Mar-2022,2022-03-26,Mateo Clark,Consumer,South,Office Supplies,Envelopes,Kraft Clasp Envelope Pro,69.04,4.0,0.0,43.35
4394,US-2022-100355,09/09/2022,11-Sep-2022,Arjun Nair,Consumer,East,Furniture,Tables,Chromcraft Round Table Deluxe,747.95,2.0,0.0,190.16
4395,US-2023-103301,"March 23, 2023",03/28/2023,Priya Rodriguez,Consumer,East,Office Supplies,Fasteners,ACCO Fasteners Value,22.97,2.0,0.0,15.76
4396,US-2021-100868,07/08/2021,11/07/2021,Maria Wright,Consumer,West,Technology,Machines,Zebra Label Printer Standard,358.95,1.0,0.5,-201.96
4397,US-2023-101826,14-Nov-2023,2023-11-19,Grace Rodriguez,Home Office,Central,Office Supplies,Appliances,Avanti Refrigerator Deluxe,86.07,1.0,0.4,-0.65
4398,US-2023-100555,14/09/2023,21-Sep-2023,Chloe Lee,Consumer,West,Office Supplies,Binders,Wilson Jones Binder Value,18.72,1.0,0.0,11.74
4399,US-2021-101446,18/02/2021,19-Feb-2021,Kavya Lee,Consumer,South,Furniture,Furnishings,Fellowes Wall Clock Standard,43.55,2.0,0.6,-15.77
4400,US-2021-103042,06/26/2021,27/06/2021,Grace Thomas,Consumer,South,Office Supplies,Fasteners,ACCO Fasteners Pro,5.92,2.0,0.5,2.42
4401,US-2024-102742,11/25/2024,29/11/2024,Laura Davis,Home Office,Central,Office Supplies,Fasteners,Bostitch Staples Deluxe,4.57,1.0,0.1,3.11
4402,US-2022-100491,04/09/2022,16/04/2022,Zoe Wilson,Consumer,South,Office Supplies,Storage,Fellowes File Cart Standard,233.13,4.0,0.5,-36.15
4403,US-2022-100901,07/21/2022,25/07/2022,Maria Brown,Corporate,West,Office Supplies,Fasteners,ACCO Fasteners Deluxe,5.66,1.0,0.1,3.52
4404,US-2023-101763,2023-11-25,"December 01, 2023",Yusuf Kumar,Home Office,West,Office Supplies,Fasteners,ACCO Fasteners Classic,5.5,1.0,0.0,3.74
4405,US-2023-102536,21-Aug-2023,2023-08-22,Wei Brown,Home Office,East,Furniture,Furnishings,Eldon Desk Lamp Value,61.51,1.0,0.0,
4406,US-2024-100367,"December 07, 2024",12/10/2024,Laura Young,Home Office,West,Office Supplies,Appliances,Hoover Vacuum Deluxe,268.81,4.0,0.4,-17.1
4407,US-2021-102320,"November 21, 2021",11/24/2021,Maria Johnson,Consumer,East,Furniture,Furnishings,Eldon Desk Lamp Pro,42.93,1.0,0.0,19.19
4408,US-2022-100226,2022-12-23,"December 25, 2022",Mia Thomas,Consumer,South,Office Supplies,Binders,Wilson Jones Binder Classic,79.03,5.0,0.2,36.89
4409,US-2022-102604,2022-12-30,"January 02, 2023",Kavya Davis,Consumer,West,Furniture,Chairs,Hon Task Chair Value,211.54,1.0,0.1,55.05
4410,US-2023-103279,08/21/2023,27/08/2023,Yusuf Lee,Consumer,East,Technology,Machines,Lexmark Printer Value,2773.58,5.0,0.15,175.11
4411,US-2022-102398,2022-08-22,"August 23, 2022",Emma Davis,Consumer,West,Technology,Machines,Zebra Label Printer Deluxe,1093.88,1.0,0.0,279.81
4412,US-2022-100229,2022-07-14,"July 18, 2022",Ananya Martinez,Consumer,Central,Technology,Copiers,Hewlett Packard Copier Pro,3279.14,3.0,0.2,119.14
4413,US-2023-102013,07/03/2023,10-Mar-2023,Arjun Kumar,Corporate,Central,Furniture,Furnishings,Tenex Chairmat Value,113.8,3.0,0.1,48.83
4414,US-2022-100031,01/25/2022,26/01/2022,Ananya Patel,Corporate,East,Furniture,Furnishings,Tenex Chairmat Classic,161.69,3.0,0.2,51.77
4415,US-2023-103230,2023-01-31,"February 04, 2023",Nina Anderson,Consumer,Central,Office Supplies,Storage,IRIS Storage Box Deluxe,338.2,6.0,0.2,78.74
4416,US-2024-103311,01/04/2024,05/01/2024,Kenji Kumar,Corporate,South,Office Supplies,Binders,GBC Binding System Pro,12.18,1.0,0.2,5.64
4417,US-2022-102194,05-May-2022,2022-05-11,Yusuf Anderson,Corporate,Central,Office Supplies,Art,Prismacolor Pencils Value,24.41,3.0,0.4,7.41
4418,US-2023-102245,11/02/2023,05/11/2023,Chloe Clark,Home Office,South,Office Supplies,Labels,Sharpie Label Tape Standard,10.82,1.0,0.0,6.93
4419,US-2022-103267,"December 03, 2022",12/09/2022,Zoe Johnson,Consumer,East,Technology,Machines,Cubify 3D Printer Classic,853.78,1.0,0.1,116.58
4420,US-2022-101448,04/20/2022,23/04/2022,Laura Brown,Home Office,Central,Technology,Machines,Zebra Label Printer Deluxe,676.95,1.0,0.1,71.25
4421,US-2024-101039,2024-08-18,"August 22, 2024",Daniel Davis,Consumer,Central,Technology,Copiers,Hewlett Packard Copier Deluxe,1464.36,1.0,0.15,65.88
4422,US-2023-103253,06/03/2023,07/06/2023,Priya Lee,Corporate,East,Office Supplies,Paper,Xerox Multipurpose Paper Deluxe,10.25,1.0,0.15,5.92
4423,US-2022-102769,"July 25, 2022",07/31/2022,Grace Brown,Corporate,South,Furniture,Chairs,Harbour Creations Chair Value,496.14,2.0,0.0,155.19
4424,US-2024-102440,04-Jul-2024,2024-07-08,Zoe Nair,Corporate,Central,Office Supplies,Art,Newell Scissors Deluxe,17.49,2.0,0.0,10.87
4425,US-2023-100195,"August 04, 2023",08/10/2023,Ethan Johnson,Consumer,Central,Office Supplies,Storage,SAFCO Storage Bin Pro,83.15,1.0,0.2,20.98
4426,US-2022-100122,2022-05-06,"May 13, 2022",Hannah Kumar,Consumer,Central,Office Supplies,Appliances,Honeywell Fan Standard,38.91,1.0,0.0,15.79
4427,US-2023-102209,"December 12, 2023",12/15/2023,Kenji Wilson,Consumer,South,Technology,Copiers,Canon imageCLASS Copier Pro,7223.34,6.0,0.2,27.74
4428,US-2024-100801,07/12/2024,17/07/2024,Lucas Chen,Consumer,West,Technology,Copiers,Hewlett Packard Copier Classic,2254.97,2.0,0.3,-310.41
4429,US-2022-103085,10/10/2022,14/10/2022,Amit Wilson,Corporate,Central,Office Supplies,Appliances,Avanti Refrigerator Deluxe,97.25,1.0,0.15,30.15
4430,US-2021-102346,22/11/2021,27-Nov-2021,Priya Lee,Corporate,South,Office Supplies,Storage,Fellowes File Cart Pro,81.32,1.0,0.0,33.56
4431,US-2022-102193,2022-03-29,"April 02, 2022",Emma Rodriguez,Consumer,West,Office Supplies,Binders,Acco Binder Deluxe,13.22,1.0,0.2,6.41
4432,US-2022-100190,30/03/2022,05-Apr-2022,Mateo Kumar,Corporate,West,Office Supplies,Appliances,Avanti Refrigerator Standard,102.73,1.0,0.1,36.28
4433,US-2024-101804,17/02/2024,21-Feb-2024,James Thomas,Corporate,Central,Office Supplies,Labels,Sharpie Label Tape Pro,24.19,4.0,0.15,14.6
4434,US-2021-103218,11/24/2021,28/11/2021,Kavya Wilson,Consumer,South,Office Supplies,Supplies,Stanley Hole Punch Value,14.73,1.0,0.3,5.44
4435,US-2022-101871,2022-09-05,"September 10, 2022",Kavya Brown,Consumer,East,Furniture,Chairs,Hon Task Chair Pro,202.26,1.0,0.0,65.64
4436,US-2021-103255,28/04/2021,02-May-2021,Sofia Thomas,Home Office,West,Office Supplies,Fasteners,Bostitch Staples Classic,5.85,2.0,0.5,2.54
4437,US-2023-101390,07-May-2023,2023-05-10,Mia Wilson,Home Office,East,Office Supplies,Supplies,Elmer's Glue Pack Pro,20.95,1.0,0.0,10.72
4438,US-2022-102520,21-Mar-2022,2022-03-22,Kenji King,Consumer,Central,Office Supplies,Binders,Acco Binder Deluxe,22.28,1.0,0.0,13.13
4439,US-2021-102141,18/05/2021,20-May-2021,Arjun Rodriguez,Consumer,West,Furniture,Furnishings,Eldon Desk Lamp Value,54.65,1.0,0.0,24.87
4440,US-2024-100863,"July 29, 2024",08/05/2024,Chloe Clark,Corporate,South,Furniture,Tables,Chromcraft Round Table Pro,1136.34,3.0,0.15,160.28
4441,US-2022-100101,02/02/2022,05/02/2022,Olivia Davis,Corporate,Central,Office Supplies,Storage,IRIS Storage Box Value,554.53,6.0,0.1,193.58
4442,US-2022-102523,"April 29, 2022",05/06/2022,Mia Young,Home Office,South,Office Supplies,Supplies,Stanley Hole Punch Pro,23.48,1.0,0.1,12.06
4443,US-2023-103228,2023-04-26,"April 30, 2023",Amit Smith,Corporate,East,Furniture,Chairs,Hon Task Chair Value,170.64,1.0,0.0,58.55
4444,US-2022-102152,24/08/2022,27-Aug-2022,Amit Kumar,Consumer,South,Office Supplies,Fasteners,Bostitch Staples Deluxe,15.96,2.0,0.0,11.09
4445,US-2024-102533,08/14/2024,18/08/2024,Wei King,Home Office,East,Office Supplies,Paper,Boise Copy Paper Value,19.13,1.0,0.0,12.55
4446,US-2024-103094,10-Dec-2024,2024-12-12,Olivia Wright,Corporate,East,Furniture,Furnishings,Fellowes Wall Clock Classic,45.64,1.0,0.2,15.52
4447,US-2024-102786,09/05/2024,09/09/2024,Maria Rodriguez,Consumer,East,Office Supplies,Envelopes,Kraft Clasp Envelope Deluxe,22.4,5.0,0.8,-18.3
4448,US-2022-100558,"July 24, 2022",07/28/2022,Maria Walker,Corporate,West,Office Supplies,Art,Newell Scissors Standard,14.21,2.0,0.0,8.09
4449,US-2022-100036,2022-08-31,"September 01, 2022",Noah Johnson,Home Office,East,Office Supplies,Storage,Fellowes File Cart Value,372.65,3.0,0.15,111.64
4450,US-2024-100744,2024-11-13,"November 20, 2024",Hannah King,Consumer,Central,Furniture,Bookcases,O'Sullivan Bookcase Pro,430.05,2.0,0.15,76.04
4451,US-2022-102822,04/10/2022,11/04/2022,Isabella Clark,Home Office,South,Office Supplies,Storage,SAFCO Storage Bin Classic,235.9,2.0,0.1,82.71
4452,US-2021-101273,2021-06-13,"June 14, 2021",Chloe Lee,Corporate,South,Office Supplies,Art,Newell Scissors Classic,14.86,1.0,0.2,6.65
4453,US-2023-100904,18/07/2023,24-Jul-2023,Maria Patel,Corporate,East,Furniture,Bookcases,O'Sullivan Bookcase Deluxe,1211.93,4.0,0.1,275.58
4454,US-2023-100091,"December 05, 2023",12/08/2023,Grace Wilson,Consumer,South,Office Supplies,Supplies,Elmer's Glue Pack Classic,102.79,5.0,0.0,55.15
4455,US-2022-100279,07/26/2022,31/07/2022,Mia Anderson,Home Office,South,Office Supplies,Paper,HP Premium Paper Pro,34.05,3.0,0.0,22.72
4456,US-2022-102365,2022-12-25,"December 28, 2022",Mateo Lee,Home Office,South,Office Supplies,Appliances,Avanti Refrigerator Pro,483.23,4.0,0.0,
4457,US-2024-101044,20-Nov-2024,2024-11-23,Ravi Brown,Consumer,East,Furniture,Furnishings,Fellowes Wall Clock Classic,68.68,4.0,0.6,-29.13
4458,US-2023-100443,2023-04-26,"April 30, 2023",Hannah Martinez,Corporate,West,Office Supplies,Art,Newell Scissors Value,7.55,2.0,0.7,-2.99
4459,US-2022-101059,2022-11-05,"November 07, 2022",James Anderson,Consumer,Central,Furniture,Bookcases,Bush Classic Bookcase Pro,172.99,2.0,0.4,-36.21
4460,US-2022-101628,02/21/2022,24/02/2022,Kenji Garcia,Consumer,East,Furniture,Chairs,Hon Task Chair Pro,571.68,2.0,0.0,200.99
4461,US-2022-102737,2022-12-15,"December 18, 2022",Liam Johnson,Consumer,South,Office Supplies,Paper,HP Premium Paper Standard,26.06,3.0,0.0,17.09
4462,US-2022-102517,"May 09, 2022",05/16/2022,Carlos Patel,Consumer,West,Technology,Copiers,Canon imageCLASS Copier Value,2073.21,2.0,0.1,237.58
4463,US-2024-100796,"September 28, 2024",10/04/2024,Kavya Wright,Consumer,West,Technology,Phones,Apple iPhone Accessory Classic,891.18,2.0,0.0,312.5
4464,US-2021-103009,2021-09-01,"September 05, 2021",Chloe King,Consumer,East,Office Supplies,Envelopes,Kraft Clasp Envelope Value,19.42,1.0,0.0,12.01
4465,US-2023-101712,08/12/2023,12-Dec-2023,,Consumer,East,Furniture,Tables,Chromcraft Round Table Pro,2305.8,5.0,0.0,568.18
4466,US-2022-100107,03/02/2022,03/03/2022,Grace Brown,Home Office,West,Office Supplies,Supplies,Stanley Hole Punch Deluxe,40.9,2.0,0.15,19.37
4467,US-2023-100680,12/30/2023,03/01/2024,Carlos Thomas,Consumer,East,Office Supplies,Fasteners,Bostitch Staples Pro,14.48,2.0,0.0,9.59
4468,US-2023-101232,"October 27, 2023",10/31/2023,Hannah Rodriguez,Consumer,South,Office Supplies,Envelopes,Poly String Envelope Standard,12.78,1.0,0.0,8.17
4469,US-2024-102830,"May 29, 2024",06/03/2024,Olivia Wilson,Home Office,West,Office Supplies,Binders,GBC Binding System Value,44.01,3.0,0.1,25.13
4470,US-2021-100087,"June 05, 2021",06/09/2021,Kavya Davis,Home Office,West,Office Supplies,Appliances,Avanti Refrigerator Pro,621.87,5.0,0.0,251.16
4471,US-2024-102474,25/11/2024,27-Nov-2024,Arjun Smith,Home Office,South,Office Supplies,Labels,Sharpie Label Tape Value,29.46,3.0,0.2,16.31
4472,US-2023-102015,"August 08, 2023",08/14/2023,Chloe Thomas,Consumer,East,Furniture,Tables,Bevis Table Classic,233.6,1.0,0.0,56.65
4473,US-2024-101721,02/29/2024,07/03/2024,Grace Kumar,Consumer,East,Office Supplies,Binders,GBC Binding System Value,13.46,1.0,0.5,2.8
4474,US-2022-102273,04/02/2022,07/04/2022,Ethan Wilson,Consumer,South,Furniture,Tables,Chromcraft Round Table Pro,950.03,4.0,0.2,46.84
4475,US-2022-100828,11/12/2022,15/11/2022,Zoe Brown,Corporate,West,Office Supplies,Binders,Acco Binder Classic,46.64,4.0,0.1,27.34
4476,US-2024-103186,2024-08-02,"August 04, 2024",Maria Wright,Corporate,South,Office Supplies,Fasteners,ACCO Fasteners Deluxe,4.52,1.0,0.1,3.09
4477,US-2022-102796,"May 07, 2022",05/14/2022,Isabella Martinez,Home Office,West,Office Supplies,Art,Prismacolor Pencils Value,46.79,3.0,0.1,23.88
4478,US-2021-102187,09/09/2021,12-Sep-2021,Chloe Johnson,Consumer,Central,Office Supplies,Appliances,Avanti Refrigerator Value,201.74,3.0,0.0,75.84
4479,US-2023-103037,"May 24, 2023",05/29/2023,Maria King,Consumer,East,Office Supplies,Labels,Avery Label Set Value,52.79,5.0,0.0,35.7
4480,US-2022-101819,"January 31, 2022",02/02/2022,Amit Kumar,Consumer,East,Office Supplies,Fasteners,Bostitch Staples Deluxe,2.05,1.0,0.7,-0.06
4481,US-2022-101783,16/10/2022,17-Oct-2022,Liam King,Consumer,East,Office Supplies,Supplies,Elmer's Glue Pack Classic,22.22,2.0,0.4,4.84
4482,US-2024-102939,2024-10-11,"October 18, 2024",James Johnson,Corporate,East,Office Supplies,Supplies,Elmer's Glue Pack Classic,55.55,2.0,0.0,30.33
4483,US-2023-101016,"June 11, 2023",06/12/2023,Isabella Thomas,Home Office,West,Office Supplies,Appliances,Avanti Refrigerator Deluxe,213.18,4.0,0.6,-127.69
4484,US-2023-101774,"August 23, 2023",08/29/2023,Mia Lee,Corporate,West,Technology,Machines,Lexmark Printer Classic,511.2,1.0,0.3,-70.18
4485,US-2023-100264,20/01/2023,27-Jan-2023,Nina Lee,Home Office,West,Furniture,Tables,Bretford Conference Table Classic,692.8,2.0,0.1,141.7
4486,US-2022-100354,21/08/2022,27-Aug-2022,Isabella Lee,Consumer,Central,Furniture,Chairs,Harbour Creations Chair Classic,350.8,2.0,0.0,100.58
4487,US-2022-102557,"October 17, 2022",10/21/2022,Arjun Kumar,Corporate,Central,Furniture,Bookcases,Sauder Bookcase Pro,,1.0,0.2,19.07
4488,US-2023-102870,2023-03-17,"March 24, 2023",Chloe Anderson,Consumer,West,Technology,Copiers,Hewlett Packard Copier Deluxe,2971.72,2.0,0.0,546.63
4489,US-2023-101246,16/06/2023,22-Jun-2023,Liam Nair,Consumer,Central,Office Supplies,Envelopes,Poly String Envelope Deluxe,19.88,2.0,0.15,10.38
4490,US-2021-102434,14-Jun-2021,2021-06-17,Olivia Wright,Consumer,East,Office Supplies,Appliances,Avanti Refrigerator Pro,116.55,4.0,0.15,36.14
4491,US-2024-102815,"May 22, 2024",05/24/2024,Olivia Davis,Corporate,West,Furniture,Bookcases,Sauder Bookcase Classic,220.69,1.0,0.15,34.17
4492,US-2023-100967,31-Dec-2023,2024-01-07,Kavya Martinez,Consumer,East,Office Supplies,Binders,Acco Binder Deluxe,65.98,4.0,0.0,40.34
4493,US-2023-102968,11/02/2023,16-Feb-2023,Chloe Lee,Consumer,East,Office Supplies,Supplies,Elmer's Glue Pack Deluxe,128.7,4.0,0.0,74.56
4494,US-2023-100026,2023-11-26,"November 29, 2023",Ethan Patel,Corporate,Central,Office Supplies,Paper,Xerox Multipurpose Paper Standard,16.53,1.0,0.1,10.48
4495,US-2023-101255,27/05/2023,28-May-2023,Ananya Davis,Home Office,Central,Office Supplies,Paper,Xerox Multipurpose Paper Pro,20.2,2.0,0.15,12.32
4496,US-2023-102368,24/10/2023,31-Oct-2023,Daniel Johnson,Consumer,East,Office Supplies,Labels,Sharpie Label Tape Classic,9.51,1.0,0.0,6.22
4497,US-2023-101300,2023-09-15,"September 20, 2023",Yusuf Young,Consumer,South,Furniture,Chairs,Hon Task Chair Deluxe,99.07,1.0,0.1,25.41
4498,US-2024-100043,11/12/2024,15-Dec-2024,Olivia Wright,Consumer,Central,Technology,Accessories,Belkin Cable Standard,72.34,2.0,0.0,36.9
4499,US-2022-102714,2022-10-02,"October 07, 2022",Mia Thomas,Consumer,Central,Office Supplies,Envelopes,Poly String Envelope Deluxe,31.8,2.0,0.0,19.22
4500,US-2022-100841,2022-12-07,"December 10, 2022",Wei King,Consumer,Central,Furniture,Bookcases,O'Sullivan Bookcase Value,221.34,1.0,0.1,48.91
4501,US-2024-101592,11-Sep-2024,2024-09-15,Lucas Wilson,Consumer,East,Furniture,Chairs,Harbour Creations Chair Pro,282.74,2.0,0.2,48.62
4502,US-2023-101908,2023-12-01,"December 04, 2023",Lucas King,Corporate,East,Office Supplies,Storage,Fellowes File Cart Deluxe,753.77,6.0,0.0,304.64
4503,US-2023-101248,12/31/2023,07/01/2024,Carlos Lee,Corporate,East,Furniture,Chairs,Hon Task Chair Standard,743.69,4.0,0.15,170.37
4504,US-2023-100255,05/02/2023,06/05/2023,Priya Rodriguez,Corporate,South,Furniture,Chairs,Global Deluxe Chair Value,,1.0,0.2,34.82
4505,US-2022-101226,02/12/2022,15/02/2022,Wei Lee,Home Office,West,Office Supplies,Envelopes,Poly String Envelope Deluxe,18.55,2.0,0.0,12.08
4506,US-2021-101522,04/07/2021,09/04/2021,Ravi Anderson,Corporate,Central,Office Supplies,Fasteners,Bostitch Staples Standard,14.53,2.0,0.0,10.57
4507,US-2023-100776,04/26/2023,01/05/2023,Emma Brown,Consumer,West,Office Supplies,Paper,Xerox Multipurpose Paper Deluxe,63.1,6.0,0.0,39.15
4508,US-2021-102057,2021-01-25,"January 28, 2021",Carlos Chen,Home Office,West,Office Supplies,Labels,Sharpie Label Tape Value,1.93,1.0,,-1.44
4509,US-2024-100779,30/05/2024,06-Jun-2024,Carlos Lee,Corporate,West,Office Supplies,Labels,Sharpie Label Tape Value,15.34,3.0,0.3,8.06
4510,US-2021-100136,03/01/2021,02/03/2021,Maria Thomas,Consumer,East,Office Supplies,Labels,Sharpie Label Tape Deluxe,19.08,2.0,0.0,13.77
4511,US-2024-102814,18-Sep-2024,2024-09-25,Amit Brown,Consumer,East,Office Supplies,Appliances,Honeywell Fan Standard,380.68,3.0,0.1,137.99
4512,US-2022-101561,26/01/2022,29-Jan-2022,Maria King,Consumer,South,Technology,Accessories,Belkin Cable Standard,298.0,4.0,0.0,144.75
4513,US-2023-101540,"June 07, 2023",06/10/2023,Ananya Johnson,Consumer,East,Office Supplies,Paper,Xerox Multipurpose Paper Deluxe,6.95,1.0,0.2,4.03
4514,US-2024-101968,2024-11-27,"November 30, 2024",Priya Garcia,Home Office,West,Office Supplies,Labels,Avery Label Set Standard,17.99,3.0,0.4,8.19
4515,US-2022-101913,06/07/2022,10/06/2022,Mateo Nair,Consumer,West,Office Supplies,Supplies,Elmer's Glue Pack Standard,72.81,3.0,0.0,39.08
4516,US-2022-102381,"August 19, 2022",08/22/2022,Amit Johnson,Consumer,West,Technology,Machines,Lexmark Printer Deluxe,644.92,2.0,0.4,-215.74
4517,US-2021-101663,"March 11, 2021",03/15/2021,Zoe Clark,Corporate,West,Technology,Phones,Cisco IP Phone Deluxe,258.99,1.0,0.1,66.45
4518,US-2022-102532,"February 18, 2022",02/22/2022,James Wilson,Home Office,Central,Office Supplies,Envelopes,Poly String Envelope Classic,37.76,2.0,0.0,23.4
4519,US-2024-101267,08/20/2024,24/08/2024,Zoe Anderson,Corporate,East,Office Supplies,Storage,Fellowes File Cart Pro,62.42,1.0,0.4,5.27
4520,US-2024-101606,16/05/2024,18-May-2024,Mia Thomas,Consumer,South,Office Supplies,Storage,Fellowes File Cart Pro,107.31,1.0,0.0,43.94
4521,US-2024-101660,09/25/2024,29/09/2024,Liam Wright,Corporate,South,Office Supplies,Envelopes,Kraft Clasp Envelope Pro,4.59,1.0,0.7,-1.19
4522,US-2021-100829,19-Jul-2021,2021-07-26,Ethan Anderson,Consumer,South,Technology,Copiers,Hewlett Packard Copier Deluxe,1670.38,3.0,0.6,-1613.93
4523,US-2021-103164,08/05/2021,08/08/2021,Isabella Smith,Corporate,East,Technology,Phones,Cisco IP Phone Classic,353.47,1.0,0.0,117.8
4524,US-2024-103050,25/01/2024,28-Jan-2024,James Garcia,Home Office,West,Furniture,Furnishings,Eldon Desk Lamp Standard,40.82,1.0,0.1,15.41
4525,US-2022-100764,17/09/2022,22-Sep-2022,Mateo Nair,Corporate,West,Furniture,Tables,Bevis Table Pro,997.85,4.0,0.0,240.65
4526,US-2024-103296,22/11/2024,26-Nov-2024,Wei Walker,Consumer,South,Furniture,Tables,Bevis Table Value,643.56,2.0,0.2,39.12
4527,US-2024-100924,2024-06-24,"June 28, 2024",Laura Thomas,Consumer,Central,Office Supplies,Storage,IRIS Storage Box Pro,131.17,1.0,0.0,54.56
4528,US-2021-103047,2021-12-29,"January 03, 2022",Lucas Chen,Consumer,South,Office Supplies,Appliances,Hoover Vacuum Standard,256.86,2.0,0.1,85.88
4529,US-2021-101916,2021-09-04,"September 06, 2021",Mia Anderson,Consumer,West,Office Supplies,Binders,GBC Binding System Pro,24.44,1.0,0.1,13.36
4530,US-2021-103184,10/08/2021,11/10/2021,Mia Chen,Consumer,West,Office Supplies,Fasteners,Bostitch Staples Pro,4.01,1.0,0.4,1.9
4531,US-2021-102167,04/12/2021,07-Dec-2021,Emma Clark,Home Office,Central,Office Supplies,Labels,Avery Label Set Pro,24.22,4.0,0.0,16.21
4532,US-2022-101146,2022-04-30,"May 03, 2022",Priya Walker,Consumer,West,Furniture,Furnishings,Eldon Desk Lamp Pro,133.93,3.0,0.3,29.51
4533,US-2023-100297,"August 12, 2023",08/15/2023,,Home Office,South,Technology,Accessories,Belkin Cable Standard,130.48,3.0,0.0,68.33
4534,US-2021-102509,23-Sep-2021,2021-09-28,Chloe Walker,Home Office,West,Furniture,Chairs,Global Deluxe Chair Pro,213.9,2.0,0.3,10.1
4535,US-2024-100782,"February 17, 2024",02/23/2024,Ravi Walker,Home Office,East,Furniture,Bookcases,Sauder Bookcase Pro,,6.0,0.2,172.45
4536,US-2024-100545,28/01/2024,03-Feb-2024,Priya Brown,Consumer,South,Office Supplies,Storage,Fellowes File Cart Standard,189.0,2.0,0.2,53.39
4537,US-2023-102074,28-Jan-2023,2023-02-02,Isabella Davis,Consumer,Central,Furniture,Chairs,Global Deluxe Chair Deluxe,186.29,1.0,0.2,30.51
4538,US-2022-102228,2022-12-19,"December 23, 2022",Ethan Lee,Consumer,West,Office Supplies,Art,Newell Scissors Value,16.18,2.0,0.3,5.94
4539,US-2024-102542,17-Mar-2024,2024-03-21,Noah Clark,Consumer,Central,Furniture,Bookcases,O'Sullivan Bookcase Deluxe,611.8,2.0,0.0,178.48
4540,US-2021-101897,03/21/2021,28/03/2021,Maria Wright,Corporate,South,Furniture,Chairs,Harbour Creations Chair Pro,755.35,5.0,0.2,114.95
4541,US-2021-101318,"May 28, 2021",06/01/2021,Lucas Anderson,Consumer,East,Technology,Accessories,Belkin Cable Deluxe,71.55,2.0,0.1,33.55
4542,US-2021-100461,09/10/2021,16-Oct-2021,Isabella Brown,Consumer,South,Office Supplies,Storage,SAFCO Storage Bin Pro,294.19,3.0,0.1,108.65
4543,US-2022-102656,2022-01-28,"February 03, 2022",Amit Young,corporate,West,Office Supplies,Supplies,Elmer's Glue Pack Deluxe,67.66,3.0,0.2,30.95
4544,US-2024-100562,"June 21, 2024",06/25/2024,Grace Anderson,Consumer,South,Office Supplies,Supplies,Stanley Hole Punch Classic,51.01,2.0,0.2,21.83
4545,US-2021-100488,25-Aug-2021,2021-08-30,Olivia Lee,Corporate,East,Office Supplies,Fasteners,Bostitch Staples Pro,6.55,1.0,0.0,4.57
4546,US-2023-102565,07-Jul-2023,2023-07-12,Ananya Garcia,Corporate,Central,Office Supplies,Storage,IRIS Storage Box Standard,252.79,3.0,0.15,89.12
4547,US-2023-100098,09/04/2023,14-Apr-2023,Hannah Davis,Corporate,West,Office Supplies,Supplies,Elmer's Glue Pack Classic,107.55,3.0,0.0,59.58
4548,US-2023-102726,16-Jan-2023,2023-01-20,Ravi Kumar,Consumer,Central,Office Supplies,Storage,IRIS Storage Box Standard,202.36,2.0,0.0,82.61
4549,US-2023-102396,"March 14, 2023",03/18/2023,Chloe Wright,Consumer,South,Technology,Accessories,Logitech Mouse Standard,71.93,2.0,0.0,36.81
4550,US-2021-101521,"May 23, 2021",05/28/2021,Priya Patel,Corporate,West,Technology,Accessories,SanDisk USB Drive Pro,21.83,1.0,0.4,3.41
4551,US-2021-103213,05/05/2021,12-May-2021,Isabella Young,Consumer,West,Technology,Phones,Apple iPhone Accessory Classic,438.66,1.0,0.0,101.45
4552,US-2021-100785,10/19/2021,22/10/2021,Ethan Rodriguez,Consumer,South,Technology,Phones,Cisco IP Phone Value,809.1,3.0,0.15,127.79
4553,US-2023-103065,16-Nov-2023,2023-11-18,Zoe Clark,Home Office,West,Furniture,Tables,Chromcraft Round Table Deluxe,385.9,1.0,0.0,84.99
4554,US-2024-102815,22/05/2024,24-May-2024,Olivia Davis,Corporate,West,Technology,Phones,Samsung Galaxy Dock Deluxe,920.42,4.0,0.1,196.68
4555,US-2021-103130,2021-03-02,"March 07, 2021",Wei Kumar,Consumer,West,Office Supplies,Paper,Xerox Multipurpose Paper Value,37.35,3.0,0.0,25.04
4556,US-2022-101980,2022-01-21,"January 25, 2022",Omar Lee,Consumer,East,Office Supplies,Storage,SAFCO Storage Bin Standard,56.07,1.0,0.1,18.45
4557,US-2021-101986,2021-04-09,"April 15, 2021",Mia Smith,Consumer,West,Office Supplies,Storage,SAFCO Storage Bin Classic,248.05,4.0,0.2,74.37
4558,US-2022-100189,14-May-2022,2022-05-21,Isabella King,Corporate,West,Office Supplies,Art,Prismacolor Pencils Standard,14.43,1.0,0.1,8.02
4559,US-2023-101492,2023-03-14,"March 20, 2023",Zoe Wilson,Consumer,West,Office Supplies,Binders,Acco Binder Value,24.88,1.0,0.1,14.62
4560,US-2024-103157,08/28/2024,30/08/2024,Mia Clark,Consumer,Central,Office Supplies,Storage,IRIS Storage Box Standard,144.8,2.0,0.0,59.92
4561,US-2022-102643,"July 14, 2022",07/21/2022,Ethan Garcia,Corporate,East,Office Supplies,Art,Sharpie Marker Set Deluxe,8.96,1.0,0.3,3.97
4562,US-2023-100494,25-Nov-2023,2023-11-29,Omar King,Corporate,East,Furniture,Chairs,Hon Task Chair Classic,553.7,5.0,0.5,-209.22
4563,US-2024-101852,24/07/2024,31-Jul-2024,Daniel Rodriguez,Consumer,East,Office Supplies,Storage,SAFCO Storage Bin Classic,102.41,4.0,0.7,-91.4
4564,US-2022-102081,03-Apr-2022,2022-04-07,Grace Smith,Consumer,South,Furniture,Tables,Chromcraft Round Table Value,959.73,2.0,0.0,235.69
4565,US-2023-102968,2023-02-11,"February 16, 2023",Chloe Lee,Consumer,East,Office Supplies,Labels,Avery Label Set Deluxe,22.14,3.0,0.0,15.34
4566,US-2021-100034,31/01/2021,05-Feb-2021,Wei Davis,Consumer,South,Office Supplies,Binders,GBC Binding System Classic,8.04,1.0,0.3,3.13
4567,US-2023-102441,25/03/2023,01-Apr-2023,Kenji Walker,Consumer,Central,Office Supplies,Supplies,Elmer's Glue Pack Standard,86.9,4.0,0.1,41.34
4568,US-2023-102073,01/27/2023,30/01/2023,Kavya Nair,Corporate,West,Furniture,Bookcases,Sauder Bookcase Classic,1107.57,3.0,0.0,324.21
4569,US-2021-101133,07/02/2021,05/07/2021,Omar Wright,Corporate,West,Office Supplies,Art,Sharpie Marker Set Deluxe,14.08,2.0,0.15,7.09
4570,US-2023-100878,03/13/2023,17/03/2023,Kavya Smith,Corporate,Central,Office Supplies,Supplies,Elmer's Glue Pack Classic,50.43,3.0,0.1,23.9
4571,US-2021-102490,2021-12-22,"December 27, 2021",Chloe Wright,Consumer,East,Furniture,Chairs,Global Deluxe Chair Classic,376.15,3.0,0.2,54.47
4572,US-2021-102001,2021-03-19,"March 22, 2021",Zoe Lee,Corporate,South,Office Supplies,Paper,HP Premium Paper Value,42.74,6.0,0.2,21.6
4573,US-2023-100564,07/16/2023,20/07/2023,Ananya Patel,Consumer,Central,Office Supplies,Paper,Xerox Multipurpose Paper Pro,94.64,6.0,0.0,62.29
4574,US-2023-101977,"July 01, 2023",07/05/2023,James Wright,Corporate,West,Office Supplies,Envelopes,Kraft Clasp Envelope Standard,23.3,2.0,0.0,14.34
4575,US-2022-101292,11/22/2022,25/11/2022,Daniel Clark,Consumer,East,Office Supplies,Labels,Avery Label Set Pro,23.91,3.0,0.2,12.97
4576,US-2022-102868,12/18/2022,21/12/2022,Ananya Kumar,Corporate,Central,Office Supplies,Supplies,Stanley Hole Punch Classic,16.48,1.0,0.4,3.33
4577,US-2021-101836,15-Dec-2021,2021-12-19,Chloe Garcia,Consumer,Central,Office Supplies,Supplies,Elmer's Glue Pack Value,184.2,6.0,0.0,102.47
4578,US-2023-100456,"June 07, 2023",06/11/2023,Zoe Lee,Consumer,Central,Office Supplies,Fasteners,ACCO Fasteners Classic,3.27,1.0,0.5,1.26
4579,US-2024-103170,02/10/2024,05-Oct-2024,Amit Anderson,Consumer,South,Office Supplies,Paper,Xerox Multipurpose Paper Deluxe,1.81,1.0,0.8,-1.28
4580,US-2021-102105,2021-11-08,"November 12, 2021",Mia Smith,Home Office,Central,Office Supplies,Labels,Sharpie Label Tape Deluxe,7.81,1.0,0.0,5.1
4581,US-2021-100165,2021-05-05,"May 07, 2021",Priya Lee,Consumer,South,Office Supplies,Fasteners,Bostitch Staples Standard,8.14,1.0,0.15,5.2
4582,US-2024-103322,02-Apr-2024,2024-04-08,Amit Johnson,Consumer,East,Office Supplies,Appliances,Honeywell Fan Pro,241.67,3.0,0.1,81.95
4583,US-2021-102713,10/01/2021,11-Jan-2021,Priya Wilson,Corporate,West,Office Supplies,Appliances,Avanti Refrigerator Value,303.34,4.0,0.3,51.59
4584,US-2023-103007,20-Jan-2023,2023-01-27,Grace Brown,Home Office,Central,Furniture,Tables,Bretford Conference Table Pro,877.77,2.0,0.2,54.38
4585,US-2021-101396,24-Nov-2021,2021-11-30,Kavya Brown,Consumer,Central,Office Supplies,Supplies,Elmer's Glue Pack Pro,173.54,6.0,0.0,94.44
4586,US-2023-101633,16-Feb-2023,2023-02-21,Sofia Clark,Consumer,West,Furniture,Bookcases,O'Sullivan Bookcase Pro,215.88,1.0,0.0,60.23
4587,US-2024-101250,14/10/2024,15-Oct-2024,Mia Brown,Consumer,Central,Office Supplies,Fasteners,ACCO Fasteners Value,22.32,3.0,0.0,15.62
4588,US-2021-102034,10/02/2021,16-Feb-2021,Priya King,Corporate,Central,Office Supplies,Labels,Avery Label Set Deluxe,30.53,4.0,0.0,19.96
4589,US-2023-100428,18-Jul-2023,2023-07-21,Daniel Wright,Consumer,Central,Technology,Phones,Apple iPhone Accessory Deluxe,213.26,1.0,0.15,30.84
4590,US-2021-100567,08/08/2021,14/08/2021,Arjun Wright,Home Office,East,Office Supplies,Paper,Boise Copy Paper Pro,27.32,2.0,0.15,17.22
4591,US-2021-103149,06/01/2021,09-Jan-2021,Amit Clark,Corporate,Central,Office Supplies,Envelopes,Poly String Envelope Standard,13.22,3.0,0.0,8.24
4592,US-2021-101353,11-Jul-2021,2021-07-18,Sofia King,Consumer,East,Office Supplies,Storage,Fellowes File Cart Pro,154.48,2.0,0.4,6.11
4593,US-2022-100590,10/11/2022,16-Nov-2022,Chloe Anderson,Consumer,East,Office Supplies,Fasteners,ACCO Fasteners Standard,3.25,1.0,0.1,2.23
4594,US-2023-101929,23-Aug-2023,2023-08-25,Emma Rodriguez,Corporate,Central,Office Supplies,Envelopes,Poly String Envelope Value,63.86,3.0,0.2,33.59
4595,US-2021-101043,26/10/2021,31-Oct-2021,James Anderson,Home Office,Central,Office Supplies,Fasteners,ACCO Fasteners Pro,8.23,1.0,0.0,5.78
4596,US-2022-102776,07/12/2022,10-Dec-2022,Hannah Wright,Consumer,Central,Office Supplies,Fasteners,Bostitch Staples Classic,38.32,5.0,0.0,26.51
4597,US-2023-102653,04-Oct-2023,2023-10-06,Yusuf Wright,Corporate,East,Office Supplies,Appliances,Honeywell Fan Classic,124.44,1.0,0.2,37.15
4598,US-2021-101024,07/08/2021,10-Aug-2021,Sofia Brown,Corporate,East,Technology,Accessories,SanDisk USB Drive Classic,21.24,1.0,0.5,-0.29
4599,US-2022-100198,10/21/2022,25/10/2022,Daniel Nair,Corporate,East,Office Supplies,Supplies,Stanley Hole Punch Standard,225.67,6.0,0.0,125.1
4600,US-2023-102231,11/10/2023,13/11/2023,Noah Walker,Consumer,West,Office Supplies,Labels,Avery Label Set Classic,20.49,4.0,0.5,6.79
4601,US-2023-102543,"July 22, 2023",07/26/2023,Grace Anderson,Corporate,Central,Office Supplies,Supplies,Stanley Hole Punch Deluxe,13.86,1.0,0.2,
4602,US-2023-100408,"May 27, 2023",05/31/2023,Noah Garcia,Consumer,West,Furniture,Tables,Bretford Conference Table Pro,981.22,4.0,0.0,241.22
4603,US-2023-102059,04-Jan-2023,2023-01-05,Carlos Nair,Corporate,West,Office Supplies,Labels,Sharpie Label Tape Pro,10.34,1.0,0.0,7.23
4604,US-2023-100574,10/29/2023,01/11/2023,Mia Thomas,Corporate,West,Office Supplies,Fasteners,Bostitch Staples Value,19.33,3.0,0.0,13.58
4605,US-2023-103183,2023-08-26,"August 30, 2023",Emma Young,Corporate,East,Technology,Accessories,SanDisk USB Drive Standard,71.48,1.0,0.0,34.27
4606,US-2021-101321,"October 09, 2021",10/14/2021,Ethan Nair,Consumer,Central,Office Supplies,Paper,Boise Copy Paper Deluxe,38.44,3.0,0.1,23.55
4607,US-2021-101630,"February 13, 2021",02/17/2021,Priya Johnson,Consumer,South,Office Supplies,Envelopes,Kraft Clasp Envelope Value,10.25,1.0,0.0,6.4
4608,US-2022-102983,2022-07-09,"July 16, 2022",Mia Wilson,Home Office,Central,Office Supplies,Supplies,Stanley Hole Punch Standard,50.21,3.0,0.1,23.49
4609,US-2023-103086,"July 21, 2023",07/24/2023,Arjun Anderson,Consumer,West,Technology,Machines,Lexmark Printer Standard,565.62,1.0,0.0,140.29
4610,US-2024-102155,06-Dec-2024,2024-12-10,Kenji Patel,Consumer,Central,Furniture,Bookcases,Sauder Bookcase Deluxe,294.35,1.0,0.15,43.77
4611,US-2022-101192,2022-11-19,"November 24, 2022",Daniel Anderson,Consumer,Central,Office Supplies,Art,Sharpie Marker Set Deluxe,87.02,5.0,0.0,52.87
4612,US-2024-102473,2024-03-27,"March 30, 2024",Noah Nair,Corporate,West,Technology,Accessories,Belkin Cable Value,158.09,3.0,0.0,81.52
4613,US-2023-102773,17/10/2023,23-Oct-2023,Chloe Garcia,Consumer,West,Furniture,Bookcases,Sauder Bookcase Pro,267.42,1.0,0.1,50.45
4614,US-2024-103192,"December 16, 2024",12/17/2024,Ethan Kumar,Consumer,East,Office Supplies,Art,Newell Scissors Deluxe,36.83,5.0,0.4,12.2
4615,US-2022-102171,2022-05-10,"May 16, 2022",Daniel Walker,Corporate,West,Technology,Accessories,SanDisk USB Drive Standard,41.58,1.0,0.3,12.26
4616,US-2022-103078,18/11/2022,22-Nov-2022,Nina Davis,Consumer,East,Furniture,Bookcases,O'Sullivan Bookcase Pro,665.75,3.0,0.1,133.45
4617,US-2021-102191,2021-11-07,"November 08, 2021",James Young,Corporate,West,Office Supplies,Labels,Avery Label Set Deluxe,13.56,2.0,0.3,7.21
4618,US-2024-101930,03/06/2024,08-Jun-2024,Ethan Garcia,Corporate,East,Office Supplies,Envelopes,Poly String Envelope Classic,13.15,1.0,0.1,7.53
4619,US-2023-100222,2023-05-04,"May 07, 2023",Sofia Chen,Consumer,West,Technology,Accessories,Logitech Mouse Value,9.62,1.0,0.7,-6.36
4620,US-2022-102951,2022-05-16,"May 21, 2022",Laura Walker,Consumer,East,Office Supplies,Paper,Boise Copy Paper Standard,30.11,2.0,0.1,19.36
4621,US-2024-103079,04/09/2024,12/04/2024,James Smith,Home Office,West,Office Supplies,Labels,Sharpie Label Tape Classic,32.38,6.0,0.3,17.58
4622,US-2021-100313,08/20/2021,24/08/2021,Maria Clark,Corporate,East,Office Supplies,Storage,Fellowes File Cart Deluxe,398.28,3.0,0.0,
4623,US-2022-103145,02-Jun-2022,2022-06-05,Daniel Martinez,Home Office,Central,Office Supplies,Binders,GBC Binding System Pro,36.65,4.0,0.5,7.21
4624,US-2024-102527,15-Mar-2024,2024-03-17,Sofia Rodriguez,Consumer,Central,Technology,Copiers,Hewlett Packard Copier Standard,903.85,1.0,0.0,161.07
4625,US-2023-102111,21-Oct-2023,2023-10-24,Carlos Lee,Consumer,West,Office Supplies,Labels,Sharpie Label Tape Classic,18.34,3.0,0.3,10.22
4626,US-2023-100116,11/29/2023,01/12/2023,Grace Rodriguez,Corporate,West,Furniture,Furnishings,Fellowes Wall Clock Classic,39.86,1.0,0.0,17.37
4627,US-2024-100796,28-Sep-2024,2024-10-04,Kavya Wright,Consumer,West,Technology,Accessories,SanDisk USB Drive Standard,224.04,5.0,0.1,98.72
4628,US-2024-102109,13-Nov-2024,2024-11-15,Yusuf Brown,Consumer,South,Office Supplies,Envelopes,Kraft Clasp Envelope Classic,37.57,3.0,0.0,23.25
4629,US-2022-101626,"July 02, 2022",07/08/2022,Mateo Young,Corporate,East,Office Supplies,Supplies,Stanley Hole Punch Standard,58.68,4.0,0.4,18.15
4630,US-2023-102414,02/09/2023,13/02/2023,Amit Anderson,Consumer,West,Office Supplies,Supplies,Elmer's Glue Pack Standard,13.79,1.0,0.4,2.09
4631,US-2022-101106,11/08/2022,17-Aug-2022,Lucas Kumar,Corporate,West,Technology,Phones,Samsung Galaxy Dock Pro,1569.96,5.0,0.15,243.17
4632,US-2023-103293,2023-07-26,"July 30, 2023",Maria Lee,Consumer,Central,Furniture,Furnishings,Eldon Desk Lamp Value,305.54,6.0,0.2,83.28
4633,US-2023-101723,03-May-2023,2023-05-08,Sofia Garcia,Consumer,West,Technology,Accessories,Belkin Cable Deluxe,148.06,4.0,0.4,26.9
4634,US-2022-101820,2022-10-23,"October 27, 2022",Liam Anderson,Consumer,West,Office Supplies,Appliances,Hoover Vacuum Deluxe,669.78,4.0,0.0,268.3
4635,US-2024-100719,2024-11-28,"December 03, 2024",Priya Brown,Consumer,West,Office Supplies,Labels,Sharpie Label Tape Pro,18.56,3.0,0.0,12.58
4636,US-2021-100978,2021-01-29,"February 01, 2021",Lucas Brown,Corporate,East,Office Supplies,Supplies,Stanley Hole Punch Standard,57.62,5.0,0.4,17.64
4637,US-2024-102050,21-Dec-2024,2024-12-25,Priya Wright,Consumer,West,Office Supplies,Binders,GBC Binding System Pro,31.82,2.0,0.2,16.01
4638,US-2024-102091,02/01/2024,04/02/2024,James Clark,Home Office,South,Office Supplies,Labels,Sharpie Label Tape Deluxe,14.36,2.0,0.0,9.91
4639,US-2024-101716,02/11/2024,16/02/2024,Amit Chen,Consumer,Central,Office Supplies,Binders,Wilson Jones Binder Standard,40.94,6.0,0.7,-11.38
4640,US-2022-101065,07-Jun-2022,2022-06-11,Sofia Davis,Consumer,East,Furniture,Furnishings,Eldon Desk Lamp Standard,59.17,1.0,0.0,25.93
4641,US-2021-102286,26-Oct-2021,2021-10-30,Mateo Kumar,Corporate,South,Office Supplies,Supplies,Stanley Hole Punch Classic,121.95,5.0,0.2,52.89
4642,US-2023-102019,"August 22, 2023",08/26/2023,Ananya Young,Home Office,Central,Office Supplies,Fasteners,Bostitch Staples Value,26.81,3.0,0.1,17.74
4643,US-2023-102018,17-Apr-2023,2023-04-21,Chloe Anderson,Corporate,Central,Technology,Machines,Lexmark Printer Deluxe,1661.43,2.0,0.3,-277.75
4644,US-2021-102130,"June 27, 2021",06/30/2021,Daniel Wilson,Home Office,Central,Office Supplies,Binders,GBC Binding System Pro,40.33,2.0,0.0,24.83
4645,US-2024-102970,2024-07-10,"July 14, 2024",Grace Smith,Consumer,West,Office Supplies,Fasteners,Bostitch Staples Deluxe,8.76,2.0,0.0,6.39
4646,US-2022-102072,23/09/2022,26-Sep-2022,Grace Kumar,Consumer,South,Furniture,Chairs,Harbour Creations Chair Pro,865.81,3.0,0.0,279.2
4647,US-2022-100351,"July 07, 2022",07/12/2022,Ananya Garcia,Home Office,West,Furniture,Bookcases,Sauder Bookcase Classic,309.85,2.0,0.2,19.45
4648,US-2023-101835,11/08/2023,12/11/2023,Carlos Walker,Consumer,West,Office Supplies,Art,Sharpie Marker Set Value,16.45,1.0,,10.33
4649,US-2021-102943,2021-08-17,"August 24, 2021",Daniel Garcia,Consumer,Central,Office Supplies,Art,Newell Scissors Deluxe,15.66,1.0,0.0,8.61
4650,US-2023-100075,05/02/2023,07/05/2023,Maria Brown,Corporate,Central,Office Supplies,Art,Sharpie Marker Set Value,62.88,4.0,0.0,34.38
4651,US-2022-102335,02/24/2022,03/03/2022,Ethan Clark,Consumer,South,Office Supplies,Supplies,Elmer's Glue Pack Deluxe,11.11,1.0,0.5,1.24
4652,US-2023-101764,2023-02-13,"February 16, 2023",Yusuf King,Consumer,Central,Office Supplies,Labels,Avery Label Set Deluxe,20.65,2.0,0.1,13.48
4653,US-2022-102670,05/03/2022,04/05/2022,Kavya Patel,Consumer,Central,Furniture,Chairs,Hon Task Chair Value,707.7,3.0,0.0,232.15
4654,US-2024-102128,04/03/2024,07/04/2024,Ravi Martinez,Consumer,East,Office Supplies,Fasteners,Bostitch Staples Pro,9.83,2.0,0.2,6.21
4655,US-2024-101640,2024-08-30,"September 02, 2024",Omar Wright,Consumer,South,Furniture,Furnishings,Tenex Chairmat Standard,182.5,4.0,0.2,45.48
4656,US-2021-100492,25-Jun-2021,2021-06-27,Yusuf Martinez,Consumer,Central,Technology,Copiers,Canon imageCLASS Copier Value,1409.74,2.0,0.3,-184.49
4657,US-2024-100975,29/04/2024,30-Apr-2024,Maria Nair,Home Office,West,Office Supplies,Paper,Boise Copy Paper Deluxe,20.72,2.0,0.0,13.25
4658,US-2024-100588,17/09/2024,21-Sep-2024,Olivia Nair,Corporate,East,Office Supplies,Labels,Avery Label Set Deluxe,8.96,1.0,0.0,6.12
4659,US-2022-101969,09/30/2022,07/10/2022,Chloe Kumar,Consumer,Central,Technology,Copiers,Hewlett Packard Copier Classic,4772.37,3.0,0.0,949.76
4660,US-2021-101527,2021-10-10,"October 12, 2021",Kavya Rodriguez,Home Office,West,Furniture,Chairs,Harbour Creations Chair Classic,108.33,1.0,0.1,29.21
4661,US-2024-101310,"April 24, 2024",04/29/2024,Emma Patel,Consumer,Central,Office Supplies,Art,Newell Scissors Value,39.57,2.0,0.0,23.6
4662,US-2024-103103,06-Nov-2024,2024-11-11,Carlos Garcia,Consumer,West,Technology,Phones,Samsung Galaxy Dock Pro,1174.64,4.0,0.0,356.78
4663,US-2021-101461,"June 25, 2021",06/30/2021,Sofia Patel,Consumer,Central,Office Supplies,Art,Sharpie Marker Set Standard,65.26,3.0,0.2,31.0
4664,US-2022-100211,25-Apr-2022,2022-04-29,Mia Davis,Consumer,Central,Office Supplies,Envelopes,Kraft Clasp Envelope Deluxe,19.54,3.0,0.4,6.3
4665,US-2022-101405,07/01/2022,13-Jan-2022,Ethan Kumar,Consumer,East,Office Supplies,Binders,Acco Binder Value,13.16,1.0,0.0,8.23
4666,US-2022-100201,2022-08-03,"August 06, 2022",Ravi Clark,Consumer,East,Office Supplies,Labels,Avery Label Set Pro,11.48,1.0,0.1,7.24
4667,US-2024-100483,31/08/2024,05-Sep-2024,Sofia Wright,Consumer,South,Technology,Phones,Samsung Galaxy Dock Deluxe,1216.91,4.0,0.2,104.79
4668,US-2023-101926,2023-09-12,"September 15, 2023",Zoe Kumar,Consumer,Central,Office Supplies,Art,Sharpie Marker Set Value,14.5,1.0,0.1,7.97
4669,US-2023-102804,10/13/2023,19/10/2023,Lucas Martinez,Consumer,West,Furniture,Chairs,Hon Task Chair Standard,168.27,1.0,0.0,54.97
4670,US-2021-103229,01/21/2021,23/01/2021,,Consumer,Central,Office Supplies,Binders,Wilson Jones Binder Standard,27.92,2.0,0.15,14.53
4671,US-2022-101996,2022-07-24,"July 26, 2022",Zoe Brown,Home Office,South,Office Supplies,Binders,Wilson Jones Binder Deluxe,45.15,2.0,0.0,28.77
4672,US-2023-102465,06/07/2023,09/06/2023,Carlos Wright,Corporate,East,Office Supplies,Envelopes,Kraft Clasp Envelope Deluxe,45.25,2.0,0.0,27.54
4673,US-2024-101272,05/25/2024,27/05/2024,Emma Anderson,Corporate,Central,Furniture,Tables,Bevis Table Classic,1418.83,4.0,0.2,114.41
4674,US-2021-101090,12/02/2021,14-Feb-2021,Sofia Anderson,Corporate,South,Office Supplies,Paper,HP Premium Paper Pro,34.98,2.0,0.2,19.55
4675,US-2024-100471,"April 15, 2024",04/18/2024,Ananya Thomas,Consumer,South,Furniture,Chairs,Harbour Creations Chair Classic,68.44,1.0,0.5,-21.14
4676,US-2023-103329,07/27/2023,30/07/2023,Liam Walker,Corporate,South,Office Supplies,Supplies,Elmer's Glue Pack Value,27.6,1.0,0.0,15.71
4677,US-2024-101603,14/03/2024,15-Mar-2024,Zoe Nair,Consumer,West,Office Supplies,Supplies,Elmer's Glue Pack Pro,14.9,1.0,0.1,7.17
4678,US-2022-100053,02/04/2022,05-Apr-2022,James Brown,Corporate,West,Office Supplies,Appliances,Honeywell Fan Pro,507.09,5.0,0.4,-37.37
4679,US-2024-102533,2024-08-14,"August 18, 2024",Wei King,Home Office,East,Office Supplies,Appliances,Honeywell Fan Deluxe,65.69,1.0,0.15,19.5
4680,US-2023-102263,08/28/2023,30/08/2023,Grace Johnson,Consumer,Central,Office Supplies,Labels,Avery Label Set Classic,63.03,6.0,0.0,43.11
4681,US-2023-101733,12/23/2023,28/12/2023,Wei Wright,Home Office,Central,Office Supplies,Paper,Xerox Multipurpose Paper Pro,30.16,3.0,0.3,15.86
4682,US-2021-101416,11/06/2021,09/11/2021,Sofia Clark,Consumer,South,Office Supplies,Supplies,Elmer's Glue Pack Value,45.69,2.0,0.15,22.23
4683,US-2022-102799,15/01/2022,19-Jan-2022,Nina Lee,Consumer,West,Technology,Machines,Lexmark Printer Pro,423.04,1.0,0.3,-61.61
4684,US-2024-102996,2024-05-15,"May 20, 2024",Isabella Thomas,Corporate,East,Office Supplies,Binders,Acco Binder Deluxe,60.77,4.0,0.0,38.86
4685,US-2022-101941,"December 13, 2022",12/17/2022,Grace Rodriguez,Corporate,East,Office Supplies,Fasteners,ACCO Fasteners Classic,16.01,2.0,0.0,
4686,US-2023-101712,"December 08, 2023",12/12/2023,Carlos King,Consumer,East,Office Supplies,Paper,Xerox Multipurpose Paper Classic,31.34,4.0,0.4,13.62
4687,US-2021-101748,21-Jun-2021,2021-06-27,Sofia Rodriguez,Home Office,West,Office Supplies,Storage,SAFCO Storage Bin Value,135.32,2.0,0.3,24.39
4688,US-2022-101110,2022-08-29,"September 01, 2022",Isabella Lee,Consumer,West,Office Supplies,Supplies,Stanley Hole Punch Classic,26.65,2.0,0.0,13.6
4689,US-2024-102761,04-Mar-2024,2024-03-10,Ananya Clark,Corporate,Central,Office Supplies,Appliances,Hoover Vacuum Value,74.75,1.0,0.3,9.68
4690,US-2022-101107,13-Apr-2022,2022-04-15,Liam Clark,Home Office,East,Furniture,Furnishings,Tenex Chairmat Classic,31.21,2.0,0.3,8.0
4691,US-2024-101585,2024-04-20,"April 22, 2024",Priya Martinez,Home Office,West,Office Supplies,Envelopes,Kraft Clasp Envelope Classic,22.25,2.0,0.3,9.89
4692,US-2022-101342,"May 22, 2022",05/29/2022,Wei Wilson,Consumer,East,Office Supplies,Supplies,Elmer's Glue Pack Standard,117.28,4.0,0.0,61.0
4693,US-2022-101398,05/03/2022,07/05/2022,Olivia Johnson,Corporate,West,Technology,Accessories,Logitech Mouse Deluxe,35.98,4.0,0.0,19.51
4694,US-2021-100567,2021-08-08,"August 14, 2021",Arjun Wright,Home Office,East,Office Supplies,Art,Newell Scissors Classic,13.95,1.0,0.15,6.3
4695,US-2024-101845,"November 13, 2024",11/14/2024,Kenji Davis,Consumer,West,Furniture,Chairs,Harbour Creations Chair Classic,866.78,5.0,0.3,10.78
4696,US-2022-100671,2022-01-10,"January 16, 2022",Nina Walker,Corporate,East,Technology,Machines,Cubify 3D Printer Value,698.08,1.0,0.0,144.2
4697,US-2023-101559,10-Jul-2023,2023-07-13,Laura Walker,Home Office,East,Office Supplies,Binders,GBC Binding System Pro,17.73,1.0,0.2,9.54
4698,US-2024-101322,26/08/2024,30-Aug-2024,James Martinez,Consumer,South,Furniture,Bookcases,O'Sullivan Bookcase Deluxe,377.91,2.0,0.4,-72.12
4699,US-2024-100243,24/12/2024,28-Dec-2024,Wei Young,Consumer,West,Office Supplies,Supplies,Elmer's Glue Pack Pro,36.53,2.0,0.0,19.59
4700,US-2021-100548,26-Aug-2021,2021-08-29,,Consumer,West,Furniture,Tables,Chromcraft Round Table Classic,771.18,2.0,0.0,173.77
4701,US-2023-100750,02/09/2023,08-Sep-2023,Kavya Johnson,Home Office,South,Office Supplies,Paper,HP Premium Paper Classic,7.43,1.0,0.3,3.49
4702,US-2024-100275,16-Dec-2024,2024-12-21,,Corporate,Central,Office Supplies,Paper,Boise Copy Paper Pro,68.49,5.0,0.0,45.48
4703,US-2023-101216,2023-08-25,"August 29, 2023",Grace Walker,Consumer,West,Technology,Machines,Lexmark Printer Deluxe,1190.34,2.0,0.2,37.49
4704,US-2024-100718,12-Nov-2024,2024-11-15,Ravi Martinez,Consumer,East,Furniture,Furnishings,Fellowes Wall Clock Classic,104.8,3.0,0.1,41.85
4705,US-2022-101575,09/12/2022,17/09/2022,Omar Davis,Consumer,West,Technology,Copiers,Canon imageCLASS Copier Classic,1272.77,1.0,0.3,-235.18
4706,US-2023-103240,26/02/2023,04-Mar-2023,Sofia Wright,Home Office,Central,Technology,Accessories,Belkin Cable Standard,54.04,1.0,0.0,28.05
4707,US-2021-101178,2021-03-10,"March 14, 2021",Ravi Thomas,Consumer,West,Technology,Copiers,Canon imageCLASS Copier Pro,1627.35,1.0,0.0,340.83
4708,US-2023-101869,2023-06-17,"June 20, 2023",Kenji Anderson,Consumer,West,Technology,Phones,Samsung Galaxy Dock Deluxe,160.22,1.0,0.6,-116.58
4709,US-2024-102412,"March 21, 2024",03/28/2024,Sofia Smith,Corporate,East,Furniture,Furnishings,Tenex Chairmat Value,46.17,3.0,0.7,-42.94
4710,US-2021-101288,05/01/2021,08/05/2021,Carlos Kumar,Consumer,Central,Office Supplies,Fasteners,ACCO Fasteners Deluxe,14.49,2.0,0.0,10.16
4711,US-2022-102224,07-Oct-2022,2022-10-08,Priya Brown,Consumer,Central,Office Supplies,Storage,Fellowes File Cart Classic,54.24,1.0,0.15,16.32
4712,US-2022-101195,13-Jan-2022,2022-01-16,Zoe Smith,Consumer,South,Technology,Phones,Apple iPhone Accessory Pro,895.91,4.0,0.0,247.86
4713,US-2023-102421,"January 11, 2023",01/16/2023,Grace Davis,Consumer,Central,Office Supplies,Supplies,Stanley Hole Punch Value,63.03,2.0,0.0,34.99
4714,US-2022-103298,23-Sep-2022,2022-09-27,Mateo Johnson,Corporate,West,Technology,Copiers,Hewlett Packard Copier Standard,1438.51,1.0,0.1,181.27
4715,US-2021-101833,28/10/2021,04-Nov-2021,Daniel Anderson,Consumer,South,Office Supplies,Storage,Fellowes File Cart Value,119.02,1.0,0.1,41.21
4716,US-2023-100749,"July 02, 2023",07/05/2023,Nina Wright,Home Office,East,Furniture,Bookcases,Sauder Bookcase Classic,324.94,1.0,0.0,89.22
4717,US-2024-101312,24-Oct-2024,2024-10-29,Ethan Garcia,Consumer,South,Furniture,Bookcases,Bush Classic Bookcase Value,457.54,2.0,0.0,116.74
4718,US-2021-101629,18-Oct-2021,2021-10-24,Maria Davis,Consumer,East,Office Supplies,Fasteners,Bostitch Staples Standard,6.39,1.0,0.1,4.29
4719,US-2023-100593,02-Mar-2023,2023-03-06,Arjun Young,Consumer,West,Technology,Accessories,Logitech Mouse Value,143.17,3.0,0.0,75.24
4720,US-2024-101312,2024-10-24,"October 29, 2024",Ethan Garcia,Consumer,South,Office Supplies,Envelopes,Poly String Envelope Standard,52.73,3.0,0.0,33.56
4721,US-2023-102792,2023-08-02,"August 06, 2023",Sofia Martinez,Home Office,East,Office Supplies,Envelopes,Poly String Envelope Standard,72.05,3.0,0.0,43.67
4722,US-2022-102266,29-May-2022,2022-05-31,Isabella Chen,Corporate,East,Office Supplies,Fasteners,Bostitch Staples Deluxe,5.22,1.0,0.3,3.01
4723,US-2024-102169,07-Oct-2024,2024-10-10,Carlos Martinez,Home Office,East,Furniture,Furnishings,Tenex Chairmat Value,35.73,1.0,0.3,8.86
4724,US-2021-102813,09/20/2021,23/09/2021,Wei Anderson,Consumer,East,Office Supplies,Binders,GBC Binding System Classic,41.42,2.0,0.15,23.26
4725,US-2024-100789,"December 19, 2024",12/23/2024,Ravi Walker,Corporate,South,Office Supplies,Binders,GBC Binding System Value,15.67,1.0,0.0,9.94
4726,US-2022-101110,"August 29, 2022",09/01/2022,Isabella Lee,Consumer,West,Office Supplies,Supplies,Elmer's Glue Pack Pro,58.81,6.0,0.3,21.81
4727,US-2022-101400,"October 27, 2022",10/30/2022,Maria Smith,Corporate,Central,Office Supplies,Binders,GBC Binding System Standard,35.28,3.0,0.15,17.66
4728,US-2024-101466,01/11/2024,08-Nov-2024,Isabella Wilson,Corporate,East,Office Supplies,Envelopes,Poly String Envelope Standard,18.93,2.0,0.1,11.8
4729,US-2022-101281,06/20/2022,24/06/2022,Daniel Rodriguez,Consumer,South,Furniture,Chairs,Global Deluxe Chair Deluxe,215.14,3.0,0.6,-137.97
4730,US-2023-100635,2023-07-18,"July 22, 2023",Daniel King,Corporate,East,Technology,Copiers,Canon imageCLASS Copier Standard,1147.46,1.0,0.15,58.35
4731,US-2022-101607,2022-05-30,"June 03, 2022",Ravi Martinez,Consumer,West,Office Supplies,Appliances,Hoover Vacuum Pro,630.17,4.0,0.0,258.83
4732,US-2021-102534,11-Jul-2021,2021-07-15,James Garcia,Consumer,East,Office Supplies,Binders,Wilson Jones Binder Value,53.87,2.0,0.0,33.77
4733,US-2023-101572,12/15/2023,22/12/2023,Ethan Thomas,Consumer,Central,Technology,Accessories,SanDisk USB Drive Pro,204.38,5.0,0.2,76.74
4734,US-2021-100044,15-Nov-2021,2021-11-16,Arjun Anderson,Corporate,Central,Furniture,Chairs,Harbour Creations Chair Pro,713.15,4.0,0.3,7.74
4735,US-2022-101737,"February 06, 2022",02/11/2022,Ethan Martinez,Corporate,Central,Furniture,Chairs,Hon Task Chair Value,171.49,1.0,0.0,51.83
4736,US-2024-100786,26/11/2024,29-Nov-2024,Mia Garcia,home office,East,Technology,Copiers,Canon imageCLASS Copier Deluxe,2614.17,2.0,0.1,183.1
4737,US-2024-102953,"September 13, 2024",09/16/2024,Nina King,Corporate,East,Furniture,Furnishings,Fellowes Wall Clock Classic,66.65,2.0,0.3,11.43
4738,US-2022-100519,08-May-2022,2022-05-11,Laura Johnson,Consumer,East,Office Supplies,Binders,Wilson Jones Binder Standard,14.53,1.0,0.0,8.2
4739,US-2022-102318,2022-01-21,"January 24, 2022",Amit Davis,Corporate,East,Technology,Copiers,Hewlett Packard Copier Pro,1741.28,1.0,0.15,226.9
4740,US-2023-103224,"May 30, 2023",06/02/2023,Maria Garcia,Home Office,West,Furniture,Furnishings,Fellowes Wall Clock Classic,141.24,3.0,0.0,64.26
4741,US-2023-101781,2023-05-22,"May 28, 2023",Liam Anderson,Consumer,South,Office Supplies,Storage,SAFCO Storage Bin Classic,92.88,1.0,0.1,33.13
4742,US-2024-102035,10/19/2024,25/10/2024,Ravi Garcia,Consumer,West,Furniture,Bookcases,O'Sullivan Bookcase Deluxe,246.7,1.0,0.3,-0.7
4743,US-2022-101532,2022-01-20,"January 24, 2022",Priya Patel,Consumer,West,Office Supplies,Appliances,Hoover Vacuum Deluxe,415.45,6.0,0.4,-1.31
4744,US-2023-103294,07/14/2023,15/07/2023,Zoe Martinez,Home Office,South,Furniture,Furnishings,Tenex Chairmat Classic,104.3,2.0,0.2,31.65
4745,US-2021-101581,2021-01-01,"January 06, 2021",Liam Wright,Consumer,South,Furniture,Bookcases,O'Sullivan Bookcase Standard,91.48,1.0,0.7,-114.1
4746,US-2024-102127,2024-01-13,"January 18, 2024",Liam Thomas,Consumer,South,Technology,Accessories,SanDisk USB Drive Deluxe,149.52,3.0,0.0,71.17
4747,US-2021-100216,2021-07-22,"July 25, 2021",Zoe Thomas,Consumer,West,Technology,Machines,Cubify 3D Printer Standard,3224.61,4.0,0.15,336.7
4748,US-2022-101138,"January 04, 2022",01/09/2022,James Wilson,Home Office,East,Office Supplies,Paper,Xerox Multipurpose Paper Value,72.21,4.0,0.0,47.0
4749,US-2022-102660,16/04/2022,21-Apr-2022,Mateo Young,Corporate,East,Office Supplies,Supplies,Stanley Hole Punch Pro,29.14,1.0,0.0,16.74
4750,US-2024-102924,2024-07-23,"July 30, 2024",Yusuf Brown,Consumer,West,Furniture,Chairs,Harbour Creations Chair Pro,314.25,2.0,0.0,98.03
4751,US-2023-102961,07-Nov-2023,2023-11-09,Carlos Davis,Corporate,West,Office Supplies,Labels,Avery Label Set Classic,8.7,1.0,0.1,5.19
4752,US-2021-102418,10-Aug-2021,2021-08-14,Sofia Davis,Corporate,West,Office Supplies,Art,Prismacolor Pencils Value,16.6,1.0,0.2,7.05
4753,US-2022-100953,14/09/2022,18-Sep-2022,Priya Walker,Consumer,Central,Technology,Accessories,Logitech Mouse Value,158.29,3.0,0.1,76.62
4754,US-2021-100670,"March 28, 2021",04/04/2021,,Corporate,West,Office Supplies,Fasteners,Bostitch Staples Classic,9.32,1.0,0.1,6.46
4755,US-2023-102218,21-Jul-2023,2023-07-26,Sofia Patel,Corporate,East,Technology,Machines,Cubify 3D Printer Value,1682.38,3.0,0.2,37.61
4756,US-2024-102103,2024-02-01,"February 03, 2024",Wei Johnson,Corporate,West,Office Supplies,Paper,Boise Copy Paper Standard,18.97,4.0,0.0,12.36
4757,US-2021-103274,23-Apr-2021,2021-04-26,Priya Clark,Consumer,South,Furniture,Chairs,Global Deluxe Chair Pro,710.78,4.0,0.0,241.38
4758,US-2024-101777,"October 03, 2024",10/06/2024,Carlos King,Consumer,East,Furniture,Bookcases,Sauder Bookcase Value,300.68,2.0,0.15,49.43
4759,US-2023-101194,12/09/2023,16-Sep-2023,Carlos Thomas,Corporate,Central,Furniture,Furnishings,Eldon Desk Lamp Classic,124.05,2.0,0.0,53.29
4760,US-2021-101010,14/07/2021,17-Jul-2021,Kavya Thomas,Home Office,East,Furniture,Furnishings,Tenex Chairmat Deluxe,39.38,1.0,0.3,9.29
4761,US-2024-102939,11/10/2024,18-Oct-2024,James Johnson,Corporate,East,Office Supplies,Art,Newell Scissors Value,63.87,3.0,0.0,37.1
4762,US-2022-101418,07/10/2022,17/07/2022,Kenji Nair,Home Office,West,Furniture,Tables,Bretford Conference Table Classic,1936.15,6.0,0.0,414.49
4763,US-2024-100801,12-Jul-2024,2024-07-17,Lucas Chen,Consumer,West,Technology,Accessories,SanDisk USB Drive Value,99.91,2.0,0.1,44.02
4764,US-2021-100185,2021-09-22,"September 25, 2021",Ravi Young,Consumer,South,Furniture,Chairs,Harbour Creations Chair Value,1560.23,6.0,0.0,515.28
4765,US-2022-100965,01/02/2022,06-Feb-2022,Nina Kumar,Home Office,West,Furniture,Bookcases,O'Sullivan Bookcase Deluxe,2015.92,6.0,0.2,148.45
4766,US-2021-102240,"March 18, 2021",03/21/2021,Arjun Nair,Consumer,East,Office Supplies,Appliances,Hoover Vacuum Classic,102.71,1.0,0.15,31.74
4767,US-2023-101234,2023-12-13,"December 16, 2023",Mateo King,Consumer,West,Office Supplies,Fasteners,Bostitch Staples Classic,30.98,5.0,0.15,19.53
4768,US-2024-101330,04/01/2024,09-Jan-2024,Omar Walker,Consumer,West,Office Supplies,Fasteners,ACCO Fasteners Value,12.81,2.0,0.0,8.96
4769,US-2022-100995,"December 05, 2022",12/08/2022,Omar Young,Consumer,West,Furniture,Bookcases,Sauder Bookcase Classic,439.62,2.0,0.0,134.52
4770,US-2021-100150,2021-09-11,"September 13, 2021",Ethan Martinez,Corporate,West,Technology,Accessories,Logitech Mouse Deluxe,47.14,3.0,0.2,16.49
4771,US-2024-102987,03/03/2024,07/03/2024,Noah Rodriguez,Corporate,Central,Office Supplies,Supplies,Elmer's Glue Pack Classic,30.33,1.0,0.0,17.22
4772,US-2022-101218,29/11/2022,03-Dec-2022,Omar Chen,Corporate,East,Furniture,Furnishings,Eldon Desk Lamp Classic,136.99,3.0,0.3,32.13
4773,US-2021-100537,12/04/2021,10/12/2021,Kenji Lee,Consumer,Central,Technology,Machines,Cubify 3D Printer Pro,1123.85,1.0,0.0,237.01
4774,US-2022-102255,06/08/2022,09-Aug-2022,Liam Chen,Consumer,East,Office Supplies,Fasteners,Bostitch Staples Deluxe,15.62,2.0,,10.97
4775,US-2021-101211,02/20/2021,23/02/2021,Sofia Rodriguez,Home Office,South,Office Supplies,Paper,HP Premium Paper Standard,24.82,2.0,0.2,13.9
4776,US-2021-102537,24/08/2021,28-Aug-2021,,Home Office,East,Office Supplies,Binders,Acco Binder Deluxe,31.37,2.0,0.3,14.69
4777,US-2022-101145,18-Oct-2022,2022-10-21,Liam Clark,Corporate,South,Office Supplies,Labels,Sharpie Label Tape Classic,3.46,1.0,0.15,2.06
4778,US-2023-101087,"May 02, 2023",05/05/2023,Amit Nair,Home Office,Central,Technology,Accessories,Logitech Mouse Classic,122.08,3.0,0.1,53.33
4779,US-2024-100935,"August 13, 2024",08/18/2024,Mateo Clark,Corporate,Central,Technology,Accessories,Belkin Cable Pro,40.28,4.0,0.7,-22.83
4780,US-2023-102647,2023-11-19,"November 22, 2023",Sofia Anderson,Consumer,Central,Office Supplies,Binders,Acco Binder Value,19.01,1.0,0.1,10.86
4781,US-2021-102838,24/12/2021,31-Dec-2021,Ravi Johnson,Corporate,East,Office Supplies,Supplies,Elmer's Glue Pack Classic,71.08,2.0,0.0,40.08
4782,US-2024-102971,04/01/2024,07/04/2024,Amit Wright,Corporate,South,Technology,Phones,Samsung Galaxy Dock Pro,629.84,2.0,0.2,60.73
4783,US-2024-102786,05/09/2024,09-Sep-2024,Maria Rodriguez,Consumer,East,Office Supplies,Envelopes,Poly String Envelope Deluxe,22.29,2.0,0.3,9.41
4784,US-2022-102525,"November 13, 2022",11/16/2022,Arjun Wilson,Consumer,South,Furniture,Furnishings,Fellowes Wall Clock Standard,36.62,1.0,0.4,1.18
4785,US-2021-102768,02-May-2021,2021-05-04,Arjun Chen,Consumer,South,Technology,Accessories,SanDisk USB Drive Classic,123.13,2.0,0.0,59.28
4786,US-2022-100129,22/01/2022,28-Jan-2022,Hannah Davis,Consumer,South,Office Supplies,Art,Newell Scissors Classic,45.53,3.0,0.2,21.97
4787,US-2024-100429,"December 07, 2024",12/14/2024,James Kumar,Consumer,South,Furniture,Furnishings,Tenex Chairmat Value,81.48,3.0,0.5,-6.56
4788,US-2021-103028,2021-11-24,"November 28, 2021",Lucas Lee,Corporate,East,Office Supplies,Supplies,Stanley Hole Punch Standard,71.38,3.0,0.0,40.67
4789,US-2021-100683,02/10/2021,14/02/2021,Isabella Patel,Corporate,East,Technology,Accessories,Belkin Cable Value,127.26,3.0,0.0,62.67
4790,US-2024-101660,25-Sep-2024,2024-09-29,Liam Wright,Corporate,South,Office Supplies,Labels,Avery Label Set Standard,15.14,5.0,0.6,2.08
4791,US-2022-100506,09/08/2022,11/09/2022,Carlos Rodriguez,Corporate,Central,Office Supplies,Labels,Sharpie Label Tape Classic,13.15,3.0,0.3,7.46
4792,US-2022-102570,23/02/2022,26-Feb-2022,Ananya Young,Consumer,East,Technology,Machines,Zebra Label Printer Classic,964.25,1.0,0.0,227.06
4793,US-2024-101528,07/28/2024,01/08/2024,Ethan Patel,Home Office,Central,Technology,Machines,Zebra Label Printer Classic,,4.0,0.0,463.29
4794,US-2024-101761,"February 04, 2024",02/06/2024,Zoe Wilson,Consumer,Central,Office Supplies,Appliances,Avanti Refrigerator Deluxe,89.84,2.0,0.6,-50.23
4795,US-2022-100068,26-May-2022,2022-05-29,Kenji Patel,Corporate,Central,Office Supplies,Fasteners,ACCO Fasteners Classic,4.75,1.0,0.0,3.33
4796,US-2024-100382,2024-12-14,"December 16, 2024",Noah Brown,Corporate,East,Office Supplies,Appliances,Avanti Refrigerator Deluxe,234.36,2.0,0.15,65.89
4797,US-2021-100002,"October 13, 2021",10/19/2021,Carlos Patel,Consumer,East,Office Supplies,Paper,Xerox Multipurpose Paper Value,19.68,1.0,0.0,12.95
4798,US-2022-102505,2022-03-03,"March 06, 2022",James Thomas,Consumer,West,Office Supplies,Labels,Sharpie Label Tape Standard,36.48,5.0,0.15,20.29
4799,US-2023-100270,05-Nov-2023,2023-11-12,Zoe Walker,Consumer,West,Furniture,Tables,Chromcraft Round Table Standard,238.57,1.0,0.0,58.2
4800,US-2024-100003,2024-08-23,"August 25, 2024",Hannah Young,Consumer,East,Technology,Copiers,Canon imageCLASS Copier Classic,842.68,1.0,0.15,71.22
4801,US-2021-100546,03/06/2021,06-Jun-2021,Carlos Patel,Home Office,West,Office Supplies,Storage,Fellowes File Cart Deluxe,97.42,1.0,0.0,41.57
4802,US-2024-101557,2024-03-28,"April 04, 2024",Carlos Clark,Home Office,South,Technology,Accessories,Logitech Mouse Standard,198.89,4.0,0.15,84.08
4803,US-2023-102591,05/11/2023,09-Nov-2023,Chloe Rodriguez, CONSUMER ,Central,Office Supplies,Storage,Fellowes File Cart Pro,191.53,2.0,0.3,40.75
4804,US-2021-100634,"October 20, 2021",10/24/2021,Omar King,Consumer,East,Technology,Accessories,Logitech Mouse Pro,69.83,2.0,0.0,34.72
4805,US-2024-101552,2024-01-23,"January 28, 2024",Arjun Nair,Home Office,East,Office Supplies,Envelopes,Kraft Clasp Envelope Classic,17.5,1.0,0.0,10.81
4806,US-2024-100140,19-Oct-2024,2024-10-23,Mia Kumar,Consumer,West,Office Supplies,Appliances,Honeywell Fan Pro,60.62,1.0,0.3,10.85
4807,US-2022-100693,2022-10-29,"November 01, 2022",Amit Nair,Consumer,South,Furniture,Furnishings,Fellowes Wall Clock Pro,43.26,1.0,0.0,18.91
4808,US-2023-101722,2023-08-06,"August 10, 2023",Noah Thomas,Consumer,West,Furniture,Furnishings,Eldon Desk Lamp Pro,347.03,5.0,0.0,158.69
4809,US-2021-102250,2021-07-26,"August 01, 2021",Wei Chen,Corporate,West,Office Supplies,Storage,Fellowes File Cart Value,112.14,2.0,0.4,8.4
4810,US-2024-101431,01-Dec-2024,2024-12-02,Olivia Nair,Consumer,East,Office Supplies,Art,Prismacolor Pencils Pro,16.77,2.0,0.5,3.28
4811,US-2021-102120,19-Aug-2021,2021-08-22,Wei Davis,Corporate,West,Office Supplies,Envelopes,Kraft Clasp Envelope Standard,8.25,1.0,0.1,4.84
4812,US-2024-102052,01/16/2024,20/01/2024,Kavya Brown,Consumer,East,Technology,Phones,Cisco IP Phone Standard,1070.26,3.0,0.0,323.87
4813,US-2023-101534,"May 17, 2023",05/24/2023,Sofia Anderson,Consumer,West,Technology,Phones,Apple iPhone Accessory Classic,318.6,1.0,0.0,95.6
4814,US-2023-100954,2023-02-09,"February 15, 2023",Wei Smith,Consumer,East,Office Supplies,Art,Prismacolor Pencils Pro,14.84,1.0,0.0,8.59
4815,US-2024-103246,2024-04-29,"May 04, 2024",Sofia Young,Consumer,South,Furniture,Chairs,Harbour Creations Chair Standard,221.42,1.0,0.0,70.5
4816,US-2023-101392,09/05/2023,13-May-2023,Lucas Walker,Consumer,Central,Office Supplies,Storage,Fellowes File Cart Value,104.42,1.0,0.15,32.0
4817,US-2022-101627,11/12/2022,18-Dec-2022,Laura Clark,Home Office,Central,Office Supplies,Fasteners,Bostitch Staples Standard,16.28,2.0,0.0,12.01
4818,US-2023-102974,07/26/2023,29/07/2023,Olivia Nair,Consumer,West,Furniture,Tables,Chromcraft Round Table Pro,1569.61,4.0,0.0,336.44
4819,US-2021-100785,19-Oct-2021,2021-10-22,Ethan Rodriguez,Consumer,South,Furniture,Bookcases,Sauder Bookcase Value,230.08,2.0,0.3,-0.22
4820,US-2022-102072,"September 23, 2022",09/26/2022,Grace Kumar,Consumer,South,Office Supplies,Art,Prismacolor Pencils Standard,13.41,1.0,0.15,6.73
4821,US-2023-102293,22-May-2023,2023-05-25,Olivia Johnson,Corporate,Central,Furniture,Bookcases,Sauder Bookcase Pro,846.41,3.0,0.0,227.89
4822,US-2021-103136,13-Dec-2021,2021-12-18,Sofia Thomas,Consumer,South,Furniture,Bookcases,O'Sullivan Bookcase Deluxe,286.69,1.0,0.0,68.97
4823,US-2024-101412,18-Nov-2024,2024-11-21,Arjun Young,Corporate,Central,Furniture,Bookcases,Sauder Bookcase Standard,89.81,1.0,0.4,-20.26
4824,US-2021-101182,2021-01-22,"January 25, 2021",Ethan Lee,Home Office,East,Furniture,Bookcases,Bush Classic Bookcase Standard,303.03,1.0,0.0,96.78
4825,US-2021-102118,03/09/2021,06-Sep-2021,Olivia Garcia,Corporate,West,Furniture,Tables,Chromcraft Round Table Deluxe,220.49,1.0,0.15,25.31
4826,US-2021-101043,10/26/2021,31/10/2021,James Anderson,Home Office,Central,Office Supplies,Fasteners,ACCO Fasteners Pro,29.15,4.0,0.0,20.53
4827,US-2024-101646,08/02/2024,13-Feb-2024,Hannah Davis,Consumer,East,Technology,Phones,Cisco IP Phone Pro,722.72,5.0,0.5,-287.9
4828,US-2023-103140,"June 25, 2023",06/29/2023,Lucas Wilson,Corporate,South,Furniture,Tables,Chromcraft Round Table Classic,1554.44,4.0,0.0,407.49
4829,US-2023-101480,21-Feb-2023,2023-02-24,Olivia Clark,Consumer,East,Technology,Phones,Apple iPhone Accessory Standard,925.54,2.0,0.0,246.46
4830,US-2024-102407,17-Mar-2024,2024-03-24,Ananya Nair,Home Office,East,Office Supplies,Fasteners,Bostitch Staples Value,16.74,5.0,0.5,6.14
4831,US-2022-102816,"February 10, 2022",02/15/2022,Ravi Wright,Consumer,West,Office Supplies,Binders,Wilson Jones Binder Classic,27.75,1.0,0.1,15.56
4832,US-2022-100884,"May 04, 2022",05/07/2022,Priya Lee,Consumer,South,Technology,Copiers,Hewlett Packard Copier Standard,2128.1,2.0,0.3,-357.02
4833,US-2023-102524,05/06/2023,09/05/2023,Ananya Nair,Home Office,Central,Office Supplies,Binders,GBC Binding System Pro,52.08,4.0,0.3,20.53
4834,US-2023-101291,"December 06, 2023",12/09/2023,Omar Smith,Home Office,South,Office Supplies,Art,Prismacolor Pencils Value,44.52,3.0,0.2,22.12
4835,US-2023-100698,05/09/2023,09-Sep-2023,Olivia Smith,Home Office,West,Office Supplies,Art,Sharpie Marker Set Value,12.3,1.0,0.2,5.82
4836,US-2022-103044,"May 20, 2022",05/23/2022,Ravi Wright,Corporate,East,Office Supplies,Storage,IRIS Storage Box Deluxe,361.65,4.0,0.1,132.04
4837,US-2024-100134,14-Jan-2024,2024-01-18,Maria Wright,Home Office,East,Furniture,Bookcases,Sauder Bookcase Pro,301.52,1.0,0.0,
4838,US-2024-100038,03/12/2024,18/03/2024,Emma King,Home Office,Central,Technology,Accessories,SanDisk USB Drive Deluxe,57.73,2.0,0.0,28.17
4839,US-2023-100952,"May 19, 2023",05/21/2023,Carlos Clark,Home Office,South,Office Supplies,Appliances,Hoover Vacuum Deluxe,178.34,1.0,0.0,66.09
4840,US-2023-101970,"April 03, 2023",04/04/2023,Noah Davis,Home Office,Central,Furniture,Tables,Bevis Table Standard,442.02,1.0,0.0,115.14
4841,US-2021-102168,03/29/2021,01/04/2021,Amit Thomas,Home Office,South,Office Supplies,Art,Newell Scissors Deluxe,48.19,4.0,0.15,24.46
4842,US-2024-102771,26-Dec-2024,2024-12-28,Noah Smith,Consumer,East,Furniture,Bookcases,Bush Classic Bookcase Deluxe,405.59,2.0,0.0,116.56
4843,US-2024-100074,2024-11-22,"November 26, 2024",Liam Brown,Consumer,Central,Furniture,Tables,Bevis Table Classic,1110.8,5.0,0.15,124.77
4844,US-2021-100772,08/07/2021,09/08/2021,Liam Kumar,Corporate,Central,Technology,Machines,Cubify 3D Printer Standard,1915.04,2.0,0.0,437.2
4845,US-2021-101182,01/22/2021,25/01/2021,Ethan Lee,Home Office,East,Office Supplies,Fasteners,Bostitch Staples Value,12.47,2.0,0.2,8.03
4846,US-2023-103045,07/11/2023,12-Nov-2023,Kenji Davis,Home Office,South,Technology,Copiers,Hewlett Packard Copier Deluxe,4507.8,4.0,0.3,-725.02
4847,US-2023-103026,12/20/2023,24/12/2023,Mia Brown,Consumer,Central,Office Supplies,Fasteners,ACCO Fasteners Classic,36.8,6.0,0.0,26.05
4848,US-2021-101247,2021-02-06,"February 09, 2021",Daniel Patel,Consumer,South,Office Supplies,Binders,GBC Binding System Standard,58.34,3.0,0.15,30.85
4849,US-2024-102741,2024-01-27,"January 30, 2024",Maria Chen,Consumer,Central,Office Supplies,Fasteners,Bostitch Staples Standard,4.12,2.0,0.7,-0.13
4850,US-2024-101855,10/20/2024,26/10/2024,Mia Walker,Consumer,Central,Furniture,Furnishings,Tenex Chairmat Deluxe,281.58,4.0,0.0,124.02
4851,US-2024-102932,30/06/2024,03-Jul-2024,Lucas Smith,Consumer,West,Furniture,Chairs,Hon Task Chair Standard,616.87,4.0,0.2,133.14
4852,US-2024-102006,2024-05-17,"May 22, 2024",Lucas Anderson,Home Office,East,Office Supplies,Supplies,Elmer's Glue Pack Standard,16.99,1.0,0.1,8.71
4853,US-2023-101395,16/06/2023,18-Jun-2023,Nina Walker,Consumer,Central,Office Supplies,Art,Prismacolor Pencils Pro,43.58,3.0,0.15,23.62
4854,US-2023-101680,05-Nov-2023,2023-11-12,Mateo Wilson,Corporate,Central,Furniture,Furnishings,Fellowes Wall Clock Value,117.51,2.0,0.0,53.45
4855,US-2021-100546,"June 03, 2021",06/06/2021,Carlos Patel,Home Office,West,Office Supplies,Envelopes,Kraft Clasp Envelope Classic,11.19,1.0,0.1,6.17
4856,US-2021-100978,01/29/2021,01/02/2021,Lucas Brown,Corporate,East,Furniture,Chairs,Harbour Creations Chair Classic,304.19,2.0,0.3,13.02
4857,US-2022-102766,07/20/2022,22/07/2022,Mateo Anderson,Consumer,East,Office Supplies,Storage,IRIS Storage Box Standard,406.38,4.0,0.0,157.58
4858,US-2022-100211,25/04/2022,29-Apr-2022,Mia Davis,Consumer,Central,Office Supplies,Fasteners,Bostitch Staples Pro,4.81,1.0,0.0,3.4
4859,US-2021-101973,15-Jul-2021,2021-07-22,Sofia Smith,Consumer,Central,Office Supplies,Art,Sharpie Marker Set Standard,52.04,3.0,0.1,25.43
4860,US-2023-101275,2023-08-08,"August 12, 2023",Olivia Rodriguez,Consumer,South,Technology,Copiers,Canon imageCLASS Copier Pro,1385.58,1.0,0.0,243.95
4861,US-2024-102474,"November 25, 2024",11/27/2024,Arjun Smith,Home Office,South,Office Supplies,Labels,Sharpie Label Tape Classic,9.28,5.0,0.6,2.53
4862,US-2021-102736,25/01/2021,30-Jan-2021,Noah King,Corporate,West,Furniture,Bookcases,Sauder Bookcase Pro,297.02,2.0,0.4,-55.0
4863,US-2023-100305,2023-08-05,"August 10, 2023",Yusuf Anderson,Home Office,Central,Office Supplies,Storage,SAFCO Storage Bin Pro,276.76,3.0,0.0,117.64
4864,US-2024-102885,12/16/2024,19/12/2024,Chloe Young,Corporate,South,Furniture,Tables,Chromcraft Round Table Classic,742.2,3.0,0.5,-406.68
4865,US-2023-100035,2023-09-13,"September 20, 2023",Noah Lee,Corporate,West,Furniture,Bookcases,Sauder Bookcase Classic,329.77,4.0,0.4,-48.7
4866,US-2021-100377,"April 02, 2021",04/06/2021,Omar Patel,Consumer,West,Office Supplies,Storage,SAFCO Storage Bin Standard,434.48,6.0,0.3,76.87
4867,US-2024-100175,23-Feb-2024,2024-02-27,Nina Wright,Corporate,Central,Office Supplies,Supplies,Stanley Hole Punch Value,10.85,1.0,0.4,2.63
4868,US-2024-101661,07/19/2024,24/07/2024,Laura Brown,Consumer,West,Office Supplies,Binders,Acco Binder Classic,39.23,2.0,0.2,19.5
4869,US-2024-100763,05/07/2024,11/05/2024,Mia Chen,Home Office,Central,Furniture,Furnishings,Fellowes Wall Clock Standard,50.58,1.0,0.15,16.86
4870,US-2024-102818,2024-09-12,"September 15, 2024",Yusuf Brown,Corporate,East,Office Supplies,Paper,Xerox Multipurpose Paper Deluxe,26.67,3.0,0.3,13.48
4871,US-2021-101229,2021-09-22,"September 27, 2021",Mia Clark,Home Office,,Office Supplies,Fasteners,ACCO Fasteners Classic,6.62,3.0,0.7,0.26
4872,US-2022-102661,18-Sep-2022,2022-09-22,James Johnson,Corporate,Central,Office Supplies,Art,Sharpie Marker Set Classic,28.52,2.0,0.0,17.4
4873,US-2023-102196,17/04/2023,24-Apr-2023,Hannah Rodriguez,Consumer,South,Furniture,Furnishings,Eldon Desk Lamp Classic,282.12,4.0,0.0,129.62
4874,US-2021-102486,"January 16, 2021",01/20/2021,Noah Anderson,Home Office,West,Technology,Phones,Cisco IP Phone Value,2734.15,6.0,0.15,484.4
4875,US-2024-101727,"April 11, 2024",04/16/2024,Carlos Anderson,Corporate,West,Office Supplies,Envelopes,Poly String Envelope Standard,29.99,3.0,0.2,15.98
4876,US-2022-102523,29-Apr-2022,2022-05-06,Mia Young,Home Office,South,Office Supplies,Labels,Sharpie Label Tape Deluxe,6.94,2.0,0.5,2.52
4877,US-2023-101366,01/17/2023,23/01/2023,Isabella Kumar,Consumer,South,Office Supplies,Binders,GBC Binding System Classic,62.64,5.0,0.0,37.27
4878,US-2024-101352,07/25/2024,29/07/2024,Amit Chen,Consumer,Central,Office Supplies,Appliances,Avanti Refrigerator Deluxe,281.23,5.0,0.5,-43.47
4879,US-2023-101373,06/09/2023,13/06/2023,Priya Anderson,Corporate,Central,Office Supplies,Envelopes,Kraft Clasp Envelope Standard,10.72,1.0,0.3,4.51
4880,US-2021-101040,"July 02, 2021",07/06/2021,Chloe Kumar,Consumer,South,Office Supplies,Appliances,Hoover Vacuum Deluxe,478.27,5.0,0.0,189.34
4881,US-2022-101177,"April 30, 2022",05/07/2022,Wei Wright,Consumer,West,Office Supplies,Appliances,Hoover Vacuum Standard,117.75,4.0,0.7,-136.82
4882,US-2024-103013,05/15/2024,17/05/2024,Sofia Clark,Consumer,Central,Furniture,Chairs,Harbour Creations Chair Standard,452.85,2.0,0.0,138.71
4883,US-2023-101873,18-Aug-2023,2023-08-23,Emma Rodriguez,Consumer,Central,Office Supplies,Labels,Sharpie Label Tape Deluxe,38.41,3.0,0.0,26.49
4884,US-2024-101428,"September 19, 2024",09/25/2024,Kavya Chen,Home Office,East,Office Supplies,Fasteners,ACCO Fasteners Standard,25.79,3.0,0.0,18.25
4885,US-2023-100303,"September 29, 2023",10/02/2023,,Corporate,South,Furniture,Furnishings,Eldon Desk Lamp Classic,347.88,5.0,0.1,150.37
4886,US-2023-102351,2023-05-21,"May 25, 2023",Sofia Wright,Corporate,West,Office Supplies,Envelopes,Poly String Envelope Standard,14.2,1.0,0.0,8.85
4887,US-2022-103144,"October 04, 2022",10/08/2022,Amit Wilson,Consumer,Central,Office Supplies,Paper,HP Premium Paper Standard,12.2,1.0,0.1,7.59
4888,US-2022-102806,30/07/2022,03-Aug-2022,Mateo Kumar,Corporate,South,Office Supplies,Binders,GBC Binding System Value,68.11,4.0,0.0,39.88
4889,US-2021-101876,07-Mar-2021,2021-03-13,Lucas Thomas,Corporate,East,Office Supplies,Supplies,Elmer's Glue Pack Pro,34.37,2.0,0.15,15.95
4890,US-2021-102495,05/04/2021,06/05/2021,Daniel Garcia,Corporate,Central,Technology,Copiers,Canon imageCLASS Copier Pro,1551.18,2.0,0.3,-173.85
4891,US-2021-101178,10/03/2021,14-Mar-2021,Ravi Thomas,Consumer,West,Furniture,Bookcases,Sauder Bookcase Standard,944.21,4.0,0.1,222.8
4892,US-2024-100400,01/09/2024,15/01/2024,Sofia Thomas,Home Office,West,Office Supplies,Envelopes,Kraft Clasp Envelope Value,63.17,5.0,0.1,37.29
4893,US-2022-102515,"December 18, 2022",12/21/2022,Priya Rodriguez,Consumer,East,Office Supplies,Labels,Sharpie Label Tape Pro,34.91,5.0,0.5,12.66
4894,US-2022-100396,09/02/2022,04/09/2022,Amit Johnson,Home Office,West,Office Supplies,Fasteners,Bostitch Staples Pro,12.49,2.0,0.0,8.94
4895,US-2024-102927,01/17/2024,22/01/2024,Wei Garcia,Consumer,Central,Furniture,Chairs,Hon Task Chair Value,538.57,3.0,0.0,150.92
4896,US-2023-101125,02-Nov-2023,2023-11-07,Liam Nair,Consumer,Central,Office Supplies,Fasteners,ACCO Fasteners Value,11.9,3.0,0.1,8.05
4897,US-2024-101961,04/25/2024,27/04/2024,Isabella Chen,Consumer,Central,Office Supplies,Fasteners,ACCO Fasteners Pro,10.88,2.0,0.3,6.42
4898,US-2022-100162,2022-05-03,"May 06, 2022",Kavya Thomas,Home Office,East,Technology,Phones,Apple iPhone Accessory Classic,360.3,1.0,0.0,121.34
4899,US-2024-101022,15/03/2024,19-Mar-2024,Carlos Walker,Home Office,West,Office Supplies,Appliances,Avanti Refrigerator Value,129.38,1.0,0.2,27.74
4900,US-2021-101770,13-Oct-2021,2021-10-17,Liam Thomas,Corporate,South,Office Supplies,Art,Newell Scissors Classic,14.53,1.0,0.1,7.74
4901,US-2021-102674,2021-04-02,"April 03, 2021",Zoe Patel,Consumer,Central,Office Supplies,Storage,Fellowes File Cart Deluxe,278.79,5.0,0.3,43.27
4902,US-2021-100537,04/12/2021,10-Dec-2021,Kenji Lee,Consumer,Central,Office Supplies,Storage,Fellowes File Cart Deluxe,291.73,5.0,0.4,-0.47
4903,US-2021-103263,2021-12-11,"December 15, 2021",Nina Anderson,Consumer,South,Office Supplies,Art,Newell Scissors Value,13.53,1.0,0.1,7.27
4904,US-2022-100450,2022-12-30,"January 04, 2023",Ravi Walker,Consumer,Central,Office Supplies,Storage,IRIS Storage Box Pro,42.09,1.0,0.4,2.06
4905,US-2024-101136,08/11/2024,14/08/2024,Mia Chen,Consumer,Central,Technology,Phones,Cisco IP Phone Value,298.99,1.0,0.0,91.26
4906,US-2023-102427,14-Sep-2023,2023-09-20,Omar Clark,Consumer,West,Furniture,Tables,Bretford Conference Table Pro,661.51,2.0,0.0,149.14
4907,US-2024-102300,"March 28, 2024",04/03/2024,Amit Young,Corporate,Central,Technology,Copiers,Canon imageCLASS Copier Pro,6961.68,5.0,0.15,181.09
4908,US-2022-102483,"December 05, 2022",12/10/2022,Lucas Wright,Consumer,West,Furniture,Bookcases,O'Sullivan Bookcase Classic,646.8,2.0,0.1,105.13
4909,US-2022-102297,"January 14, 2022",01/19/2022,Hannah Chen,Corporate,West,Furniture,Bookcases,Bush Classic Bookcase Standard,221.27,1.0,0.0,60.8
4910,US-2024-102576,2024-12-04,"December 10, 2024",Amit Wilson,Corporate,West,Furniture,Bookcases,Bush Classic Bookcase Deluxe,219.53,1.0,0.2,12.76
4911,US-2024-101555,"November 05, 2024",11/11/2024,Lucas Smith,Corporate,West,Office Supplies,Binders,GBC Binding System Deluxe,61.11,5.0,0.0,38.7
4912,US-2023-102500,15/05/2023,19-May-2023,Chloe Thomas,Consumer,South,Furniture,Tables,Bretford Conference Table Value,1200.92,5.0,0.1,204.08
4913,US-2024-101821,03/28/2024,01/04/2024,Ethan Rodriguez,Corporate,East,Office Supplies,Paper,Boise Copy Paper Value,24.26,2.0,0.15,14.62
4914,US-2024-102158,16/02/2024,21-Feb-2024,Hannah Clark,Consumer,East,Technology,Accessories,Belkin Cable Pro,53.95,1.0,0.1,23.06
4915,US-2023-101701,25-Oct-2023,2023-10-29,Ravi Nair,Corporate,East,Office Supplies,Storage,Fellowes File Cart Pro,371.92,3.0,0.0,161.57
4916,US-2024-102089,17-Dec-2024,2024-12-22,Daniel Rodriguez,Consumer,West,Office Supplies,Envelopes,Poly String Envelope Value,78.74,4.0,0.0,48.33
4917,US-2021-100079,05-Oct-2021,2021-10-07,Amit Rodriguez,Consumer,South,Office Supplies,Art,Sharpie Marker Set Deluxe,93.01,5.0,0.1,52.96
4918,US-2023-102926,30-Aug-2023,2023-09-04,Mateo Kumar,Corporate,South,Office Supplies,Binders,GBC Binding System Value,43.55,2.0,0.0,25.86
4919,US-2024-101304,2024-11-17,"November 19, 2024",Mateo Davis,Home Office,East,Furniture,Bookcases,O'Sullivan Bookcase Pro,1128.25,4.0,0.3,17.61
4920,US-2023-101277,"February 06, 2023",02/12/2023,Priya Lee,Corporate,East,Office Supplies,Art,Sharpie Marker Set Pro,57.08,3.0,0.0,32.96
4921,US-2023-101908,01-Dec-2023,2023-12-04,Lucas King,Corporate,East,Technology,Accessories,Logitech Mouse Pro,168.48,3.0,0.0,92.41
4922,US-2021-102903,06/04/2021,11-Apr-2021,Liam Young,Consumer,Central,Furniture,Chairs,Hon Task Chair Deluxe,141.64,1.0,0.0,48.44
4923,US-2022-102775,19-Nov-2022,2022-11-26,Laura Johnson,Consumer,East,Office Supplies,Paper,Xerox Multipurpose Paper Standard,46.24,5.0,0.2,25.16
4924,US-2021-102947,2021-02-10,"February 16, 2021",Maria Davis,Consumer,South,Office Supplies,Storage,IRIS Storage Box Deluxe,99.66,1.0,0.15,30.96
4925,US-2021-102556,02/15/2021,18/02/2021,Isabella Davis,Corporate,East,Office Supplies,Binders,Acco Binder Pro,46.3,3.0,0.0,27.21
4926,US-2022-102604,30/12/2022,02-Jan-2023,Kavya Davis,Consumer,West,Office Supplies,Art,Sharpie Marker Set Value,12.35,2.0,0.4,4.64
4927,US-2022-100795,07/24/2022,27/07/2022,Daniel Young,Consumer,West,Office Supplies,Storage,Fellowes File Cart Standard,383.27,4.0,0.15,120.7
4928,US-2023-101205,11-Oct-2023,2023-10-18,Priya Wilson,Home Office,West,Office Supplies,Art,Prismacolor Pencils Value,19.22,1.0,0.1,10.14
4929,US-2022-102723,12-Apr-2022,2022-04-15,Ravi Anderson,Consumer,East,Office Supplies,Art,Newell Scissors Value,42.31,3.0,0.0,24.31
4930,US-2023-101487,29-Nov-2023,2023-12-01,Zoe Wright,Consumer,East,Office Supplies,Labels,Sharpie Label Tape Deluxe,4.54,1.0,0.1,2.9
4931,US-2022-100813,"July 29, 2022",07/31/2022,Zoe Smith,Consumer,East,Office Supplies,Labels,Sharpie Label Tape Value,5.3,1.0,0.3,2.97
4932,US-2022-100795,24/07/2022,27-Jul-2022,Daniel Young,Consumer,West,Office Supplies,Paper,Xerox Multipurpose Paper Deluxe,29.8,2.0,0.1,18.55
4933,US-2024-103311,2024-01-04,"January 05, 2024",Kenji Kumar,Corporate,South,Technology,Copiers,Canon imageCLASS Copier Value,3002.94,4.0,0.2,61.7
4934,US-2021-101288,2021-05-01,"May 08, 2021",Carlos Kumar,Consumer,Central,Furniture,Chairs,Global Deluxe Chair Classic,999.62,5.0,0.3,38.63
4935,US-2022-102718,2022-09-29,"October 03, 2022",Omar Young,Consumer,East,Furniture,Bookcases,Sauder Bookcase Standard,478.11,3.0,0.5,-236.82
4936,US-2021-101274,10-Feb-2021,2021-02-11,Nina Lee,Home Office,West,Office Supplies,Supplies,Stanley Hole Punch Value,97.01,4.0,0.15,49.11
4937,US-2023-102794,"February 05, 2023",02/09/2023,Carlos Wilson,Corporate,Central,Office Supplies,Labels,Sharpie Label Tape Classic,33.81,4.0,0.0,23.02
4938,US-2022-102395,11/15/2022,17/11/2022,Priya Nair,Corporate,Central,Office Supplies,Appliances,Avanti Refrigerator Classic,139.63,1.0,0.1,47.56
4939,US-2023-100750,02-Sep-2023,2023-09-08,Kavya Johnson,Home Office,South,Technology,Copiers,Hewlett Packard Copier Deluxe,3261.82,3.0,0.0,596.58
4940,US-2024-101966,"August 22, 2024",08/25/2024,Kenji Nair,Consumer,East,Office Supplies,Appliances,Honeywell Fan Standard,495.67,3.0,0.15,130.2
4941,US-2022-102024,11/10/2022,14-Oct-2022,Ethan Davis,Corporate,Central,Furniture,Chairs,Global Deluxe Chair Pro,336.16,2.0,0.1,77.46
4942,US-2021-101691,26/08/2021,30-Aug-2021,Sofia Rodriguez,Consumer,South,Furniture,Tables,Bevis Table Standard,136.54,1.0,0.5,-64.17
4943,US-2022-102817,20/05/2022,24-May-2022,Chloe Garcia,Corporate,East,Furniture,Tables,Bevis Table Pro,375.89,1.0,0.1,78.66
4944,US-2023-101101,"June 16, 2023",06/20/2023,Omar Rodriguez,Consumer,West,Furniture,Bookcases,O'Sullivan Bookcase Standard,1188.51,4.0,0.15,174.69
4945,US-2024-102905,"August 08, 2024",08/11/2024,Grace Nair,Home Office,South,Office Supplies,Labels,Sharpie Label Tape Classic,19.82,2.0,0.0,12.95
4946,US-2024-101824,28-Oct-2024,2024-10-30,Yusuf Clark,Corporate,East,Office Supplies,Supplies,Stanley Hole Punch Value,78.68,3.0,0.0,41.84
4947,US-2023-100225,"January 02, 2023",01/06/2023,Omar Chen,Corporate,East,Furniture,Tables,Bretford Conference Table Standard,2251.74,6.0,0.2,76.1
4948,US-2021-100136,2021-03-01,"March 02, 2021",Maria Thomas,Consumer,East,Office Supplies,Storage,SAFCO Storage Bin Pro,229.74,4.0,0.4,-3.77
4949,US-2023-100644,18-Apr-2023,2023-04-22,Chloe Patel,Corporate,Central,Office Supplies,Binders,GBC Binding System Value,63.64,5.0,0.3,26.66
4950,US-2022-101188,25/09/2022,28-Sep-2022,Daniel Thomas,Corporate,Central,Office Supplies,Envelopes,Kraft Clasp Envelope Standard,11.28,1.0,0.0,6.93
4951,US-2023-102614,"August 21, 2023",08/25/2023,Nina Nair,Home Office,East,Technology,Phones,Cisco IP Phone Deluxe,1928.96,4.0,0.0,617.11
4952,US-2024-102387,07-Nov-2024,2024-11-11,Grace Johnson,Corporate,East,Office Supplies,Envelopes,Poly String Envelope Deluxe,58.68,4.0,0.0,37.48
4953,US-2022-100458,2022-07-18,"July 25, 2022",Arjun Rodriguez,Consumer,East,Office Supplies,Binders,Acco Binder Value,23.48,2.0,0.2,12.12
4954,US-2024-101294,2024-12-01,"December 07, 2024",Ravi Garcia,Home Office,Central,Technology,Accessories,Belkin Cable Deluxe,33.24,1.0,0.2,12.04
4955,US-2022-102718,"September 29, 2022",10/03/2022,Omar Young,Consumer,East,Office Supplies,Supplies,Elmer's Glue Pack Deluxe,53.12,2.0,0.0,29.4
4956,US-2021-100402,"May 02, 2021",05/06/2021,Arjun Garcia,Consumer,East,Office Supplies,Binders,Acco Binder Deluxe,14.69,1.0,0.15,7.93
4957,US-2024-100143,05/11/2024,10-Nov-2024,Nina Johnson,Consumer,West,Office Supplies,Labels,Avery Label Set Deluxe,7.03,1.0,0.1,4.57
4958,US-2024-100935,13/08/2024,18-Aug-2024,Mateo Clark,Corporate,Central,Office Supplies,Fasteners,Bostitch Staples Classic,,6.0,0.0,31.9
4959,US-2024-102051,16/10/2024,20-Oct-2024,Kavya Johnson,Corporate,East,Technology,Phones,Apple iPhone Accessory Deluxe,1458.44,6.0,0.2,143.58
4960,US-2023-101251,06/29/2023,06/07/2023,Maria Wright,Consumer,Central,Office Supplies,Storage,Fellowes File Cart Classic,408.82,4.0,0.1,152.93
4961,US-2023-101084,"August 08, 2023",08/14/2023,Liam Nair,Home Office,East,Technology,Copiers,Canon imageCLASS Copier Standard,1056.83,2.0,0.7,-1757.88
4962,US-2022-103121,2022-08-15,"August 20, 2022",James Garcia,Consumer,East,Technology,Copiers,Canon imageCLASS Copier Standard,7265.59,4.0,0.0,1592.92
4963,US-2021-102724,08/04/2021,11-Apr-2021,Mateo Thomas,Consumer,West,Office Supplies,Envelopes,Poly String Envelope Classic,9.15,3.0,0.8,-9.99
4964,US-2021-100425,06/18/2021,23/06/2021,Grace Young,Consumer,West,Furniture,Chairs,Global Deluxe Chair Standard,101.85,1.0,0.6,-69.17
4965,US-2024-103014,"January 18, 2024",01/21/2024,Priya Brown,Corporate,West,Office Supplies,Storage,SAFCO Storage Bin Value,570.36,5.0,0.0,248.35
4966,US-2021-103147,2021-07-27,"August 02, 2021",Yusuf Wright,Corporate,East,Office Supplies,Fasteners,ACCO Fasteners Value,4.78,1.0,0.15,3.09
4967,US-2023-101224,"March 12, 2023",03/16/2023,Wei Young,Consumer,Central,Furniture,Furnishings,Fellowes Wall Clock Pro,122.63,2.0,0.0,52.48
4968,US-2021-102509,"September 23, 2021",09/28/2021,Chloe Walker,Home Office,,Furniture,Chairs,Hon Task Chair Value,303.35,1.0,0.0,97.45
4969,US-2022-102879,11/08/2022,14-Aug-2022,Grace Clark,Consumer,East,Furniture,Tables,Chromcraft Round Table Classic,1035.55,3.0,0.15,99.21
4970,US-2023-101637,20/02/2023,24-Feb-2023,Ethan Davis,Corporate,West,Office Supplies,Binders,Acco Binder Pro,61.94,5.0,0.3,25.07
4971,US-2021-103047,"December 29, 2021",01/03/2022,Lucas Chen,Consumer,South,Office Supplies,Art,Sharpie Marker Set Pro,21.3,2.0,,3.21
4972,US-2022-100864,2022-07-01,"July 07, 2022",Omar Patel,Home Office,East,Office Supplies,Art,Sharpie Marker Set Deluxe,15.99,1.0,0.0,9.21
4973,US-2023-100991,"September 30, 2023",10/07/2023,Priya Davis,Home Office,East,Office Supplies,Storage,Fellowes File Cart Classic,65.9,1.0,0.2,22.47
4974,US-2023-101657,07/23/2023,30/07/2023,Mateo Patel,Consumer,East,Office Supplies,Paper,HP Premium Paper Classic,44.32,5.0,0.1,27.74
4975,US-2021-101197,2021-12-23,"December 30, 2021",Emma Wilson,Consumer,West,Technology,Machines,Lexmark Printer Value,989.06,2.0,0.2,-13.19
4976,US-2023-102738,11/04/2023,07/11/2023,Daniel Anderson,Corporate,South,Furniture,Bookcases,Sauder Bookcase Value,461.97,2.0,0.0,122.94
4977,US-2023-102762,"June 14, 2023",06/16/2023,Noah Young,Corporate,South,Office Supplies,Labels,Sharpie Label Tape Value,19.02,2.0,0.1,11.91
4978,US-2023-100233,23/05/2023,26-May-2023,Sofia Rodriguez,Consumer,East,Office Supplies,Labels,Sharpie Label Tape Standard,8.34,2.0,0.3,4.09
4979,US-2022-100221,20/08/2022,23-Aug-2022,Isabella Smith,Home Office,Central,Office Supplies,Labels,Avery Label Set Value,17.2,3.0,0.3,8.44
4980,US-2024-103032,06-Sep-2024,2024-09-09,Kenji King,Consumer,East,Technology,Copiers,Canon imageCLASS Copier Pro,2334.17,2.0,0.15,85.88
4981,US-2021-101289,13-Jun-2021,2021-06-20,Olivia Chen,Corporate,East,Office Supplies,Art,Newell Scissors Pro,13.7,1.0,0.2,6.6
4982,US-2024-100972,"December 24, 2024",12/30/2024,Olivia Smith,Consumer,South,Office Supplies,Binders,Acco Binder Classic,12.92,1.0,0.1,7.35
4983,US-2024-103087,19/08/2024,21-Aug-2024,Ravi Smith,Home Office,Central,Office Supplies,Appliances,Hoover Vacuum Standard,202.32,2.0,0.2,49.56
4984,US-2023-102863,13/04/2023,16-Apr-2023,Emma Martinez,Corporate,Central,Office Supplies,Labels,Avery Label Set Classic,40.05,4.0,0.1,26.61
4985,US-2021-102369,2021-03-24,"March 25, 2021",Lucas Clark,Home Office,East,Office Supplies,Fasteners,ACCO Fasteners Standard,18.6,3.0,0.0,12.79
4986,US-2021-102495,"May 04, 2021",05/06/2021,Daniel Garcia,Corporate,Central,Office Supplies,Supplies,Elmer's Glue Pack Classic,66.44,3.0,0.0,36.05
4987,US-2023-102961,"November 07, 2023",11/09/2023,Carlos Davis,Corporate,West,Office Supplies,Appliances,Avanti Refrigerator Classic,601.84,3.0,0.0,247.16
4988,US-2023-100128,"September 19, 2023",09/23/2023,Chloe Thomas,Corporate,South,Technology,Copiers,Hewlett Packard Copier Pro,6710.73,4.0,0.1,578.48
4989,US-2023-101313,"September 07, 2023",09/09/2023,Grace Brown,Home Office,West,Office Supplies,Fasteners,Bostitch Staples Classic,16.37,2.0,0.0,11.53
4990,US-2024-101885,05/17/2024,20/05/2024,Amit Johnson,Consumer,South,Office Supplies,Binders,Wilson Jones Binder Pro,80.61,4.0,0.0,48.42
4991,US-2024-102681,20/04/2024,22-Apr-2024,Mateo Patel,Consumer,South,Office Supplies,Binders,Acco Binder Pro,11.98,1.0,0.2,5.86
4992,US-2021-101085,07/12/2021,10-Dec-2021,Laura Garcia,Consumer,West,Furniture,Furnishings,Tenex Chairmat Classic,105.62,2.0,0.0,46.02
4993,US-2023-103096,16/02/2023,18-Feb-2023,Maria Smith,Consumer,West,Technology,Accessories,SanDisk USB Drive Classic,54.36,2.0,0.0,25.16
4994,US-2021-102975,04-Jun-2021,2021-06-09,Lucas Brown,Consumer,East,Office Supplies,Supplies,Elmer's Glue Pack Standard,14.17,1.0,0.0,7.64
4995,US-2021-100473,26-Dec-2021,2021-12-30,Ravi Anderson,Home Office,West,Technology,Phones,Cisco IP Phone Value,696.61,2.0,0.0,203.24
4996,US-2023-101723,05/03/2023,08/05/2023,Sofia Garcia,Consumer,West,Office Supplies,Fasteners,ACCO Fasteners Standard,7.98,1.0,0.0,5.42
4997,US-2022-100007,26/06/2022,29-Jun-2022,Omar Johnson,Consumer,South,Office Supplies,Fasteners,ACCO Fasteners Classic,6.69,1.0,0.0,4.63
4998,US-2023-101162,04/01/2023,08-Jan-2023,Ravi Kumar,Corporate,West,Office Supplies,Labels,Avery Label Set Classic,4.19,1.0,0.1,2.63
4999,US-2022-101094,"March 01, 2022",03/08/2022,Olivia Chen,Corporate,West,Office Supplies,Fasteners,ACCO Fasteners Deluxe,24.67,4.0,0.0,16.94
5000,US-2021-102875,08/04/2021,11-Apr-2021,Kavya Thomas,Corporate,Central,Furniture,Furnishings,Fellowes Wall Clock Deluxe,52.73,1.0,0.15,19.19
5001,US-2023-100148,2023-09-14,"September 15, 2023",Omar Anderson,Corporate,South,Office Supplies,Labels,Avery Label Set Classic,43.77,5.0,0.0,28.8
5002,US-2023-102690,2023-06-07,"June 10, 2023",Mia Young,Consumer,East,Furniture,Bookcases,Bush Classic Bookcase Value,260.06,1.0,0.3,-10.96
5003,US-2022-103039,"December 04, 2022",12/07/2022,Kenji Walker,Home Office,West,Office Supplies,Art,Newell Scissors Classic,49.75,3.0,0.0,29.0
5004,US-2021-100938,11/27/2021,01/12/2021,Emma Patel,Corporate,Central,Office Supplies,Storage,SAFCO Storage Bin Value,641.65,5.0,0.0,275.05
5005,US-2022-101776,11/01/2022,05/11/2022,Laura Anderson,Corporate,West,Office Supplies,Art,Prismacolor Pencils Classic,97.48,5.0,0.0,57.97
5006,US-2024-100549,27/06/2024,29-Jun-2024,Arjun Chen,Consumer,East,Technology,Phones,Samsung Galaxy Dock Classic,498.08,2.0,0.0,135.43
5007,US-2021-102994,13-Sep-2021,2021-09-16,Daniel Smith,Corporate,Central,Office Supplies,Envelopes,Kraft Clasp Envelope Pro,41.27,4.0,0.0,25.83
5008,US-2022-101502,"June 06, 2022",06/11/2022,Kenji Patel,Corporate,East,Furniture,Chairs,Hon Task Chair Pro,515.3,2.0,0.0,156.41
5009,US-2022-102273,2022-04-02,"April 07, 2022",Ethan Wilson,Consumer,South,Office Supplies,Paper,Boise Copy Paper Value,27.58,2.0,0.1,17.31
5010,US-2022-102892,2022-03-02,"March 04, 2022",Zoe Thomas,Consumer,West,Office Supplies,Storage,Fellowes File Cart Deluxe,112.74,1.0,0.0,47.1
5011,US-2021-102482,12/18/2021,23/12/2021,Ravi King,Home Office,East,Furniture,Chairs,Harbour Creations Chair Deluxe,123.25,1.0,0.2,20.54
5012,US-2024-102969,29/04/2024,03-May-2024,Kavya Kumar,Consumer,West,Technology,Accessories,Belkin Cable Classic,99.12,4.0,0.5,0.5
5013,US-2023-101669,08/11/2023,12-Nov-2023,Carlos King,Corporate,Central,Office Supplies,Envelopes,Poly String Envelope Deluxe,10.42,1.0,0.2,5.53
5014,US-2023-100315,04/04/2023,08-Apr-2023,Ethan Davis,Home Office,East,Furniture,Chairs,Hon Task Chair Deluxe,410.76,2.0,0.0,134.22
5015,US-2024-101650,2024-08-07,"August 14, 2024",Isabella Anderson,Corporate,West,Office Supplies,Labels,Sharpie Label Tape Classic,27.02,4.0,0.2,16.63
5016,US-2021-100842,08-May-2021,2021-05-15,Chloe Young,Corporate,East,Furniture,Bookcases,Sauder Bookcase Value,496.74,2.0,0.2,40.46
5017,US-2024-103080,"May 23, 2024",05/26/2024,Mateo Smith,Consumer,Central,Office Supplies,Paper,Xerox Multipurpose Paper Pro,13.5,3.0,0.7,-0.88
5018,US-2023-100685,2023-02-20,"February 25, 2023",Daniel Anderson,Consumer,West,Office Supplies,Fasteners,ACCO Fasteners Deluxe,6.12,1.0,0.0,4.28
5019,US-2024-102681,"April 20, 2024",04/22/2024,Mateo Patel,Consumer,South,Office Supplies,Storage,SAFCO Storage Bin Classic,303.9,5.0,0.0,114.66
5020,US-2022-100396,02-Sep-2022,2022-09-04,Amit Johnson,Home Office,West,Furniture,Bookcases,Bush Classic Bookcase Standard,269.3,1.0,0.0,83.52
5021,US-2024-101814,14/07/2024,17-Jul-2024,Ananya Thomas,Home Office,West,Office Supplies,Envelopes,Kraft Clasp Envelope Deluxe,9.6,1.0,0.3,4.17
5022,US-2023-100209,15-Dec-2023,2023-12-18,Maria Thomas,Consumer,South,Office Supplies,Binders,Acco Binder Deluxe,7.3,1.0,0.5,1.0
5023,US-2021-101700,11/27/2021,30/11/2021,Kenji Martinez,Corporate,Central,Office Supplies,Storage,IRIS Storage Box Standard,89.21,1.0,0.0,40.19
5024,US-2022-101671,"October 24, 2022",10/25/2022,Ravi Thomas,Home Office,Central,Furniture,Chairs,Global Deluxe Chair Value,263.0,2.0,0.0,77.65
5025,US-2022-100809,"December 01, 2022",12/06/2022,Ravi King,Corporate,West,Office Supplies,Fasteners,ACCO Fasteners Deluxe,26.99,4.0,0.0,19.47
5026,US-2022-100272,2022-06-28,"July 01, 2022",Grace King,Consumer,East,Technology,Machines,Zebra Label Printer Standard,1230.44,2.0,0.0,289.03
5027,US-2024-101623,"September 03, 2024",09/05/2024,Laura Davis,Corporate,East,Technology,Copiers,Hewlett Packard Copier Standard,1347.22,1.0,0.0,285.95
5028,US-2022-101998,2022-08-10,"August 15, 2022",Olivia King,Home Office,East,Office Supplies,Envelopes,Poly String Envelope Standard,29.93,3.0,0.0,18.87
5029,US-2024-102192,16-Jun-2024,2024-06-19,James Kumar,Consumer,East,Office Supplies,Appliances,Avanti Refrigerator Value,89.92,1.0,0.15,30.98
5030,US-2024-100834,04/24/2024,27/04/2024,Isabella Davis,Home Office,West,Office Supplies,Paper,Boise Copy Paper Deluxe,31.6,3.0,0.1,19.12
5031,US-2022-102161,23/06/2022,27-Jun-2022,Priya Chen,Consumer,South,Office Supplies,Appliances,Avanti Refrigerator Standard,286.77,2.0,0.2,76.6
5032,US-2022-103029,01/09/2022,11/01/2022,Carlos Brown,Corporate,East,Office Supplies,Storage,Fellowes File Cart Value,95.21,1.0,0.0,40.14
5033,US-2021-102026,05/14/2021,18/05/2021,Wei Smith,Consumer,Central,Office Supplies,Storage,Fellowes File Cart Pro,80.47,1.0,0.0,34.17
5034,US-2024-100751,08/28/2024,02/09/2024,Kavya Brown,Consumer,Central,Office Supplies,Appliances,Honeywell Fan Classic,119.63,1.0,0.0,48.8
5035,US-2021-102116,20-Apr-2021,2021-04-24,Chloe Brown,Corporate,West,Furniture,Chairs,Global Deluxe Chair Pro,726.57,5.0,0.1,192.7
5036,US-2023-100749,2023-07-02,"July 05, 2023",Nina Wright,Home Office,East,Office Supplies,Binders,GBC Binding System Standard,37.76,3.0,0.1,21.04
5037,US-2024-103234,"June 20, 2024",06/23/2024,Laura Davis,Consumer,East,Furniture,Chairs,Hon Task Chair Deluxe,653.92,3.0,0.0,230.85
5038,US-2021-102574,"September 12, 2021",09/16/2021,Kenji Wilson,Corporate,East,Technology,Phones,Apple iPhone Accessory Pro,1029.02,4.0,0.2,137.33
5039,US-2022-101971,27/11/2022,02-Dec-2022,Ethan Patel,Corporate,South,Office Supplies,Supplies,Elmer's Glue Pack Standard,79.23,3.0,0.1,39.65
5040,US-2023-101764,"February 13, 2023",02/16/2023,Yusuf King,Consumer,Central,Office Supplies,Labels,Avery Label Set Deluxe,15.74,3.0,0.2,9.14
5041,US-2023-102508,2023-05-17,"May 20, 2023",Ethan Rodriguez,Home Office,East,Furniture,Tables,Bevis Table Classic,806.58,2.0,0.0,208.41
5042,US-2024-102936,2024-01-08,"January 13, 2024",Liam Clark,Corporate,West,Furniture,Furnishings,Fellowes Wall Clock Classic,268.83,5.0,0.0,121.43
5043,US-2022-101104,17-Nov-2022,2022-11-21,Zoe Garcia,Consumer,East,Office Supplies,Appliances,Hoover Vacuum Classic,63.78,1.0,0.15,19.49
5044,US-2023-103154,"December 18, 2023",12/21/2023,Isabella Smith,Corporate,Central,Furniture,Bookcases,O'Sullivan Bookcase Value,316.0,1.0,0.0,83.6
5045,US-2022-103277,"February 26, 2022",03/02/2022,Amit Brown,Corporate,West,Office Supplies,Art,Newell Scissors Standard,13.8,1.0,0.1,6.97
5046,US-2023-101266,2023-06-28,"July 01, 2023",Carlos Thomas,Corporate,Central,Technology,Phones,Cisco IP Phone Classic,269.86,2.0,0.5,-107.83
5047,US-2021-100077,"March 01, 2021",03/02/2021,Ravi Thomas,Home Office,West,Office Supplies,Binders,Wilson Jones Binder Value,33.38,4.0,0.2,15.22
5048,US-2023-103004,25/01/2023,28-Jan-2023,Daniel Chen,Home Office,East,Furniture,Tables,Bretford Conference Table Value,239.41,1.0,0.5,-115.84
5049,US-2023-100550,"July 24, 2023",07/25/2023,Arjun Lee,Corporate,West,Furniture,Furnishings,Fellowes Wall Clock Classic,30.64,1.0,0.5,-0.5
5050,US-2021-100489,"July 06, 2021",07/09/2021,Grace Young,Consumer,West,Furniture,Furnishings,Eldon Desk Lamp Pro,31.54,1.0,0.5,-2.32
5051,US-2023-103063,"August 31, 2023",09/07/2023,Ethan Smith,Consumer,Central,Office Supplies,Envelopes,Poly String Envelope Deluxe,14.49,1.0,0.0,8.71
5052,US-2023-100909,08/23/2023,26/08/2023,Kavya Nair,Consumer,Central,Office Supplies,Paper,Boise Copy Paper Classic,14.8,1.0,0.0,10.12
5053,US-2021-100726,06/03/2021,09-Mar-2021,Noah Patel,Consumer,East,Office Supplies,Fasteners,ACCO Fasteners Standard,10.83,3.0,0.15,6.74
5054,US-2024-100291,20/08/2024,26-Aug-2024,Arjun Kumar,Home Office,East,Office Supplies,Storage,IRIS Storage Box Pro,366.76,4.0,0.0,159.47
5055,US-2023-102568,2023-04-01,"April 05, 2023",Sofia Patel,Home Office,South,Technology,Copiers,Canon imageCLASS Copier Pro,5621.67,4.0,0.0,1160.73
5056,US-2022-101195,01/13/2022,16/01/2022,Zoe Smith,Consumer,South,Office Supplies,Labels,Avery Label Set Value,5.07,1.0,0.3,2.7
5057,US-2021-101846,30-Dec-2021,2022-01-06,Maria Wright,Home Office,West,Office Supplies,Storage,Fellowes File Cart Deluxe,81.82,1.0,0.2,21.97
5058,US-2022-101171,"July 16, 2022",07/21/2022,Ananya Walker,Corporate,Central,Furniture,Bookcases,O'Sullivan Bookcase Deluxe,178.92,1.0,0.5,-82.67
5059,US-2021-100827,01/03/2021,04-Mar-2021,Priya Johnson,Corporate,Central,Technology,Copiers,Hewlett Packard Copier Pro,1325.92,2.0,0.5,-747.7
5060,US-2024-100533,17/10/2024,21-Oct-2024,James Davis,Consumer,East,Office Supplies,Paper,Boise Copy Paper Pro,17.99,2.0,0.1,11.07
5061,US-2024-102944,06/06/2024,13-Jun-2024,Arjun Young,Consumer,West,Office Supplies,Paper,Xerox Multipurpose Paper Pro,36.96,3.0,0.0,24.76
5062,US-2023-100264,2023-01-20,"January 27, 2023",Nina Lee,Home Office,West,Technology,Phones,Cisco IP Phone Value,614.93,2.0,0.0,197.45
5063,US-2021-103123,2021-11-24,"November 28, 2021",Kenji Davis,Corporate,East,Technology,Accessories,SanDisk USB Drive Standard,39.5,1.0,0.3,11.53
5064,US-2023-102236,26/02/2023,02-Mar-2023,Arjun Lee,Home Office,South,Office Supplies,Paper,Xerox Multipurpose Paper Standard,34.39,4.0,0.3,17.75
5065,US-2021-103107,09/01/2021,06/09/2021,Ravi Smith,Consumer,East,Office Supplies,Paper,HP Premium Paper Value,11.84,1.0,0.0,7.73
5066,US-2021-102902,10/06/2021,14-Jun-2021,Laura Kumar,Home Office,West,Office Supplies,Supplies,Elmer's Glue Pack Classic,23.73,1.0,0.2,9.92
5067,US-2021-102837,"September 07, 2021",09/09/2021,Grace Young,Consumer,Central,Technology,Phones,Apple iPhone Accessory Classic,384.1,2.0,0.5,-152.19
5068,US-2023-102560,"January 25, 2023",01/29/2023,Isabella Anderson,Consumer,Central,Technology,Copiers,Canon imageCLASS Copier Deluxe,1730.74,1.0,0.1,236.29
5069,US-2023-102122,16-Oct-2023,2023-10-22,Isabella Rodriguez,Consumer,West,Office Supplies,Storage,IRIS Storage Box Standard,153.04,2.0,0.0,60.79
5070,US-2021-102480,31/07/2021,04-Aug-2021,Mateo Lee,Corporate,Central,Technology,Accessories,Belkin Cable Classic,62.24,2.0,0.1,27.68
5071,US-2021-102173,23-Jun-2021,2021-06-28,Hannah Garcia,Home Office,Central,Furniture,Bookcases,Bush Classic Bookcase Pro,721.6,4.0,0.4,-166.28
5072,US-2021-100422,"February 04, 2021",02/08/2021,Kavya Chen,Consumer,East,Technology,Phones,Samsung Galaxy Dock Deluxe,1249.87,4.0,0.0,404.43
5073,US-2023-102514,12/27/2023,02/01/2024,Sofia Nair,Consumer,South,Office Supplies,Art,Prismacolor Pencils Standard,8.49,1.0,0.5,1.56
5074,US-2021-101326,07/09/2021,11-Sep-2021,Priya Walker,Consumer,Central,Office Supplies,Paper,Xerox Multipurpose Paper Value,28.71,4.0,0.3,13.98
5075,US-2021-101756,"December 29, 2021",01/02/2022,Olivia Wilson,Consumer,West,Office Supplies,Fasteners,Bostitch Staples Standard,19.86,4.0,0.2,11.44
5076,US-2024-101076,2024-04-14,"April 20, 2024",Wei Walker,Home Office,Central,Office Supplies,Storage,Fellowes File Cart Classic,211.83,2.0,0.0,92.84
5077,US-2022-102099,05/06/2022,09/05/2022,Maria Young,Corporate,East,Office Supplies,Storage,Fellowes File Cart Deluxe,56.13,1.0,0.3,8.31
5078,US-2021-101887,10/09/2021,15/10/2021,Laura Rodriguez,Consumer,South,Furniture,Bookcases,Bush Classic Bookcase Standard,259.02,1.0,0.1,68.35
5079,US-2021-101086,10-Feb-2021,2021-02-13,Amit Rodriguez,Consumer,South,Technology,Phones,Apple iPhone Accessory Classic,258.73,1.0,0.1,57.64
5080,US-2024-100689,2024-09-17,"September 24, 2024",Arjun Chen,Home Office,South,Office Supplies,Fasteners,ACCO Fasteners Standard,14.51,2.0,0.15,9.14
5081,US-2022-100793,03/06/2022,07-Jun-2022,James Rodriguez,Corporate,West,Office Supplies,Fasteners,Bostitch Staples Value,18.82,3.0,0.4,9.65
5082,US-2021-102583,22-Aug-2021,2021-08-28,Daniel Rodriguez,Consumer,East,Office Supplies,Storage,Fellowes File Cart Pro,50.33,1.0,0.1,16.41
5083,US-2024-100296,2024-03-19,"March 25, 2024",James Wilson,Corporate,East,Furniture,Tables,Bevis Table Deluxe,221.96,1.0,0.2,4.15
5084,US-2022-101000,2022-06-24,"June 28, 2022",Priya King,Home Office,East,Technology,Copiers,Hewlett Packard Copier Pro,3928.6,3.0,0.0,841.7
5085,US-2022-100289,17/01/2022,20-Jan-2022,Kenji Anderson,Consumer,East,Office Supplies,Appliances,Honeywell Fan Pro,561.4,3.0,0.0,219.23
5086,US-2023-103059,2023-10-03,"October 10, 2023",Ananya Rodriguez,Consumer,Central,Technology,Accessories,Logitech Mouse Standard,64.08,2.0,0.1,28.51
5087,US-2022-101106,08/11/2022,17/08/2022,Lucas Kumar,Corporate,West,Office Supplies,Binders,Wilson Jones Binder Classic,31.05,2.0,0.1,16.58
5088,US-2021-100829,"July 19, 2021",07/26/2021,Ethan Anderson,Consumer,South,Office Supplies,Paper,Xerox Multipurpose Paper Value,10.71,1.0,0.1,6.77
5089,US-2022-102243,18/05/2022,20-May-2022,Emma Smith,Corporate,West,Technology,Copiers,Hewlett Packard Copier Pro,6801.31,6.0,0.0,1311.78
5090,US-2021-101423,06/21/2021,25/06/2021,Kavya Clark,Corporate,West,Furniture,Chairs,Hon Task Chair Pro,673.89,3.0,0.1,162.36
5091,US-2023-101947,10/21/2023,24/10/2023,Amit Chen,Corporate,South,Furniture,Tables,Chromcraft Round Table Value,1563.58,5.0,0.15,160.74
5092,US-2023-100914,2023-12-05,"December 09, 2023",Priya Brown,Corporate,West,Office Supplies,Fasteners,Bostitch Staples Pro,3.42,1.0,0.15,2.24
5093,US-2022-100728,29-Mar-2022,2022-04-01,Daniel Chen,Consumer,West,Office Supplies,Storage,Fellowes File Cart Classic,611.69,4.0,0.0,267.12
5094,US-2021-101608,06/03/2021,05/06/2021,Mia King,Consumer,South,Office Supplies,Paper,Boise Copy Paper Value,23.24,2.0,0.3,12.62
5095,US-2023-101797,"June 07, 2023",06/10/2023,Ananya Brown,Consumer,West,Office Supplies,Envelopes,Kraft Clasp Envelope Value,10.93,1.0,0.1,6.56
5096,US-2022-100709,02/12/2022,19/02/2022,Ethan Patel,Consumer,Central,Office Supplies,Supplies,Stanley Hole Punch Pro,32.26,1.0,0.0,18.24
5097,US-2021-100915,30-Jan-2021,2021-02-01,Carlos Clark,Consumer,West,Furniture,Furnishings,Fellowes Wall Clock Deluxe,49.32,1.0,0.3,11.52
5098,US-2022-101980,01/21/2022,25/01/2022,Omar Lee,Consumer,East,Office Supplies,Fasteners,ACCO Fasteners Value,31.47,4.0,0.2,18.83
5099,US-2022-101996,24/07/2022,26-Jul-2022,Zoe Brown,Home Office,South,Office Supplies,Storage,IRIS Storage Box Classic,189.63,2.0,0.2,52.65
5100,US-2021-101521,23/05/2021,28-May-2021,Priya Patel,Corporate,West,Furniture,Furnishings,Eldon Desk Lamp Value,19.09,1.0,0.7,
5101,US-2021-100568,"August 09, 2021",08/12/2021,Nina Clark,Consumer,East,Office Supplies,Appliances,Honeywell Fan Classic,193.43,2.0,0.0,75.72
5102,US-2023-102900,09/07/2023,10/09/2023,Daniel Wright,Corporate,West,Office Supplies,Labels,Sharpie Label Tape Deluxe,14.2,2.0,0.15,9.13
5103,US-2024-102595,2024-10-05,"October 11, 2024",Isabella Young,Consumer,West,Furniture,Chairs,Global Deluxe Chair Classic,199.13,1.0,0.0,62.17
5104,US-2022-100434,16-May-2022,2022-05-21,Maria Nair,Consumer,West,Office Supplies,Labels,Sharpie Label Tape Deluxe,6.23,,0.2,3.76
5105,US-2024-100689,09/17/2024,24/09/2024,Arjun Chen,Home Office,South,Office Supplies,Art,Prismacolor Pencils Standard,22.92,1.0,0.1,12.03
5106,US-2024-103122,11/11/2024,16-Nov-2024,Mateo Garcia,Consumer,East,Office Supplies,Paper,HP Premium Paper Pro,19.99,2.0,0.2,10.67
5107,US-2023-101977,01/07/2023,05-Jul-2023,James Wright,Corporate,West,Furniture,Tables,Bevis Table Deluxe,1256.58,3.0,0.2,64.27
5108,US-2021-101788,06-Sep-2021,2021-09-10,Amit Nair,Consumer,East,Technology,Phones,Cisco IP Phone Pro,147.22,1.0,0.5,-54.3
5109,US-2024-101290,10/09/2024,14/10/2024,Nina Patel,Consumer,East,Furniture,Bookcases,O'Sullivan Bookcase Value,1873.29,4.0,0.0,503.19
5110,US-2021-100634,20-Oct-2021,2021-10-24,Omar King,Consumer,East,Furniture,Chairs,Harbour Creations Chair Value,76.62,1.0,0.1,19.06
5111,US-2022-101569,09/29/2022,05/10/2022,Sofia King,Consumer,East,Furniture,Chairs,Harbour Creations Chair Deluxe,412.67,4.0,0.2,71.88
5112,US-2023-100697,08-Dec-2023,2023-12-12,Zoe Garcia,Consumer,South,Office Supplies,Labels,Sharpie Label Tape Classic,26.45,3.0,0.0,17.71
5113,US-2023-101936,01-Jan-2023,2023-01-06,Wei Smith,Corporate,East,Office Supplies,Paper,Boise Copy Paper Classic,33.8,3.0,0.1,21.59
5114,US-2021-102191,11/07/2021,08/11/2021,James Young,Corporate,West,Office Supplies,Art,Newell Scissors Value,28.83,2.0,0.0,16.67
5115,US-2023-101765,"January 04, 2023",01/11/2023,Olivia Kumar,Consumer,South,Office Supplies,Art,Prismacolor Pencils Classic,35.31,2.0,0.1,17.25
5116,US-2021-102693,06/28/2021,01/07/2021,Liam Clark,Corporate,East,Office Supplies,Envelopes,Poly String Envelope Value,26.81,2.0,0.3,12.59
5117,US-2021-101886,2021-05-22,"May 23, 2021",Mateo Thomas,Home Office,East,Office Supplies,Paper,HP Premium Paper Standard,7.55,1.0,0.0,4.77
5118,US-2021-102981,2021-12-02,"December 05, 2021",Ravi Garcia,Consumer,Central,Furniture,Furnishings,Eldon Desk Lamp Classic,235.07,5.0,0.15,82.51
5119,US-2022-100084,"May 04, 2022",05/08/2022,Liam Nair,Consumer,Central,Technology,Copiers,Hewlett Packard Copier Pro,4291.71,4.0,0.4,-1370.25
5120,US-2021-102157,06-Aug-2021,2021-08-08,Isabella Nair,Consumer,South,Furniture,Bookcases,Bush Classic Bookcase Classic,450.4,2.0,0.2,33.94
5121,US-2021-102960,11/18/2021,23/11/2021,Noah Davis,Corporate,East,Office Supplies,Binders,Acco Binder Value,28.01,3.0,0.2,13.58
5122,US-2022-101671,24-Oct-2022,2022-10-25,Ravi Thomas,Home Office,Central,Office Supplies,Binders,Acco Binder Standard,4.66,1.0,0.3,2.0
5123,US-2021-100425,18-Jun-2021,2021-06-23,Grace Young,Consumer,West,Office Supplies,Envelopes,Poly String Envelope Value,14.38,1.0,0.3,7.08
5124,US-2024-101082,17/06/2024,18-Jun-2024,Chloe Lee,Home Office,South,Office Supplies,Appliances,Hoover Vacuum Deluxe,497.24,5.0,0.6,-254.5
5125,US-2021-101501,26-Nov-2021,2021-12-01,Sofia Anderson,Corporate,East,Office Supplies,Storage,Fellowes File Cart Value,243.47,2.0,0.0,103.44
5126,US-2021-102612,2021-09-13,"September 17, 2021",Daniel Patel,Consumer,East,Furniture,Furnishings,Tenex Chairmat Standard,201.68,3.0,0.0,92.68
5127,US-2022-102505,03/03/2022,06/03/2022,James Thomas,Consumer,West,Office Supplies,Supplies,Stanley Hole Punch Classic,21.94,2.0,0.5,1.89
5128,US-2021-100227,2021-03-31,"April 04, 2021",Omar Brown,Consumer,West,Office Supplies,Supplies,Elmer's Glue Pack Value,81.73,3.0,0.0,45.88
5129,US-2021-103252,2021-01-16,"January 20, 2021",Olivia Young,Home Office,Central,Technology,Copiers,Hewlett Packard Copier Standard,5781.49,4.0,0.1,407.81
5130,US-2021-102694,12-Jan-2021,2021-01-15,Nina King,Consumer,East,Furniture,Tables,Bretford Conference Table Standard,409.76,1.0,0.0,113.59
5131,US-2021-100816,2021-12-25,"December 29, 2021",Ananya Martinez,Consumer,East,Technology,Copiers,Canon imageCLASS Copier Classic,,3.0,0.1,552.59
5132,US-2023-103073,2023-10-13,"October 18, 2023",Zoe Anderson,Corporate,Central,Office Supplies,Binders,Acco Binder Pro,18.32,1.0,0.0,10.29
5133,US-2024-100348,2024-07-22,"July 26, 2024",Arjun Rodriguez,Home Office,East,Technology,Copiers,Canon imageCLASS Copier Pro,2843.35,3.0,0.0,613.78
5134,US-2023-102380,11-Mar-2023,2023-03-14,Olivia Lee,Consumer,East,Office Supplies,Binders,GBC Binding System Pro,30.46,2.0,0.2,14.42
5135,US-2022-102973,"September 16, 2022",09/20/2022,Wei Rodriguez,Corporate,Central,Office Supplies,Art,Sharpie Marker Set Standard,71.95,5.0,0.0,41.7
5136,US-2022-101750,30/09/2022,03-Oct-2022,Arjun Young,Corporate,Central,Office Supplies,Labels,Avery Label Set Pro,54.18,5.0,0.0,36.57
5137,US-2021-101394,05/05/2021,08/05/2021,Omar Brown,Corporate,West,Office Supplies,Art,Sharpie Marker Set Value,88.36,6.0,0.15,
5138,US-2023-102268,05/06/2023,12/05/2023,Maria Smith,Home Office,South,Office Supplies,Labels,Sharpie Label Tape Standard,44.01,4.0,0.0,30.46
5139,US-2022-102065,2022-03-21,"March 25, 2022",Ananya Smith,Home Office,South,Office Supplies,Art,Sharpie Marker Set Deluxe,18.5,1.0,0.15,9.33
5140,US-2023-102319,06/15/2023,21/06/2023,Maria Wilson,Consumer,Central,Office Supplies,Storage,SAFCO Storage Bin Classic,69.54,1.0,0.4,7.25
5141,US-2021-102480,31-Jul-2021,2021-08-04,Mateo Lee,Corporate,Central,Office Supplies,Binders,GBC Binding System Standard,14.66,1.0,0.0,8.58
5142,US-2023-103090,12/05/2023,15-May-2023,Grace Martinez,Consumer,West,Office Supplies,Appliances,Avanti Refrigerator Classic,44.74,1.0,0.4,2.25
5143,US-2022-101284,"December 07, 2022",12/13/2022,Zoe Garcia,Corporate,Central,Office Supplies,Envelopes,Poly String Envelope Classic,8.55,2.0,0.4,2.95
5144,US-2021-103107,"September 01, 2021",09/06/2021,Ravi Smith,Consumer,East,Office Supplies,Storage,IRIS Storage Box Standard,212.75,3.0,0.3,38.98
5145,US-2023-103027,"December 20, 2023",12/24/2023,Olivia Wilson,Consumer,East,Technology,Accessories,Logitech Mouse Pro,304.25,6.0,0.2,111.43
5146,US-2024-100933,11/28/2024,03/12/2024,Liam Nair,Consumer,East,Technology,Copiers,Hewlett Packard Copier Standard,1479.44,1.0,0.0,291.51
5147,US-2023-102448,22/03/2023,25-Mar-2023,Olivia Walker,Consumer,South,Office Supplies,Envelopes,Kraft Clasp Envelope Standard,60.4,3.0,0.0,39.02
5148,US-2023-100673,18-Mar-2023,2023-03-20,Amit Kumar,Consumer,South,Technology,Copiers,Canon imageCLASS Copier Value,3469.26,2.0,0.0,570.51
5149,US-2022-101673,08/13/2022,18/08/2022,Arjun Nair,Home Office,East,Technology,Copiers,Canon imageCLASS Copier Deluxe,2960.28,2.0,0.1,437.77
5150,US-2023-101781,22-May-2023,2023-05-28,Liam Anderson,Consumer,South,Office Supplies,Supplies,Stanley Hole Punch Classic,37.7,1.0,0.0,19.93
5151,US-2021-101501,26/11/2021,01-Dec-2021,Sofia Anderson,Corporate,East,Technology,Accessories,SanDisk USB Drive Value,44.55,1.0,0.0,22.1
5152,US-2022-102083,2022-02-14,"February 19, 2022",Zoe Brown,Corporate,West,Office Supplies,Appliances,Honeywell Fan Standard,88.28,1.0,0.15,23.23
5153,US-2024-100403,2024-12-27,"December 28, 2024",Mateo Davis,Corporate,South,Office Supplies,Envelopes,Kraft Clasp Envelope Classic,7.13,2.0,0.8,-5.77
5154,US-2024-101687,"June 10, 2024",06/17/2024,Ravi King,Home Office,East,Office Supplies,Paper,Boise Copy Paper Pro,28.28,4.0,0.1,16.27
5155,US-2022-102008,"October 21, 2022",10/24/2022,Chloe Johnson,Consumer,East,Technology,Machines,Cubify 3D Printer Deluxe,553.31,1.0,0.4,-155.71
5156,US-2023-100433,"January 08, 2023",01/13/2023,Maria Nair,Consumer,Central,Furniture,Chairs,Global Deluxe Chair Deluxe,635.23,4.0,0.2,107.45
5157,US-2024-100237,22-Oct-2024,2024-10-25,Ethan Martinez,Consumer,West,Office Supplies,Binders,Wilson Jones Binder Pro,42.27,2.0,0.2,21.54
5158,US-2022-101890,03/06/2022,10/03/2022,Ananya Nair,Home Office,West,Technology,Accessories,Belkin Cable Pro,158.14,4.0,0.0,85.3
5159,US-2024-100898,11/17/2024,20/11/2024,Maria Wright,Consumer,West,Office Supplies,Appliances,Avanti Refrigerator Pro,134.93,2.0,0.1,43.46
5160,US-2023-100490,2023-07-02,"July 08, 2023",Maria Wilson,Corporate,South,Furniture,Furnishings,Tenex Chairmat Pro,63.69,1.0,0.0,27.87
5161,US-2024-101961,25-Apr-2024,2024-04-27,Isabella Chen,Consumer,Central,Technology,Copiers,Canon imageCLASS Copier Standard,1275.07,2.0,0.5,-773.61
5162,US-2022-102391,08/04/2022,14-Apr-2022,Maria Clark,Consumer,East,Office Supplies,Fasteners,Bostitch Staples Classic,9.87,2.0,0.0,7.18
5163,US-2021-100357,10/05/2021,10/10/2021,Olivia Smith,Corporate,East,Office Supplies,Art,Sharpie Marker Set Value,10.94,1.0,0.0,5.96
5164,US-2024-100066,13/07/2024,14-Jul-2024,Kavya Brown,Consumer,East,Office Supplies,Paper,Xerox Multipurpose Paper Standard,8.41,1.0,0.15,4.67
5165,US-2022-100241,08-Aug-2022,2022-08-12,Hannah Nair,Home Office,South,Furniture,Bookcases,Bush Classic Bookcase Deluxe,1094.77,4.0,0.0,328.95
5166,US-2021-101846,30/12/2021,06-Jan-2022,Maria Wright,Home Office,West,Office Supplies,Envelopes,Kraft Clasp Envelope Standard,44.03,3.0,0.15,23.72
5167,US-2023-100968,2023-11-28,"December 04, 2023",Olivia Martinez, CORPORATE ,West,Office Supplies,Binders,Wilson Jones Binder Deluxe,22.92,1.0,0.0,13.76
5168,US-2023-102870,2023-03-17,"March 24, 2023",Chloe Anderson,Consumer,West,Technology,Copiers,Hewlett Packard Copier Deluxe,2971.72,2.0,0.0,546.63
5169,US-2021-102513,2021-07-04,"July 07, 2021",Lucas Davis,Corporate,West,Office Supplies,Fasteners,Bostitch Staples Standard,7.0,5.0,0.8,-4.48
5170,US-2024-101735,08/28/2024,03/09/2024,Chloe Kumar,Corporate,East,Technology,Machines,Zebra Label Printer Value,1847.62,2.0,0.0,381.51
5171,US-2021-103149,"January 06, 2021",01/09/2021,Amit Clark,Corporate,Central,Furniture,Tables,Bevis Table Value,616.01,2.0,0.1,114.95
5172,US-2023-101251,29-Jun-2023,2023-07-06,Maria Wright,Consumer,Central,Technology,Machines,Cubify 3D Printer Pro,1199.71,5.0,0.8,-3415.45
5173,US-2022-100445,"October 14, 2022",10/17/2022,Ethan Wilson,Home Office,West,Office Supplies,Paper,Xerox Multipurpose Paper Deluxe,29.93,3.0,0.0,19.0
5174,US-2022-101525,01/27/2022,01/02/2022,Carlos Martinez,Consumer,East,Office Supplies,Envelopes,Poly String Envelope Standard,12.22,1.0,0.0,7.78
5175,US-2024-102390,20/01/2024,23-Jan-2024,Maria Wright,Home Office,West,Office Supplies,Appliances,Avanti Refrigerator Deluxe,275.22,2.0,0.15,86.5
5176,US-2021-102023,"November 16, 2021",11/20/2021,Grace Lee,Corporate,Central,Furniture,Chairs,Hon Task Chair Classic,305.43,2.0,0.2,40.12
5177,US-2022-102466,03-Sep-2022,2022-09-08,Laura Wright,Consumer,East,Furniture,Tables,Bevis Table Value,853.85,3.0,0.0,200.97
5178,US-2021-101461,25/06/2021,30-Jun-2021,Sofia Patel,Consumer,Central,Office Supplies,Labels,Sharpie Label Tape Value,7.18,1.0,0.1,4.43
5179,US-2024-102626,2024-02-12,"February 15, 2024",Omar Lee,Consumer,West,Office Supplies,Paper,HP Premium Paper Deluxe,20.12,2.0,0.15,11.85
5180,US-2021-100636,02/03/2021,09/02/2021,Noah Walker,Home Office,East,Office Supplies,Supplies,Elmer's Glue Pack Deluxe,18.13,1.0,0.0,10.62
5181,US-2023-102360,"June 25, 2023",07/01/2023,,Consumer,Central,Furniture,Bookcases,O'Sullivan Bookcase Pro,1506.59,5.0,0.0,399.11
5182,US-2022-102106,"November 17, 2022",11/20/2022,Noah Thomas,Consumer,Central,Office Supplies,Envelopes,Kraft Clasp Envelope Standard,45.7,4.0,0.0,29.24
5183,US-2022-101645,"January 13, 2022",01/20/2022,Yusuf Walker,Home Office,South,Office Supplies,Fasteners,Bostitch Staples Standard,14.02,2.0,0.2,9.58
5184,US-2024-103016,05-Nov-2024,2024-11-12,Priya Brown,Consumer,West,Office Supplies,Fasteners,Bostitch Staples Deluxe,6.64,1.0,0.3,3.34
5185,US-2021-102402,2021-08-27,"August 30, 2021",Carlos Garcia,Consumer,South,Technology,Copiers,Canon imageCLASS Copier Standard,769.78,2.0,0.1,75.3
5186,US-2024-100933,"November 28, 2024",12/03/2024,Liam Nair,Consumer,East,Furniture,Chairs,Hon Task Chair Value,258.95,1.0,0.2,45.67
5187,US-2024-101452,27-May-2024,2024-05-28,Wei Garcia,Corporate,Central,Technology,Phones,Samsung Galaxy Dock Standard,622.99,2.0,0.3,15.78
5188,US-2024-102256,05/27/2024,31/05/2024,Emma Anderson,Consumer,West,Office Supplies,Storage,SAFCO Storage Bin Pro,212.15,4.0,0.4,19.26
5189,US-2021-103307,02/19/2021,21/02/2021,Carlos Thomas,Corporate,Central,Office Supplies,Labels,Avery Label Set Pro,17.51,3.0,0.1,10.95
5190,US-2024-101004,28-Apr-2024,2024-05-03,Wei Chen,Consumer,West,Technology,Machines,Cubify 3D Printer Value,239.49,1.0,0.6,-228.45
5191,US-2023-100508,11/22/2023,28/11/2023,Omar Kumar,Consumer,East,Furniture,Bookcases,Sauder Bookcase Deluxe,1604.32,6.0,0.0,493.22
5192,US-2022-102139,03/05/2022,08/03/2022,Mia Patel,Consumer,Central,Office Supplies,Paper,Xerox Multipurpose Paper Standard,31.55,3.0,0.0,20.01
5193,US-2022-100534,2022-10-02,"October 06, 2022",Liam Patel,Corporate,West,Office Supplies,Art,Prismacolor Pencils Value,13.02,1.0,0.1,7.38
5194,US-2024-102747,16-Sep-2024,2024-09-21,Kavya Garcia,Consumer,Central,Office Supplies,Paper,Xerox Multipurpose Paper Pro,22.69,2.0,0.1,13.13
5195,US-2021-100193,2021-12-29,"December 31, 2021",Nina Nair,Corporate,West,Furniture,Chairs,Global Deluxe Chair Standard,748.0,4.0,0.0,241.45
5196,US-2024-101704,23/05/2024,28-May-2024,Kenji Garcia,Consumer,East,Office Supplies,Art,Newell Scissors Value,13.5,1.0,0.1,7.77
5197,US-2022-101856,02-Jan-2022,2022-01-05,Wei Clark,Corporate,West,Office Supplies,Envelopes,Poly String Envelope Classic,,5.0,0.0,52.61
5198,US-2024-102760,03/19/2024,24/03/2024,Kenji Nair,Consumer,Central,Office Supplies,Storage,IRIS Storage Box Pro,616.82,6.0,0.0,267.91
5199,US-2022-100806,"November 15, 2022",11/19/2022,Chloe Young,Consumer,South,Furniture,Chairs,Hon Task Chair Deluxe,391.89,2.0,0.2,80.44
5200,US-2022-100608,2022-01-12,"January 17, 2022",Emma Wright,Consumer,East,Technology,Accessories,Logitech Mouse Standard,42.82,1.0,0.0,22.96
5201,US-2024-101693,05/15/2024,19/05/2024,Isabella Davis,Consumer,East,Office Supplies,Storage,SAFCO Storage Bin Pro,56.22,1.0,0.2,14.32
5202,US-2024-100972,12/24/2024,30/12/2024,Olivia Smith,Consumer,South,Office Supplies,Binders,Wilson Jones Binder Deluxe,42.87,2.0,0.0,26.93
5203,US-2023-101492,14/03/2023,20-Mar-2023,Zoe Wilson,Consumer,West,Office Supplies,Storage,SAFCO Storage Bin Standard,61.34,1.0,0.2,17.23
5204,US-2023-102247,2023-08-28,"September 02, 2023",James Thomas,Home Office,South,Office Supplies,Labels,Avery Label Set Pro,5.08,1.0,0.5,1.73
5205,US-2021-101955,02/23/2021,26/02/2021,Priya Davis,Consumer,West,Office Supplies,Paper,Xerox Multipurpose Paper Deluxe,57.76,5.0,0.0,38.89
5206,US-2022-103121,15-Aug-2022,2022-08-20,James Garcia,Consumer,East,Office Supplies,Appliances,Honeywell Fan Pro,326.68,2.0,0.0,128.38
5207,US-2021-101242,2021-04-02,"April 08, 2021",Ethan Smith,Consumer,Central,Office Supplies,Appliances,Avanti Refrigerator Classic,76.12,1.0,0.2,18.89
5208,US-2023-102671,21-Oct-2023,2023-10-28,James Lee,Corporate,East,Office Supplies,Binders,Wilson Jones Binder Deluxe,105.51,5.0,0.1,58.12
5209,US-2022-103283,11/08/2022,17-Aug-2022,Mia Davis,Corporate,East,Office Supplies,Envelopes,Poly String Envelope Classic,11.63,1.0,0.3,4.93
5210,US-2023-100974,2023-06-03,"June 05, 2023",Maria Brown,Consumer,West,Technology,Phones,Apple iPhone Accessory Value,906.24,3.0,0.0,288.75
5211,US-2022-102782,02/20/2022,23/02/2022,Ananya Clark,Home Office,Central,Furniture,Furnishings,Eldon Desk Lamp Value,223.86,4.0,0.0,101.82
5212,US-2023-101485,06/11/2023,10-Nov-2023,Olivia Wilson,Consumer,South,Office Supplies,Envelopes,Kraft Clasp Envelope Classic,19.59,1.0,0.0,11.89
5213,US-2021-101356,2021-01-29,"February 02, 2021",Daniel Brown,Home Office,Central,Furniture,Bookcases,O'Sullivan Bookcase Classic,320.19,1.0,0.2,34.75
5214,US-2021-101778,31/12/2021,04-Jan-2022,Nina Davis,Home Office,South,Furniture,Tables,Chromcraft Round Table Pro,571.83,1.0,0.1,86.6
5215,US-2024-103186,08/02/2024,04/08/2024,Maria Wright,Corporate,South,Technology,Copiers,Canon imageCLASS Copier Deluxe,2158.34,2.0,0.2,-35.77
5216,US-2024-101837,20/08/2024,25-Aug-2024,Sofia Walker,Consumer,West,Office Supplies,Fasteners,ACCO Fasteners Classic,18.55,2.0,0.0,12.48
5217,US-2024-103017,"April 28, 2024",05/02/2024,Omar Lee,Consumer,West,Office Supplies,Appliances,Honeywell Fan Deluxe,99.65,1.0,0.4,1.99
5218,US-2023-101283,05/17/2023,23/05/2023,Sofia Clark,Consumer,West,Technology,Copiers,Hewlett Packard Copier Classic,1239.4,1.0,0.2,-16.63
5219,US-2021-103041,05/07/2021,06-Jul-2021,Chloe Anderson,Corporate,Central,Furniture,Furnishings,Fellowes Wall Clock Deluxe,108.57,3.0,0.1,42.94
5220,US-2023-101873,"August 18, 2023",08/23/2023,Emma Rodriguez,Consumer,Central,Office Supplies,Envelopes,Kraft Clasp Envelope Value,38.47,2.0,0.0,23.62
5221,US-2023-103090,"May 12, 2023",05/15/2023,Grace Martinez,Consumer,West,Furniture,Chairs,Global Deluxe Chair Classic,317.86,1.0,0.0,93.36
5222,US-2021-103181,"August 31, 2021",09/04/2021,Laura Wilson,Consumer,West,Office Supplies,Fasteners,Bostitch Staples Pro,7.37,1.0,0.15,5.03
5223,US-2022-102429,2022-05-08,"May 11, 2022",Kavya Anderson,Home Office,East,Technology,Phones,Apple iPhone Accessory Classic,647.5,2.0,0.0,199.48
5224,US-2022-102012,12/08/2022,13/12/2022,Grace Rodriguez,Consumer,East,Technology,Accessories,Belkin Cable Deluxe,154.88,5.0,0.3,41.95
5225,US-2024-101650,07/08/2024,14-Aug-2024,Isabella Anderson,Corporate,West,Office Supplies,Binders,Acco Binder Pro,42.2,2.0,0.1,23.15
5226,US-2023-103037,24-May-2023,2023-05-29,Maria King,Consumer,East,Office Supplies,Storage,IRIS Storage Box Value,89.77,1.0,0.2,22.76
5227,US-2024-102110,03/06/2024,10/03/2024,Laura Wilson,Home Office,West,Furniture,Chairs,Global Deluxe Chair Deluxe,525.58,2.0,0.0,176.96
5228,US-2024-100999,26/02/2024,03-Mar-2024,Amit Kumar,Consumer,West,Office Supplies,Supplies,Stanley Hole Punch Classic,68.28,2.0,0.0,34.37
5229,US-2022-102548,18/12/2022,19-Dec-2022,Carlos Lee,Consumer,West,Office Supplies,Appliances,Avanti Refrigerator Standard,452.29,3.0,0.1,135.22
5230,US-2023-101891,01-May-2023,2023-05-05,Noah Brown,Home Office,East,Office Supplies,Appliances,Avanti Refrigerator Pro,173.23,2.0,0.5,-24.66
5231,US-2021-101371,13/08/2021,20-Aug-2021,Ananya Smith,Corporate,East,Office Supplies,Supplies,Stanley Hole Punch Deluxe,20.51,1.0,0.2,8.65
5232,US-2022-100342,2022-05-14,"May 18, 2022",Hannah Davis,Corporate,East,Technology,Phones,Samsung Galaxy Dock Classic,661.97,3.0,0.3,7.49
5233,US-2022-100870,2022-01-14,"January 21, 2022",Laura Patel,Corporate,South,Office Supplies,Envelopes,Kraft Clasp Envelope Pro,10.08,1.0,0.0,5.91
5234,US-2024-102873,12/03/2024,15-Mar-2024,Kenji Wright,Home Office,Central,Office Supplies,Envelopes,Kraft Clasp Envelope Value,8.76,2.0,0.7,-3.01
5235,US-2021-102443,2021-12-17,"December 23, 2021",Noah Martinez,Home Office,West,Office Supplies,Appliances,Hoover Vacuum Value,550.32,4.0,0.0,227.49
5236,US-2022-102005,"April 07, 2022",04/12/2022,Sofia Brown,Consumer,East,Office Supplies,Fasteners,ACCO Fasteners Deluxe,33.98,5.0,0.1,20.82
5237,US-2023-102986,11-Mar-2023,2023-03-17,Nina Lee,Corporate,Central,Office Supplies,Appliances,Avanti Refrigerator Value,446.96,4.0,0.1,154.79
5238,US-2024-102742,"November 25, 2024",11/29/2024,Laura Davis,Home Office,Central,Office Supplies,Envelopes,Kraft Clasp Envelope Value,28.42,2.0,0.0,16.53
5239,US-2022-102215,18-Jan-2022,2022-01-24,Emma Smith,Consumer,West,Furniture,Tables,Bretford Conference Table Pro,979.62,2.0,0.0,222.88
5240,US-2022-100330,18/10/2022,23-Oct-2022,Kenji Brown,Corporate,West,Office Supplies,Labels,Sharpie Label Tape Classic,14.8,2.0,0.2,8.89
5241,US-2024-103119,11-Aug-2024,2024-08-17,Carlos Smith,Consumer,Central,Furniture,Chairs,Harbour Creations Chair Value,137.6,1.0,0.1,40.61
5242,US-2023-103105,2023-02-11,"February 18, 2023",Emma Anderson,Home Office,West,Office Supplies,Art,Sharpie Marker Set Deluxe,23.46,3.0,0.6,-1.13
5243,US-2024-101708,25/01/2024,28-Jan-2024,Hannah Patel,Consumer,Central,Office Supplies,Fasteners,Bostitch Staples Classic,15.56,2.0,0.0,11.1
5244,US-2023-100297,12-Aug-2023,2023-08-15,Olivia Kumar,Home Office,South,Office Supplies,Art,Prismacolor Pencils Value,8.1,1.0,0.2,3.75
5245,US-2023-102824,14/11/2023,20-Nov-2023,Sofia Lee,Home Office,Central,Office Supplies,Binders,Acco Binder Classic,8.86,1.0,0.3,3.55
5246,US-2023-100647,01/29/2023,01/02/2023,Mia Young,Home Office,Central,Technology,Copiers,Hewlett Packard Copier Pro,2098.64,2.0,0.4,-693.75
5247,US-2022-100989,25/07/2022,30-Jul-2022,Nina King,Consumer,East,Technology,Accessories,SanDisk USB Drive Value,72.5,2.0,0.3,20.62
5248,US-2021-100606,17-Oct-2021,2021-10-21,Ananya Johnson,Consumer,Central,Office Supplies,Art,Prismacolor Pencils Value,91.08,4.0,0.1,47.51
5249,US-2022-101152,05/29/2022,05/06/2022,Zoe Lee,Consumer,East,Technology,Accessories,Belkin Cable Deluxe,71.22,2.0,0.3,24.2
5250,US-2024-100687,2024-12-25,"December 29, 2024",Arjun Wright,Consumer,West,Technology,Accessories,Belkin Cable Value,128.99,2.0,0.0,65.43
5251,US-2024-101704,"May 23, 2024",05/28/2024,Kenji Garcia,Consumer,East,Furniture,Bookcases,O'Sullivan Bookcase Value,843.11,2.0,0.0,244.95
5252,US-2021-100067,12/27/2021,03/01/2022,Omar Walker,Corporate,East,Technology,Copiers,Canon imageCLASS Copier Value,2684.54,2.0,0.1,307.25
5253,US-2023-100437,2023-08-11,"August 15, 2023",Amit Anderson,Corporate,Central,Office Supplies,Labels,Avery Label Set Pro,14.48,,0.15,9.18
5254,US-2024-103234,20-Jun-2024,2024-06-23,Laura Davis,Consumer,East,Furniture,Tables,Bevis Table Deluxe,1533.11,4.0,0.1,237.28
5255,US-2022-103085,10-Oct-2022,2022-10-14,Amit Wilson,Corporate,Central,Furniture,Bookcases,Bush Classic Bookcase Standard,855.25,3.0,0.0,241.95
5256,US-2021-102217,2021-11-16,"November 18, 2021",Amit Garcia,Corporate,East,Office Supplies,Paper,Boise Copy Paper Pro,24.53,2.0,,16.21
5257,US-2021-100493,2021-05-05,"May 08, 2021",Zoe Lee,Consumer,East,Office Supplies,Envelopes,Poly String Envelope Classic,67.91,6.0,0.0,40.57
5258,US-2023-100070,31/10/2023,02-Nov-2023,Isabella Young,Home Office,South,Office Supplies,Fasteners,ACCO Fasteners Classic,7.86,3.0,0.5,3.3
5259,US-2022-102839,15-Apr-2022,2022-04-21,Kavya Nair,Corporate,South,Office Supplies,Storage,SAFCO Storage Bin Pro,142.73,2.0,0.15,48.23
5260,US-2023-103217,"July 29, 2023",08/03/2023,Sofia Wilson,Corporate,West,Office Supplies,Envelopes,Kraft Clasp Envelope Value,15.61,1.0,0.1,9.39
5261,US-2024-103189,06/08/2024,07-Aug-2024,Nina Davis,Home Office,East,Office Supplies,Fasteners,ACCO Fasteners Deluxe,2.65,1.0,0.6,0.55
5262,US-2022-103324,14/02/2022,17-Feb-2022,Ethan Johnson,Corporate,East,Office Supplies,Appliances,Honeywell Fan Standard,613.9,4.0,0.2,153.56
5263,US-2021-100374,2021-08-26,"September 01, 2021",Zoe Garcia,Consumer,Central,Technology,Accessories,SanDisk USB Drive Pro,26.8,1.0,0.2,9.88
5264,US-2021-102679,2021-04-08,"April 13, 2021",Omar Nair,Consumer,Central,Office Supplies,Envelopes,Kraft Clasp Envelope Value,15.54,1.0,0.0,9.49
5265,US-2024-102615,04/12/2024,07-Dec-2024,Arjun Wright,Consumer,West,Office Supplies,Supplies,Stanley Hole Punch Value,89.75,3.0,0.0,49.7
5266,US-2022-102485,19-Oct-2022,2022-10-23,Nina Nair,Home Office,East,Office Supplies,Envelopes,Kraft Clasp Envelope Deluxe,52.4,6.0,0.2,30.15
5267,US-2024-100592,06/26/2024,29/06/2024,Emma Johnson,Home Office,East,Office Supplies,Labels,Sharpie Label Tape Standard,12.43,3.0,0.4,6.22
5268,US-2023-100522,11/05/2023,09/11/2023,Olivia Kumar,Corporate,Central,Office Supplies,Supplies,Stanley Hole Punch Pro,9.26,1.0,0.5,0.85
5269,US-2021-102912,02/09/2021,06-Sep-2021,Lucas Rodriguez,Consumer,East,Office Supplies,Supplies,Elmer's Glue Pack Value,56.87,2.0,0.1,27.7
5270,US-2024-103108,10-Oct-2024,2024-10-13,Mia King,Consumer,West,Office Supplies,Fasteners,ACCO Fasteners Classic,7.88,1.0,0.1,5.13
5271,US-2021-100002,13/10/2021,19-Oct-2021,Carlos Patel,Consumer,East,Office Supplies,Storage,IRIS Storage Box Deluxe,64.58,1.0,0.2,17.29
5272,US-2024-101832,03/08/2024,12/03/2024,Grace Anderson,Home Office,West,Technology,Copiers,Hewlett Packard Copier Pro,7833.69,4.0,0.0,1762.52
5273,US-2021-101876,07/03/2021,13-Mar-2021,Lucas Thomas,Corporate,East,Technology,Phones,Cisco IP Phone Standard,399.67,2.0,0.4,-72.3
5274,US-2021-101594,2021-03-02,"March 09, 2021",Amit Kumar,Consumer,West,Office Supplies,Fasteners,Bostitch Staples Pro,6.29,1.0,0.15,3.91
5275,US-2024-101493,12/20/2024,26/12/2024,,Corporate,East,Office Supplies,Art,Newell Scissors Deluxe,23.24,2.0,0.3,8.89
5276,US-2021-103083,"December 18, 2021",12/25/2021,Sofia Chen,Consumer,Central,Technology,Copiers,Canon imageCLASS Copier Classic,9109.88,6.0,0.0,1816.85
5277,US-2021-102320,21/11/2021,24-Nov-2021,Maria Johnson,Consumer,East,Furniture,Chairs,Global Deluxe Chair Pro,254.34,2.0,0.0,77.41
5278,US-2022-102949,"February 01, 2022",02/06/2022,Mia Lee,Consumer,West,Office Supplies,Paper,Xerox Multipurpose Paper Standard,16.68,1.0,0.0,10.77
5279,US-2024-102858,03-Aug-2024,2024-08-08,Ethan Anderson,Corporate,West,Office Supplies,Fasteners,ACCO Fasteners Standard,4.73,1.0,0.1,3.17
5280,US-2023-101021,2023-09-23,"September 26, 2023",Omar Smith,Consumer,East,Office Supplies,Storage,Fellowes File Cart Pro,285.81,3.0,0.1,105.63
5281,US-2021-100686,"November 28, 2021",12/02/2021,Mateo Davis,Consumer,Central,Office Supplies,Labels,Sharpie Label Tape Pro,9.61,1.0,0.0,6.43
5282,US-2022-101959,10/21/2022,27/10/2022,Amit Davis,Corporate,West,Furniture,Furnishings,Fellowes Wall Clock Pro,139.45,3.0,0.1,51.82
5283,US-2024-100340,30/11/2024,04-Dec-2024,Yusuf Clark,Consumer,Central,Furniture,Chairs,Hon Task Chair Standard,213.74,1.0,0.0,62.87
5284,US-2021-102269,03/08/2021,06-Aug-2021,Priya Walker,Corporate,East,Technology,Copiers,Canon imageCLASS Copier Classic,889.71,1.0,0.2,-6.23
5285,US-2023-102251,05/28/2023,02/06/2023,Priya Chen,Home Office,East,Office Supplies,Binders,Acco Binder Standard,9.73,1.0,0.5,2.39
5286,US-2022-102487,02/12/2022,16/02/2022,Lucas Thomas,Consumer,Central,Office Supplies,Paper,HP Premium Paper Standard,6.5,3.0,0.8,-3.91
5287,US-2022-100509,"February 16, 2022",02/19/2022,Zoe Johnson,Consumer,West,Technology,Phones,Samsung Galaxy Dock Deluxe,502.89,3.0,0.15,80.49
5288,US-2021-101186,09-Oct-2021,2021-10-12,Omar Johnson,Consumer,West,Office Supplies,Art,Prismacolor Pencils Pro,21.14,1.0,0.0,12.19
5289,US-2024-101666,16/06/2024,20-Jun-2024,Ananya Johnson,Consumer,East,Office Supplies,Fasteners,Bostitch Staples Classic,11.1,3.0,0.3,6.64
5290,US-2021-102947,10/02/2021,16-Feb-2021,Maria Davis,Consumer,South,Office Supplies,Art,Sharpie Marker Set Classic,34.85,2.0,0.0,20.31
5291,US-2021-103102,12/11/2021,12/12/2021,Wei Kumar,Consumer,South,Office Supplies,Paper,Boise Copy Paper Classic,15.86,2.0,0.5,4.78
5292,US-2024-100696,01/11/2024,18/01/2024,Emma Chen,Consumer,West,Technology,Accessories,Logitech Mouse Standard,264.87,5.0,0.1,116.39
5293,US-2022-100578,02/22/2022,27/02/2022,Nina Young,Corporate,South,Office Supplies,Storage,SAFCO Storage Bin Classic,105.23,2.0,0.6,-44.82
5294,US-2022-101622,01/05/2022,08/01/2022,Olivia Johnson,Consumer,East,Office Supplies,Labels,Sharpie Label Tape Value,10.27,2.0,0.5,3.62
5295,US-2024-102696,2024-12-17,"December 22, 2024",Wei Garcia,Home Office,East,Office Supplies,Fasteners,Bostitch Staples Classic,8.46,2.0,0.0,5.8
5296,US-2023-102316,05-Jul-2023,2023-07-10,Liam Garcia,Consumer,East,Technology,Copiers,Hewlett Packard Copier Value,720.46,1.0,0.5,-450.94
5297,US-2021-101415,"August 14, 2021",08/21/2021,Emma Patel,Consumer,South,Office Supplies,Envelopes,Kraft Clasp Envelope Standard,9.94,2.0,0.7,-3.04
5298,US-2024-102471,2024-07-09,"July 11, 2024",Yusuf Rodriguez,Corporate,West,Office Supplies,Fasteners,Bostitch Staples Classic,4.8,1.0,0.1,3.41
5299,US-2024-102860,2024-09-24,"September 27, 2024",Nina Clark,Consumer,Central,Furniture,Furnishings,Tenex Chairmat Pro,100.23,2.0,0.0,46.03
5300,US-2024-102479,10/31/2024,03/11/2024,Mia King,Consumer,South,Office Supplies,Paper,Boise Copy Paper Value,9.92,1.0,0.2,5.52
5301,US-2022-101772,2022-04-29,"May 03, 2022",Amit Brown,Corporate,East,Furniture,Furnishings,Eldon Desk Lamp Deluxe,170.7,5.0,0.2,58.45
5302,US-2021-100304,28/09/2021,30-Sep-2021,Lucas Clark,Corporate,West,Technology,Copiers,Canon imageCLASS Copier Value,3219.95,2.0,0.0,596.78
5303,US-2023-101470,2023-05-09,"May 16, 2023",Priya Nair,Corporate,West,Office Supplies,Labels,Sharpie Label Tape Standard,16.45,3.0,0.0,10.61
5304,US-2023-102997,12/31/2023,03/01/2024,Emma Thomas,Consumer,West,Technology,Phones,Samsung Galaxy Dock Standard,368.75,1.0,0.0,116.51
5305,US-2022-101096,03/05/2022,10/03/2022,Mia Johnson,Consumer,South,Office Supplies,Storage,SAFCO Storage Bin Pro,167.12,2.0,0.1,63.1
5306,US-2021-100314,18-May-2021,2021-05-22,Ananya Wright,Consumer,Central,Office Supplies,Storage,SAFCO Storage Bin Value,120.56,2.0,0.3,20.13
5307,US-2023-101685,11/24/2023,28/11/2023,Amit Brown,Corporate,West,Furniture,Furnishings,Fellowes Wall Clock Value,77.16,2.0,0.2,27.36
5308,US-2024-102601,06/06/2024,09/06/2024,Isabella Smith,Corporate,East,Office Supplies,Envelopes,Kraft Clasp Envelope Value,55.82,4.0,0.0,36.9
5309,US-2021-101906,2021-07-14,"July 18, 2021",Hannah Lee,Corporate,East,Office Supplies,Paper,Xerox Multipurpose Paper Pro,4.99,1.0,0.7,-1.1
5310,US-2024-100466,11/12/2024,14-Dec-2024,Hannah Martinez,Consumer,South,Furniture,Chairs,Harbour Creations Chair Deluxe,84.74,1.0,0.5,-25.05
5311,US-2021-102436,14-Apr-2021,2021-04-19,Carlos Martinez,Corporate,West,Office Supplies,Envelopes,Poly String Envelope Classic,15.43,1.0,0.2,8.68
5312,US-2024-100840,27/10/2024,01-Nov-2024,Laura Thomas,Home Office,Central,Office Supplies,Envelopes,Kraft Clasp Envelope Classic,23.28,3.0,0.2,12.77
5313,US-2021-101521,23-May-2021,2021-05-28,Priya Patel,Corporate,West,Office Supplies,Art,Prismacolor Pencils Pro,18.26,2.0,0.4,
5314,US-2023-100091,05/12/2023,08-Dec-2023,Grace Wilson,Consumer,South,Office Supplies,Art,Prismacolor Pencils Value,12.54,2.0,0.6,0.08
5315,US-2023-101808,27/01/2023,30-Jan-2023,Olivia Anderson,Consumer,East,Office Supplies,Labels,Sharpie Label Tape Classic,6.22,1.0,0.3,3.29
5316,US-2024-101004,04/28/2024,03/05/2024,Wei Chen,Consumer,West,Office Supplies,Envelopes,Poly String Envelope Pro,16.89,1.0,0.0,10.58
5317,US-2024-101740,08/07/2024,09/08/2024,Priya Lee,Consumer,South,Office Supplies,Storage,IRIS Storage Box Pro,81.78,1.0,0.15,23.94
5318,US-2023-103331,17/05/2023,23-May-2023,Kenji King,Consumer,West,Furniture,Bookcases,O'Sullivan Bookcase Value,863.56,5.0,0.3,-3.45
5319,US-2024-102818,09/12/2024,15/09/2024,Yusuf Brown,Corporate,East,Technology,Machines,Zebra Label Printer Classic,418.14,1.0,0.5,-236.87
5320,US-2021-102327,"February 11, 2021",02/16/2021,Wei King,Consumer,East,Office Supplies,Appliances,Hoover Vacuum Pro,132.14,1.0,0.1,43.0
5321,US-2023-101641,"June 20, 2023",06/25/2023,James Rodriguez,Consumer,South,Office Supplies,Storage,IRIS Storage Box Standard,31.52,2.0,0.7,-28.47
5322,US-2022-101129,2022-09-14,"September 18, 2022",Olivia Nair,Corporate,West,Office Supplies,Envelopes,Poly String Envelope Deluxe,24.97,2.0,0.3,11.41
5323,US-2024-100336,15/07/2024,20-Jul-2024,Emma Chen,Corporate,West,Furniture,Chairs,Hon Task Chair Deluxe,274.5,1.0,0.1,58.11
5324,US-2021-101081,12/18/2021,23/12/2021,Grace Nair,Corporate,South,Office Supplies,Fasteners,Bostitch Staples Value,4.39,4.0,0.8,-2.16
5325,US-2024-101238,2024-09-11,"September 16, 2024",Sofia King,Corporate,West,Office Supplies,Paper,Xerox Multipurpose Paper Pro,10.04,1.0,0.2,6.11
5326,US-2023-100075,02-May-2023,2023-05-07,Maria Brown,Corporate,Central,Technology,Phones,Cisco IP Phone Classic,1987.62,5.0,0.0,601.61
5327,US-2022-102036,28/12/2022,31-Dec-2022,Daniel Nair,Consumer,Central,Office Supplies,Art,Newell Scissors Pro,85.28,4.0,0.1,45.51
5328,US-2021-101997,25-May-2021,2021-05-26,Grace Patel,Consumer,East,Office Supplies,Appliances,Hoover Vacuum Value,163.3,1.0,0.1,56.01
5329,US-2023-101363,01-Aug-2023,2023-08-07,Mateo Anderson,Consumer,West,Office Supplies,Labels,Avery Label Set Standard,13.36,2.0,0.0,9.0
5330,US-2023-101786,2023-12-25,"December 26, 2023",Nina Lee,Consumer,South,Office Supplies,Appliances,Hoover Vacuum Standard,412.32,3.0,0.0,156.39
5331,US-2024-100586,2024-04-11,"April 16, 2024",Amit Wilson,Consumer,Central,Furniture,Bookcases,Bush Classic Bookcase Classic,796.53,3.0,0.0,206.61
5332,US-2024-101377,2024-12-06,"December 09, 2024",Carlos Walker,Consumer,South,Office Supplies,Binders,Acco Binder Value,75.45,4.0,0.0,48.49
5333,US-2022-100110,2022-06-26,"June 30, 2022",Omar King,Corporate,Central,Office Supplies,Paper,HP Premium Paper Standard,42.83,3.0,0.0,28.08
5334,US-2024-100681,15/11/2024,18-Nov-2024,Sofia Johnson,Consumer,West,Furniture,Bookcases,Bush Classic Bookcase Pro,115.16,1.0,0.4,-19.67
5335,US-2021-103036,"September 07, 2021",09/13/2021,Kavya Davis,Corporate,South,Office Supplies,Appliances,Hoover Vacuum Deluxe,878.02,5.0,0.0,314.11
5336,US-2024-100415,28/02/2024,04-Mar-2024,James Wright,Consumer,Central,Office Supplies,Paper,Boise Copy Paper Deluxe,51.47,3.0,0.0,30.89
5337,US-2023-103217,29/07/2023,03-Aug-2023,Sofia Wilson,Corporate,West,Office Supplies,Paper,Xerox Multipurpose Paper Classic,19.74,4.0,0.5,5.93
5338,US-2024-100353,02/10/2024,15/02/2024,Wei Wright,Consumer,South,Office Supplies,Labels,Sharpie Label Tape Standard,36.57,6.0,0.15,23.08
5339,US-2021-102564,03/29/2021,03/04/2021,Mia Smith,Consumer,South,Furniture,Bookcases,O'Sullivan Bookcase Pro,645.02,4.0,0.2,40.08
5340,US-2022-100174,04/05/2022,11/04/2022,Amit Patel,Corporate,West,Office Supplies,Envelopes,Poly String Envelope Classic,25.95,4.0,0.15,13.93
5341,US-2024-102051,2024-10-16,"October 20, 2024",Kavya Johnson,Corporate,East,Office Supplies,Paper,HP Premium Paper Deluxe,11.16,1.0,0.1,7.2
5342,US-2024-103241,03/05/2024,09/03/2024,Noah Rodriguez,Consumer,East,Office Supplies,Binders,Acco Binder Classic,15.89,4.0,0.8,-14.43
5343,US-2021-100633,2021-06-25,"June 27, 2021",Noah Rodriguez,Corporate,East,Technology,Copiers,Hewlett Packard Copier Deluxe,4327.69,3.0,0.15,352.58
5344,US-2022-101536,2022-01-19,"January 23, 2022",Arjun Smith,Consumer,East,Office Supplies,Fasteners,Bostitch Staples Pro,18.16,3.0,0.15,11.73
5345,US-2023-100443,04/26/2023,30/04/2023,Hannah Martinez,Corporate,West,Office Supplies,Storage,SAFCO Storage Bin Deluxe,29.22,1.0,0.6,-12.85
5346,US-2023-100638,28/10/2023,01-Nov-2023,Nina Patel,Home Office,East,Technology,Phones,Cisco IP Phone Classic,252.02,1.0,0.15,35.05
5347,US-2022-101513,18/05/2022,19-May-2022,Wei Brown,Corporate,West,Office Supplies,Labels,Avery Label Set Standard,34.77,4.0,0.0,23.85
5348,US-2024-101322,2024-08-26,"August 30, 2024",James Martinez,Consumer,South,Office Supplies,Art,Sharpie Marker Set Deluxe,23.7,3.0,0.4,5.25
5349,US-2022-100745,"November 16, 2022",11/23/2022,Chloe Clark,Corporate,Central,Furniture,Furnishings,Eldon Desk Lamp Deluxe,85.41,2.0,0.1,31.62
5350,US-2022-100011,03/06/2022,10/03/2022,Yusuf Wilson,Corporate,South,Furniture,Furnishings,Tenex Chairmat Value,47.5,1.0,0.1,18.9
5351,US-2023-101875,2023-09-24,"September 30, 2023",Omar Johnson,Consumer,South,Technology,Phones,Cisco IP Phone Pro,2224.1,6.0,0.15,422.16
5352,US-2021-100269,2021-10-14,"October 17, 2021",Mateo Wright,Consumer,West,Furniture,Tables,Bevis Table Pro,298.4,1.0,0.1,42.37
5353,US-2023-102779,20-Aug-2023,2023-08-23,Olivia Lee,Consumer,West,Technology,Phones,Apple iPhone Accessory Value,1996.83,5.0,0.0,560.78
5354,US-2023-102841,25/01/2023,01-Feb-2023,Wei Clark,Consumer,South,Office Supplies,Envelopes,Poly String Envelope Standard,12.01,1.0,0.2,6.31
5355,US-2024-100483,2024-08-31,"September 05, 2024",Sofia Wright,Consumer,South,Technology,Machines,Lexmark Printer Value,4417.64,5.0,0.15,372.69
5356,US-2024-101844,06-Mar-2024,2024-03-11,Lucas Davis,Corporate,Central,Technology,Machines,Lexmark Printer Deluxe,5623.02,6.0,0.0,1378.4
5357,US-2021-103220,05/05/2021,11-May-2021,Sofia Martinez,Consumer,South,Furniture,Chairs,Harbour Creations Chair Value,320.26,2.0,0.2,46.28
5358,US-2021-100571,22/12/2021,29-Dec-2021,Carlos Garcia,Consumer,South,Office Supplies,Art,Prismacolor Pencils Deluxe,39.3,3.0,0.2,17.65
5359,US-2023-102926,"August 30, 2023",09/04/2023,Mateo Kumar,Corporate,South,Office Supplies,Binders,Acco Binder Classic,48.6,2.0,0.1,27.78
5360,US-2021-100130,2021-03-31,"April 02, 2021",Mateo Nair,Consumer,East,Office Supplies,Art,Sharpie Marker Set Deluxe,30.17,2.0,0.0,17.55
5361,US-2022-102012,08/12/2022,13-Dec-2022,Grace Rodriguez,Consumer,East,Office Supplies,Fasteners,ACCO Fasteners Classic,4.78,1.0,0.5,2.13
5362,US-2021-101490,2021-12-22,"December 26, 2021",Ravi Thomas,Consumer,South,Office Supplies,Supplies,Stanley Hole Punch Classic,136.15,5.0,0.0,75.16
5363,US-2024-100332,08-Feb-2024,2024-02-10,Kenji King,Consumer,West,Office Supplies,Paper,HP Premium Paper Deluxe,25.94,2.0,0.0,16.83
5364,US-2021-102061,12/16/2021,18/12/2021,Maria Martinez,Corporate,West,Office Supplies,Fasteners,Bostitch Staples Deluxe,9.01,3.0,0.6,1.89
5365,US-2021-101007,"July 24, 2021",07/27/2021,Hannah Brown,Corporate,Central,Furniture,Tables,Bretford Conference Table Value,1439.21,6.0,0.3,-148.42
5366,US-2021-100625,2021-07-31,"August 04, 2021",Hannah Walker,Corporate,East,Office Supplies,Art,Sharpie Marker Set Value,17.14,2.0,0.0,9.46
5367,US-2023-102071,11/29/2023,02/12/2023,Priya Brown,Consumer,South,Technology,Copiers,Hewlett Packard Copier Standard,5599.87,5.0,0.0,946.37
5368,US-2022-102733,2022-08-02,"August 05, 2022",Maria Nair,Consumer,West,Technology,Machines,Lexmark Printer Value,714.23,1.0,0.2,44.93
5369,US-2024-100569,10/09/2024,17-Sep-2024,Kavya Walker,Consumer,East,Office Supplies,Binders,GBC Binding System Standard,10.2,1.0,0.5,2.39
5370,US-2021-101415,14/08/2021,21-Aug-2021,Emma Patel,Consumer,South,Office Supplies,Labels,Avery Label Set Pro,4.0,1.0,0.6,0.93
5371,US-2022-101643,2022-01-04,"January 10, 2022",Arjun Wilson,Corporate,East,Office Supplies,Envelopes,Kraft Clasp Envelope Deluxe,96.15,,0.0,55.03
5372,US-2022-103299,"August 18, 2022",08/23/2022,Emma Martinez,Home Office,West,Office Supplies,Art,Sharpie Marker Set Standard,20.34,2.0,0.5,4.51
5373,US-2022-102828,2022-10-27,"November 02, 2022",Ethan Wilson,Corporate,South,Office Supplies,Binders,Acco Binder Deluxe,44.6,3.0,0.2,22.45
5374,US-2023-103242,04/07/2023,06-Jul-2023,Wei Davis,Consumer,East,Technology,Machines,Lexmark Printer Pro,733.99,1.0,0.1,129.53
5375,US-2021-100729,"June 13, 2021",06/16/2021,Ethan Johnson,Consumer,East,Office Supplies,Labels,Sharpie Label Tape Pro,19.52,2.0,0.15,12.17
5376,US-2024-103129,25/02/2024,28-Feb-2024,Emma Walker,Corporate,West,Furniture,Chairs,Global Deluxe Chair Standard,587.85,4.0,0.0,186.98
5377,US-2024-100907,18-Oct-2024,2024-10-21,Laura Thomas,Consumer,Central,Technology,Machines,Cubify 3D Printer Pro,214.67,1.0,0.7,-338.65
5378,US-2022-102398,22-Aug-2022,2022-08-23,Emma Davis,Consumer,West,Office Supplies,Art,Prismacolor Pencils Classic,11.75,1.0,0.1,6.47
5379,US-2024-103318,01/09/2024,16/01/2024,Ethan Brown,Home Office,East,Office Supplies,Supplies,Stanley Hole Punch Pro,73.8,3.0,0.1,35.61
5380,US-2022-100775,2022-01-31,"February 05, 2022",Emma Johnson,Home Office,East,Technology,Copiers,Canon imageCLASS Copier Pro,1396.74,1.0,0.1,212.08
5381,US-2022-103288,2022-11-22,"November 23, 2022",Grace Thomas,Consumer,East,Office Supplies,Appliances,Honeywell Fan Pro,692.19,5.0,0.15,229.02
5382,US-2023-100095,2023-11-25,"November 29, 2023",Noah Chen,Corporate,Central,Office Supplies,Paper,Boise Copy Paper Classic,12.63,1.0,0.0,7.69
5383,US-2021-102443,17-Dec-2021,2021-12-23,Noah Martinez,Home Office,West,Furniture,Furnishings,Eldon Desk Lamp Classic,208.82,5.0,0.0,98.07
5384,US-2023-100570,06/06/2023,10/06/2023,Zoe King,Corporate,Central,Office Supplies,Fasteners,ACCO Fasteners Value,20.49,3.0,0.1,13.39
5385,US-2022-102282,05/06/2022,10/05/2022,,Consumer,East,Office Supplies,Binders,Acco Binder Classic,57.08,4.0,0.3,23.6
5386,US-2023-101945,28/07/2023,01-Aug-2023,Hannah Wilson,Consumer,Central,Furniture,Chairs,Hon Task Chair Value,152.93,1.0,0.0,49.59
5387,US-2023-101722,06/08/2023,10-Aug-2023,Noah Thomas,Consumer,West,Technology,Machines,Cubify 3D Printer Value,632.89,1.0,0.3,-42.28
5388,US-2022-102273,02-Apr-2022,2022-04-07,Ethan Wilson,Consumer,South,Furniture,Bookcases,O'Sullivan Bookcase Deluxe,1730.5,6.0,0.0,483.12
5389,US-2023-102662,"November 01, 2023",11/03/2023,Olivia Walker,Consumer,East,Technology,Phones,Samsung Galaxy Dock Pro,735.42,2.0,0.2,92.11
5390,US-2023-102976,"April 22, 2023",04/29/2023,Ethan Davis,Consumer,West,Office Supplies,Envelopes,Kraft Clasp Envelope Value,67.95,4.0,0.1,40.13
5391,US-2021-101778,12/31/2021,04/01/2022,Nina Davis,Home Office,South,Office Supplies,Art,Newell Scissors Deluxe,15.7,1.0,0.2,7.59
5392,US-2022-101320,2022-10-25,"October 27, 2022",Nina King,Home Office,West,Office Supplies,Storage,IRIS Storage Box Pro,175.75,2.0,0.1,55.71
5393,US-2022-100055,"June 28, 2022",06/29/2022,Maria Patel,Corporate,Central,Office Supplies,Art,Prismacolor Pencils Value,46.75,3.0,0.2,23.79
5394,US-2022-101532,20-Jan-2022,2022-01-24,Priya Patel,Consumer,West,Technology,Accessories,Logitech Mouse Value,28.1,1.0,0.3,7.73
5395,US-2022-101911,"January 20, 2022",01/23/2022,Grace King,Corporate,West,Office Supplies,Art,Sharpie Marker Set Deluxe,94.33,5.0,0.0,53.14
5396,US-2021-100146,"September 27, 2021",09/29/2021,Wei Anderson,Corporate,Central,Office Supplies,Binders,Acco Binder Deluxe,49.76,5.0,0.3,20.01
5397,US-2023-102367,"October 03, 2023",10/08/2023,Lucas Chen,Consumer,West,Office Supplies,Binders,Acco Binder Pro,110.41,5.0,0.15,56.71
5398,US-2021-102522,17/12/2021,22-Dec-2021,Ananya Clark,Corporate,Central,Furniture,Tables,Bevis Table Value,357.0,1.0,0.0,96.32
5399,US-2022-100857,2022-06-01,"June 05, 2022",Liam Wright,Corporate,West,Office Supplies,Fasteners,Bostitch Staples Deluxe,40.21,6.0,0.0,27.43
5400,US-2023-100979,"January 21, 2023",01/27/2023,Hannah King,Home Office,East,Office Supplies,Binders,GBC Binding System Classic,85.81,6.0,0.0,54.28
5401,US-2021-102798,15-Feb-2021,2021-02-18,Mia Smith,Consumer,West, TECHNOLOGY ,Accessories,Belkin Cable Pro,49.09,1.0,0.1,20.95
5402,US-2024-102820,"May 30, 2024",06/06/2024,Sofia Smith,Home Office,Central,Technology,Accessories,SanDisk USB Drive Classic,112.36,2.0,0.1,50.56
5403,US-2022-102399,03/18/2022,24/03/2022,Daniel Wright,Home Office,South,Office Supplies,Supplies,Stanley Hole Punch Standard,21.23,1.0,0.0,12.25
5404,US-2022-101009,06/28/2022,29/06/2022,Maria Anderson,Corporate,East,Office Supplies,Art,Newell Scissors Value,,6.0,0.0,83.98
5405,US-2023-101917,07/16/2023,21/07/2023,Isabella Young,Corporate,South,Office Supplies,Appliances,Avanti Refrigerator Deluxe,312.06,3.0,0.3,54.37
5406,US-2022-102698,30/06/2022,06-Jul-2022,Sofia Kumar,Consumer,Central, OFFICE SUPPLIES ,Binders,Wilson Jones Binder Classic,15.92,1.0,0.15,8.87
5407,US-2024-100689,17/09/2024,24-Sep-2024,Arjun Chen,Home Office,South,Office Supplies,Appliances,Hoover Vacuum Standard,434.66,3.0,0.0,174.43
5408,US-2021-101350,2021-10-20,"October 21, 2021",Ravi King,Consumer,South,Furniture,Chairs,Harbour Creations Chair Value,380.0,3.0,0.3,-2.52
5409,US-2022-101002,16-Dec-2022,2022-12-19,Omar King,Consumer,Central,Office Supplies,Storage,IRIS Storage Box Pro,251.23,2.0,0.0,108.82
5410,US-2021-101902,2021-08-19,"August 23, 2021",Priya Rodriguez,Corporate,West,Furniture,Tables,Chromcraft Round Table Classic,399.44,1.0,0.1,71.62
5411,US-2022-101230,02/27/2022,02/03/2022,Liam Brown,Corporate,West,Furniture,Tables,Chromcraft Round Table Classic,1412.09,3.0,0.0,376.84
5412,US-2021-102457,2021-02-16,"February 20, 2021",Priya King,Consumer,West,Office Supplies,Fasteners,Bostitch Staples Standard,11.09,2.0,0.2,6.89
5413,US-2021-103280,03/04/2021,07-Apr-2021,Zoe Wilson,Consumer,Central,Office Supplies,Labels,Sharpie Label Tape Standard,14.73,3.0,0.3,7.79
5414,US-2024-101868,"April 15, 2024",04/20/2024,Ravi Johnson,Corporate,Central,Office Supplies,Appliances,Hoover Vacuum Pro,73.99,1.0,0.1,25.34
5415,US-2024-102727,"January 13, 2024",01/19/2024,Kenji Thomas,Consumer,South,Furniture,Tables,Bretford Conference Table Standard,566.43,2.0,0.0,135.98
5416,US-2021-102244,"October 31, 2021",11/03/2021,Mia Davis,Consumer,East,Office Supplies,Paper,Xerox Multipurpose Paper Classic,7.08,2.0,0.3,3.74
5417,US-2021-101225,10/07/2021,16-Jul-2021,Sofia Patel,Consumer,East,Office Supplies,Supplies,Stanley Hole Punch Standard,135.4,6.0,0.0,74.75
5418,US-2024-102979,04/11/2024,17/04/2024,Mia Smith,Consumer,Central,Furniture,Tables,Chromcraft Round Table Pro,1193.21,2.0,0.0,261.17
5419,US-2023-102195,"March 03, 2023",03/05/2023,Ethan Brown,Consumer,Central,Office Supplies,Paper,Xerox Multipurpose Paper Standard,,3.0,0.15,17.37
5420,US-2024-103315,10/13/2024,14/10/2024,Nina Davis,Corporate,West,Technology,Accessories,SanDisk USB Drive Value,70.88,2.0,0.2,24.8
5421,US-2021-100363,"February 25, 2021",02/28/2021,Carlos Rodriguez,Consumer,Central,Office Supplies,Paper,HP Premium Paper Pro,10.39,2.0,0.5,3.01
5422,US-2022-100152,30-Mar-2022,2022-04-02,Grace Chen,Corporate,West,Furniture,Furnishings,Fellowes Wall Clock Pro,61.18,4.0,0.7,-57.37
5423,US-2023-102019,22/08/2023,26-Aug-2023,Ananya Young,Home Office,Central,Office Supplies,Art,Newell Scissors Deluxe,26.2,2.0,0.15,12.73
5424,US-2021-102439,10/08/2021,11/10/2021,Chloe Smith,Consumer,South,Office Supplies,Supplies,Stanley Hole Punch Classic,4.68,1.0,0.8,-5.0
5425,US-2024-101071,19-Aug-2024,2024-08-22,Yusuf Garcia,Consumer,East,Office Supplies,Fasteners,ACCO Fasteners Pro,7.87,2.0,0.3,4.94
5426,US-2022-102828,10/27/2022,02/11/2022,Ethan Wilson,Corporate,South,Office Supplies,Paper,Boise Copy Paper Deluxe,9.04,1.0,0.3,4.63
5427,US-2022-100046,2022-07-21,"July 25, 2022",Maria Smith,Corporate,East,Office Supplies,Labels,Avery Label Set Pro,15.09,2.0,0.0,9.78
5428,US-2021-101423,2021-06-21,"June 25, 2021",Kavya Clark,Corporate,West,Furniture,Chairs,Global Deluxe Chair Standard,750.88,3.0,0.1,170.33
5429,US-2021-101172,07/04/2021,14-Apr-2021,Arjun Clark,Home Office,West,Furniture,Furnishings,Tenex Chairmat Standard,181.75,4.0,0.0,78.68
5430,US-2022-101787,11/22/2022,25/11/2022,Kenji King,Consumer,Central,Office Supplies,Envelopes,Poly String Envelope Value,33.29,4.0,0.3,13.96
5431,US-2023-100283,"June 25, 2023",06/29/2023,Grace Wilson,Consumer,West,Office Supplies,Envelopes,Poly String Envelope Standard,12.47,1.0,0.15,7.03
5432,US-2021-101098,"May 11, 2021",05/14/2021,Mateo Clark,Consumer,Central,Office Supplies,Appliances,Avanti Refrigerator Deluxe,282.79,2.0,0.15,88.39
5433,US-2021-101032,14/06/2021,19-Jun-2021,Zoe Nair,Home Office,East,Office Supplies,Fasteners,Bostitch Staples Pro,4.41,1.0,0.2,2.68
5434,US-2021-101747,05/14/2021,21/05/2021,Noah Walker,Corporate,East,Technology,Machines,Zebra Label Printer Pro,1257.15,2.0,0.1,180.44
5435,US-2024-101934,07/12/2024,14-Dec-2024,Isabella Clark,Consumer,West,Office Supplies,Envelopes,Kraft Clasp Envelope Pro,34.75,5.0,0.3,15.72
5436,US-2021-100085,08/23/2021,26/08/2021,Nina Kumar,Home Office,South,Furniture,Bookcases,Bush Classic Bookcase Value,1128.05,4.0,0.0,344.69
5437,US-2023-101189,11/27/2023,04/12/2023,Kavya Garcia,Corporate,South,Office Supplies,Supplies,Stanley Hole Punch Classic,40.1,2.0,0.0,21.1
5438,US-2021-100818,21/07/2021,25-Jul-2021,Zoe Walker,Home Office,West,Office Supplies,Fasteners,Bostitch Staples Value,15.66,2.0,0.0,10.88
5439,US-2024-101689,05/09/2024,16/05/2024,Chloe Young,Consumer,Central,Office Supplies,Fasteners,Bostitch Staples Standard,,5.0,0.1,26.07
5440,US-2024-100391,30/08/2024,05-Sep-2024,Priya Clark,Consumer,South,Furniture,Furnishings,Tenex Chairmat Classic,39.87,1.0,0.15,15.4
5441,US-2022-101066,03/03/2022,10-Mar-2022,Sofia Lee,Home Office,South,Technology,Phones,Samsung Galaxy Dock Classic,601.65,2.0,0.0,183.24
5442,US-2022-101504,07/03/2022,07/07/2022,,Home Office,Central,Office Supplies,Paper,Xerox Multipurpose Paper Pro,10.2,1.0,0.1,6.45
5443,US-2022-102038,15-Oct-2022,2022-10-18,Laura Kumar,Corporate,Central,Office Supplies,Envelopes,Kraft Clasp Envelope Classic,6.84,1.0,0.4,2.57
5444,US-2021-102566,28-Mar-2021,2021-04-01,Isabella Rodriguez,Home Office,South,Office Supplies,Appliances,Hoover Vacuum Pro,519.4,4.0,0.0,197.01
5445,US-2023-100685,20-Feb-2023,2023-02-25,Daniel Anderson,Consumer,West,Office Supplies,Art,Newell Scissors Standard,76.6,4.0,0.0,45.86
5446,US-2024-101963,09-May-2024,2024-05-13,Priya Clark,Home Office,Central,Furniture,Furnishings,Eldon Desk Lamp Value,78.72,2.0,0.3,17.33
5447,US-2022-100354,"August 21, 2022",08/27/2022,Isabella Lee,Consumer,Central,Office Supplies,Paper,Boise Copy Paper Value,38.62,4.0,0.0,24.51
5448,US-2021-102160,19-Feb-2021,2021-02-22,Sofia Chen,Corporate,East,Office Supplies,Fasteners,Bostitch Staples Value,6.11,1.0,0.0,4.22
5449,US-2023-101151,2023-07-15,"July 17, 2023",Maria Smith,Home Office,Central,Furniture,Furnishings,Tenex Chairmat Value,236.17,5.0,0.2,64.93
5450,US-2021-100114,14-Jun-2021,2021-06-18,Daniel Johnson,Home Office,South,Office Supplies,Envelopes,Poly String Envelope Standard,40.06,3.0,0.1,22.45
5451,US-2023-101763,11/25/2023,01/12/2023,Yusuf Kumar,Home Office,West,Office Supplies,Labels,Sharpie Label Tape Value,8.18,1.0,0.1,5.2
5452,US-2021-101394,05-May-2021,2021-05-08,Omar Brown,Corporate,West,Office Supplies,Supplies,Stanley Hole Punch Deluxe,28.29,,0.1,13.69
5453,US-2023-102630,21/04/2023,26-Apr-2023,Maria Thomas,Consumer,Central,Office Supplies,Art,Sharpie Marker Set Classic,18.38,1.0,0.15,8.79
5454,US-2021-100454,05/13/2021,16/05/2021,Noah Rodriguez,Corporate,Central,Furniture,Chairs,Hon Task Chair Pro,414.62,2.0,0.15,83.11
5455,US-2024-102696,12/17/2024,22/12/2024,Wei Garcia,Home Office,East,Technology,Machines,Cubify 3D Printer Standard,865.95,1.0,0.0,205.78
5456,US-2021-102529,"April 22, 2021",04/28/2021,Mia Brown,Consumer,East,Office Supplies,Envelopes,Kraft Clasp Envelope Value,56.38,3.0,0.0,35.31
5457,US-2024-101957,2024-02-03,"February 08, 2024",Kavya Brown,Consumer,West,Office Supplies,Art,Newell Scissors Value,11.7,1.0,0.1,6.14
5458,US-2023-100116,29-Nov-2023,2023-12-01,Grace Rodriguez,Corporate,West,Furniture,Bookcases,Bush Classic Bookcase Pro,355.64,2.0,0.4,-89.57
5459,US-2021-102114,2021-01-01,"January 06, 2021",Amit Smith,Home Office,West,Technology,Phones,Apple iPhone Accessory Pro,89.78,1.0,0.5,-40.4
5460,US-2021-102947,02/10/2021,16/02/2021,Maria Davis,Consumer,South,Furniture,Bookcases,Sauder Bookcase Standard,580.43,2.0,0.0,179.51
5461,US-2023-101031,"June 18, 2023",06/22/2023,Grace Thomas,Corporate,Central,Office Supplies,Art,Newell Scissors Pro,52.5,4.0,0.15,27.36
5462,US-2021-101668,16-Jan-2021,2021-01-20,Kavya King,Consumer,East,Office Supplies,Labels,Sharpie Label Tape Classic,16.13,2.0,0.1,10.54
5463,US-2023-101015,17-Jan-2023,2023-01-21,Ethan Garcia,Corporate,West,Office Supplies,Paper,Xerox Multipurpose Paper Pro,8.3,1.0,0.4,3.44
5464,US-2021-103083,18-Dec-2021,2021-12-25,Sofia Chen,Consumer,Central,Office Supplies,Art,Prismacolor Pencils Standard,22.88,2.0,0.3,8.02
5465,US-2021-103125,26/08/2021,30-Aug-2021,Yusuf Clark,Consumer,East,Office Supplies,Appliances,Avanti Refrigerator Deluxe,281.62,2.0,0.1,96.26
5466,US-2021-102090,11/09/2021,15-Sep-2021,Maria Thomas,Consumer,East,Office Supplies,Supplies,Elmer's Glue Pack Pro,35.33,1.0,0.0,18.98
5467,US-2022-100509,16/02/2022,19-Feb-2022,Zoe Johnson,Consumer,West,Office Supplies,Envelopes,Kraft Clasp Envelope Classic,2.98,1.0,0.8,-2.32
5468,US-2021-102829,18-Oct-2021,2021-10-21,Sofia Walker,Consumer,South,Technology,Phones,Cisco IP Phone Standard,258.55,1.0,0.1,58.76
5469,US-2024-102461,12-Jul-2024,2024-07-17,Chloe Thomas,Home Office,East,Office Supplies,Envelopes,Kraft Clasp Envelope Value,56.14,4.0,0.0,33.54
5470,US-2022-101292,2022-11-22,"November 25, 2022",Daniel Clark,Consumer,East,Office Supplies,Labels,Sharpie Label Tape Pro,10.57,2.0,0.3,5.93
5471,US-2024-100415,"February 28, 2024",03/04/2024,James Wright,Consumer,Central,Office Supplies,Binders,GBC Binding System Pro,54.27,4.0,0.3,21.98
5472,US-2022-103330,12-Jan-2022,2022-01-18,Grace Rodriguez,Consumer,East,Office Supplies,Envelopes,Poly String Envelope Standard,32.7,3.0,0.3,14.52
5473,US-2023-101801,29/04/2023,02-May-2023,Yusuf Garcia,Corporate,South,office supplies,Envelopes,Kraft Clasp Envelope Classic,61.0,5.0,0.0,38.98
5474,US-2022-102228,12/19/2022,23/12/2022,Ethan Lee,Consumer,West,Furniture,Tables,Chromcraft Round Table Value,570.7,2.0,0.1,93.51
5475,US-2024-100975,04/29/2024,30/04/2024,Maria Nair,Home Office,West,Furniture,Bookcases,Bush Classic Bookcase Standard,648.49,3.0,0.15,93.22
5476,US-2024-102077,28-Feb-2024,2024-03-04,Priya Smith,Consumer,South,Technology,Accessories,Belkin Cable Standard,40.1,1.0,0.0,21.36
5477,US-2021-102160,02/19/2021,22/02/2021,Sofia Chen,Corporate,East,Furniture,Chairs,Harbour Creations Chair Deluxe,171.27,2.0,0.5,-59.37
5478,US-2024-100770,02/16/2024,21/02/2024,Mia Patel,Consumer,South,Office Supplies,Binders,GBC Binding System Deluxe,34.86,2.0,0.0,19.88
5479,US-2023-102787,19/07/2023,23-Jul-2023,Noah Garcia,Consumer,West,Office Supplies,Envelopes,Poly String Envelope Pro,48.77,4.0,0.0,29.52
5480,US-2023-101105,"May 02, 2023",05/09/2023,Nina Smith,Home Office,East,Office Supplies,Paper,HP Premium Paper Pro,33.63,3.0,0.0,21.37
5481,US-2022-103115,21-Feb-2022,2022-02-25,Mateo Davis,Consumer,Central,Office Supplies,Envelopes,Kraft Clasp Envelope Classic,33.5,6.0,0.4,10.69
5482,US-2022-102266,"May 29, 2022",05/31/2022,Isabella Chen,Corporate,East,Furniture,Bookcases,Sauder Bookcase Deluxe,135.79,1.0,0.5,-55.39
5483,US-2024-101982,10/08/2024,17-Aug-2024,Noah Anderson,Home Office,East,Furniture,Chairs,Global Deluxe Chair Classic,556.6,4.0,0.3,1.13
5484,US-2023-103304,"October 26, 2023",11/02/2023,Nina Thomas,Corporate,South,Furniture,Bookcases,Bush Classic Bookcase Classic,294.72,1.0,0.0,90.03
5485,US-2021-102254,"March 22, 2021",03/25/2021,Daniel Smith,consumer,Central,Office Supplies,Envelopes,Poly String Envelope Value,52.86,4.0,0.2,30.28
5486,US-2022-102070,2022-10-25,"October 31, 2022",Hannah Nair,Corporate,West,Office Supplies,Envelopes,Poly String Envelope Deluxe,57.96,5.0,0.2,29.95
5487,US-2023-101196,"June 21, 2023",06/25/2023,Noah King,Consumer,South,Furniture,Tables,Bretford Conference Table Standard,390.31,1.0,0.0,93.48
5488,US-2022-100395,"July 03, 2022",07/08/2022,Nina Young,Corporate,Central,Technology,Accessories,Belkin Cable Standard,15.77,2.0,0.6,-4.35
5489,US-2021-102859,03/01/2021,05-Jan-2021,Liam Clark,Home Office,South,Technology,Accessories,SanDisk USB Drive Value,292.98,5.0,0.1,129.33
5490,US-2021-103185,"July 21, 2021",07/25/2021,Liam Davis,Home Office,Central,Office Supplies,Appliances,Honeywell Fan Pro,286.45,2.0,0.1,91.77
5491,US-2022-102258,"September 20, 2022",09/24/2022,Olivia Lee,Consumer,East,Office Supplies,Art,Newell Scissors Pro,25.15,4.0,0.4,7.2
5492,US-2022-102645,"December 10, 2022",12/13/2022,Hannah King,Consumer,East,Office Supplies,Art,Prismacolor Pencils Standard,33.43,4.0,0.4,12.01
5493,US-2022-102835,17/05/2022,20-May-2022,Wei Patel,Consumer,East,Office Supplies,Art,Prismacolor Pencils Classic,28.19,2.0,0.15,14.21
5494,US-2022-100421,09/05/2022,12-May-2022,Priya Wright,Consumer,West,Office Supplies,Appliances,Avanti Refrigerator Standard,315.91,3.0,0.0,132.18
5495,US-2022-100765,29-Dec-2022,2023-01-04,Grace Anderson,Corporate,Central,Furniture,Furnishings,Eldon Desk Lamp Value,39.43,1.0,0.2,13.8
5496,US-2022-103024,"December 15, 2022",12/19/2022,Nina Walker,Consumer,South,Furniture,Bookcases,Sauder Bookcase Deluxe,1109.97,5.0,0.2,85.37
5497,US-2024-101603,2024-03-14,"March 15, 2024",Zoe Nair,Consumer,West,Technology,Machines,Cubify 3D Printer Classic,519.8,1.0,0.4,-159.12
5498,US-2021-102419,23/04/2021,30-Apr-2021,Isabella Wright,Consumer,East,Office Supplies,Binders,GBC Binding System Standard,50.43,6.0,0.6,-1.22
5499,US-2023-100781,07/14/2023,18/07/2023,Ethan Johnson,Consumer,South,Office Supplies,Paper,Boise Copy Paper Value,23.99,2.0,0.0,15.66
5500,US-2024-103269,06/12/2024,19/06/2024,Wei Johnson,Consumer,Central,Office Supplies,Paper,HP Premium Paper Deluxe,30.67,3.0,0.3,13.95
5501,US-2023-101337,15-May-2023,2023-05-18,Wei Young,Corporate,West,Furniture,Chairs,Global Deluxe Chair Classic,465.63,3.0,0.15,105.04
5502,US-2021-101981,06-Jul-2021,2021-07-08,Yusuf Thomas,Home Office,Central,Office Supplies,Supplies,Elmer's Glue Pack Value,16.0,1.0,0.4,4.69
5503,US-2022-101218,"November 29, 2022",12/03/2022,Omar Chen,Corporate,East,Technology,Accessories,Logitech Mouse Classic,115.62,3.0,0.2,43.91
5504,US-2023-100908,25/04/2023,27-Apr-2023,Amit Brown,Consumer,Central,Office Supplies,Art,Newell Scissors Standard,6.89,1.0,0.6,0.02
5505,US-2022-100989,"July 25, 2022",07/30/2022,Nina King,Consumer,East,Technology,Accessories,Belkin Cable Classic,19.9,1.0,0.2,7.27
5506,US-2024-103241,2024-03-05,"March 09, 2024",Noah Rodriguez,Consumer,East,Office Supplies,Labels,Avery Label Set Value,28.04,3.0,0.0,20.66
5507,US-2022-103319,"April 21, 2022",04/23/2022,Mia Walker,Consumer,South,Furniture,Chairs,Harbour Creations Chair Standard,798.63,4.0,0.15,182.55
5508,US-2022-101812,24/03/2022,27-Mar-2022,Noah Patel,Home Office,West,Office Supplies,Envelopes,Poly String Envelope Deluxe,50.51,3.0,0.0,30.75
5509,US-2022-102186,29-Jun-2022,2022-07-01,Maria Clark,Consumer,Central,Office Supplies,Appliances,Hoover Vacuum Deluxe,142.26,1.0,0.1,50.45
5510,US-2024-103066,03-Sep-2024,2024-09-06,Amit Kumar,Home Office,West,Office Supplies,Storage,SAFCO Storage Bin Pro,294.22,4.0,0.2,76.17
5511,US-2023-102925,04/29/2023,03/05/2023,Emma Wilson,Consumer,Central,Office Supplies,Binders,GBC Binding System Classic,17.25,1.0,0.15,9.3
5512,US-2023-101617,"September 15, 2023",09/20/2023,Maria Lee,Corporate,East,Office Supplies,Art,Prismacolor Pencils Deluxe,21.77,1.0,0.0,12.72
5513,US-2023-101838,2023-02-17,"February 22, 2023",James Chen,Corporate,West,Furniture,Tables,Bretford Conference Table Pro,666.89,2.0,0.2,45.09
5514,US-2024-100949,24-May-2024,2024-05-29,Lucas Johnson,Consumer,Central,Office Supplies,Labels,Sharpie Label Tape Deluxe,9.24,2.0,0.5,2.6
5515,US-2024-101640,30/08/2024,02-Sep-2024,Omar Wright,Consumer,South,Office Supplies,Labels,Sharpie Label Tape Deluxe,30.45,2.0,0.0,21.17
5516,US-2022-101575,2022-09-12,"September 17, 2022",Omar Davis,Consumer,West,Office Supplies,Supplies,Elmer's Glue Pack Standard,23.87,1.0,0.0,13.15
5517,US-2023-101898,01-Feb-2023,2023-02-03,Daniel Clark,Corporate,South,Furniture,Chairs,Global Deluxe Chair Deluxe,234.92,3.0,0.2,33.18
5518,US-2024-101988,26/10/2024,02-Nov-2024,Hannah Johnson,Consumer,South,Furniture,Chairs,Hon Task Chair Pro,178.84,2.0,0.4,-29.62
5519,US-2021-101023,04-Jul-2021,2021-07-07,Emma Wright,Consumer,East,Office Supplies,Art,Prismacolor Pencils Deluxe,11.32,1.0,0.3,4.93
5520,US-2022-103144,04/10/2022,08-Oct-2022,Amit Wilson,Consumer,Central,Office Supplies,Envelopes,Kraft Clasp Envelope Classic,7.08,2.0,0.8,-6.63
5521,US-2021-100632,25/04/2021,28-Apr-2021,Sofia Wilson,Consumer,East,Technology,Phones,Cisco IP Phone Pro,366.9,1.0,0.0,110.01
5522,US-2022-102775,11/19/2022,26/11/2022,Laura Johnson,Consumer,East,Office Supplies,Art,Sharpie Marker Set Classic,19.67,1.0,0.0,11.89
5523,US-2021-101951,17-Aug-2021,2021-08-20,Noah King,Home Office,West,Office Supplies,Envelopes,Kraft Clasp Envelope Value,23.05,,0.2,11.35
5524,US-2024-100998,"December 17, 2024",12/21/2024,Sofia Nair,Corporate,West,Office Supplies,Fasteners,Bostitch Staples Classic,16.85,3.0,0.1,11.54
5525,US-2023-101042,22-Feb-2023,2023-02-24,Liam Clark,Home Office,Central,Technology,Copiers,Canon imageCLASS Copier Classic,1110.44,1.0,0.4,-461.82
5526,US-2022-102515,12/18/2022,21/12/2022,Priya Rodriguez,Consumer,East,Technology,Phones,Samsung Galaxy Dock Deluxe,567.55,2.0,0.0,170.89
5527,US-2021-103047,12/29/2021,03/01/2022,Lucas Chen,Consumer,South,Technology,Copiers,Hewlett Packard Copier Deluxe,4263.38,3.0,0.2,-186.11
5528,US-2024-100332,"February 08, 2024",02/10/2024,Kenji King,Consumer,West,Office Supplies,Art,Prismacolor Pencils Deluxe,11.71,1.0,0.15,6.36
5529,US-2021-101676,2021-03-23,"March 26, 2021",Laura Young,Consumer,West,Technology,Machines,Cubify 3D Printer Classic,1843.71,3.0,0.0,384.28
5530,US-2024-100515,"May 16, 2024",05/21/2024,Omar Smith,Consumer,West,Furniture,Tables,Bevis Table Pro,1370.84,3.0,0.0,338.57
5531,US-2024-100880,12/11/2024,17-Nov-2024,Zoe Nair,Consumer,West,Office Supplies,Labels,Sharpie Label Tape Pro,13.39,1.0,0.0,8.7
5532,US-2024-103061,24/04/2024,01-May-2024,Lucas Walker,Corporate,South,Office Supplies,Appliances,Avanti Refrigerator Classic,116.26,1.0,0.0,45.34
5533,US-2024-100117,10/04/2024,09/10/2024,Ananya Kumar,Corporate,Central,Office Supplies,Storage,SAFCO Storage Bin Standard,60.46,1.0,0.5,-8.2
5534,US-2023-102692,"July 20, 2023",07/25/2023,Laura Lee,Corporate,Central,Office Supplies,Paper,Xerox Multipurpose Paper Standard,31.41,2.0,0.1,19.12
5535,US-2022-100518,2022-07-22,"July 25, 2022",Arjun Anderson,Corporate,East,Office Supplies,Paper,Xerox Multipurpose Paper Value,5.42,1.0,0.5,1.19
5536,US-2023-102695,"August 03, 2023",08/08/2023,Chloe Thomas,Consumer,West,Furniture,Tables,Bretford Conference Table Classic,543.83,2.0,0.1,67.11
5537,US-2023-100290,20-Jul-2023,2023-07-21,Grace Young,Corporate,Central,Office Supplies,Paper,Xerox Multipurpose Paper Pro,57.09,5.0,0.0,36.25
5538,US-2023-100614,"September 10, 2023",09/17/2023,Ethan Rodriguez,Home Office,East,Office Supplies,Labels,Sharpie Label Tape Classic,21.15,3.0,0.2,12.58
5539,US-2021-102313,2021-09-03,"September 06, 2021",Yusuf Davis,Consumer,South,Furniture,Chairs,Harbour Creations Chair Standard,939.82,5.0,0.15,187.57
5540,US-2021-101614,2021-09-23,"September 27, 2021",Arjun Johnson,Home Office,East,Technology,Machines,Zebra Label Printer Pro,327.81,1.0,0.3,-36.46
5541,US-2022-103019,06/21/2022,26/06/2022,Laura Thomas,Home Office,West,Office Supplies,Storage,IRIS Storage Box Value,136.62,1.0,0.0,56.58
5542,US-2024-100933,2024-11-28,"December 03, 2024",Liam Nair,Consumer,East,Furniture,Chairs,Global Deluxe Chair Pro,262.32,2.0,0.3,5.7
5543,US-2024-101666,"June 16, 2024",06/20/2024,Ananya Johnson,Consumer,East,Technology,Phones,Cisco IP Phone Pro,482.51,2.0,0.0,167.29
5544,US-2023-101641,06/20/2023,25/06/2023,James Rodriguez,Consumer,South,Technology,Phones,Samsung Galaxy Dock Classic,601.16,2.0,0.1,139.98
5545,US-2022-100478,06/03/2022,10-Mar-2022,Emma Chen,Consumer,East,Technology,Phones,Apple iPhone Accessory Classic,469.08,6.0,0.5,-149.3
5546,US-2023-102196,2023-04-17,"April 24, 2023",Hannah Rodriguez,Consumer,South,Furniture,Furnishings,Eldon Desk Lamp Value,46.87,1.0,0.4,6.28
5547,US-2023-101470,09/05/2023,16-May-2023,Priya Nair,Corporate,West,Office Supplies,Supplies,Stanley Hole Punch Classic,36.33,1.0,0.0,19.3
5548,US-2023-102751,"February 26, 2023",03/05/2023,Ravi Rodriguez,Corporate,East,Office Supplies,Paper,Xerox Multipurpose Paper Value,9.94,1.0,0.0,6.35
5549,US-2023-101864,23/02/2023,28-Feb-2023,Mateo Young,Consumer,South,Furniture,Chairs,Hon Task Chair Value,678.92,2.0,0.0,220.69
5550,US-2021-102916,2021-12-20,"December 25, 2021",Sofia Garcia,Consumer,Central,Office Supplies,Fasteners,Bostitch Staples Pro,8.55,2.0,0.0,6.0
5551,US-2023-100116,2023-11-29,"December 01, 2023",Grace Rodriguez,Corporate,West,Office Supplies,Envelopes,Poly String Envelope Value,47.97,3.0,0.0,31.3
5552,US-2023-101861,22/05/2023,26-May-2023,Kavya Lee,Home Office,West,Furniture,Furnishings,Eldon Desk Lamp Classic,32.67,1.0,0.1,12.7
5553,US-2023-101363,"August 01, 2023",08/07/2023,Mateo Anderson,Consumer,West,Office Supplies,Labels,Avery Label Set Classic,18.64,2.0,0.0,12.21
5554,US-2021-102148,03/12/2021,18/03/2021,Mateo Anderson,Consumer,East,Office Supplies,Art,Newell Scissors Standard,5.38,1.0,0.5,1.27
5555,US-2023-102683,15/05/2023,19-May-2023,Arjun Chen,Consumer,South,Furniture,Tables,Chromcraft Round Table Standard,317.6,1.0,0.0,75.89
5556,US-2021-102708,07/10/2021,14-Oct-2021,Isabella Chen,Home Office,South,Technology,Copiers,Hewlett Packard Copier Standard,2704.88,2.0,0.2,-45.96
5557,US-2022-100226,12/23/2022,25/12/2022,Mia Thomas,Consumer,South,Office Supplies,Fasteners,ACCO Fasteners Deluxe,14.15,2.0,0.0,9.84
5558,US-2021-103131,"July 03, 2021",07/06/2021,Liam Smith,Corporate,Central,Office Supplies,Fasteners,Bostitch Staples Classic,18.94,4.0,0.0,13.83
5559,US-2023-100886,2023-04-11,"April 15, 2023",Ananya Brown,Consumer,West,Office Supplies,Supplies,Elmer's Glue Pack Value,107.39,4.0,0.0,59.46
5560,US-2023-101619,2023-06-16,"June 20, 2023",Ananya Wright,Consumer,West,Office Supplies,Labels,Sharpie Label Tape Deluxe,15.27,2.0,0.0,10.53
5561,US-2021-101211,20-Feb-2021,2021-02-23,Sofia Rodriguez,Home Office,South,Furniture,Tables,Bretford Conference Table Pro,500.86,2.0,0.3,-64.79
5562,US-2024-103124,"February 21, 2024",02/24/2024,Liam Young,Consumer,West,Technology,Accessories,Logitech Mouse Value,92.06,3.0,0.15,36.75
5563,US-2021-103247,"May 09, 2021",05/12/2021,Chloe Davis,Home Office,West,Office Supplies,Paper,Boise Copy Paper Deluxe,48.74,6.0,0.0,32.9
5564,US-2022-101537,"March 11, 2022",03/14/2022,Liam Lee,Home Office,Central,Office Supplies,Supplies,Elmer's Glue Pack Value,41.44,2.0,0.2,18.95
5565,US-2024-100038,12/03/2024,18-Mar-2024,Emma King,Home Office,Central,Office Supplies,Storage,IRIS Storage Box Standard,73.81,2.0,0.7,-71.19
5566,US-2022-102340,09/11/2022,16-Nov-2022,Ananya Chen,Home Office,Central,Furniture,Chairs,Harbour Creations Chair Pro,592.53,3.0,0.15,105.68
5567,US-2024-101236,05-Dec-2024,2024-12-09,Zoe Anderson,Consumer,South,Furniture,Furnishings,Fellowes Wall Clock Deluxe,396.99,6.0,0.1,157.67
5568,US-2023-103142,04/26/2023,28/04/2023,Kenji Patel, CONSUMER ,South,Office Supplies,Supplies,Elmer's Glue Pack Value,35.0,2.0,0.4,7.33
5569,US-2021-100286,18-Apr-2021,2021-04-24,Ananya Clark,Corporate,West,Office Supplies,Binders,Acco Binder Value,12.59,1.0,0.0,7.45
5570,US-2024-100218,29/01/2024,03-Feb-2024,,Home Office,East,Office Supplies,Supplies,Elmer's Glue Pack Standard,22.53,2.0,0.4,5.42
5571,US-2021-102906,05/08/2021,11-Aug-2021,Daniel Wright,Consumer,East,Technology,Machines,Lexmark Printer Standard,3098.23,4.0,0.1,431.25
5572,US-2022-102399,"March 18, 2022",03/24/2022,Daniel Wright,Home Office,South,Furniture,Tables,Chromcraft Round Table Classic,854.48,4.0,0.3,-99.16
5573,US-2021-102922,12-Feb-2021,2021-02-16,Omar Kumar,Consumer,Central,Furniture,Bookcases,O'Sullivan Bookcase Pro,248.62,1.0,0.2,22.42
5574,US-2024-100643,03/29/2024,03/04/2024,Lucas Patel,Corporate,West,Office Supplies,Paper,Boise Copy Paper Pro,19.12,2.0,0.15,10.72
5575,US-2024-100524,"September 02, 2024",09/07/2024,Wei Davis,Consumer,East,Technology,Accessories,Logitech Mouse Pro,41.36,1.0,0.1,19.88
5576,US-2022-100194,17-Jul-2022,2022-07-20,Kavya Johnson,Consumer,Central,Office Supplies,Labels,Avery Label Set Pro,25.94,4.0,0.2,15.55
5577,US-2022-100609,01/07/2022,08/01/2022,,Home Office,East,Furniture,Bookcases,O'Sullivan Bookcase Classic,197.55,1.0,0.3,-5.22
5578,US-2024-100763,2024-05-07,"May 11, 2024",Mia Chen,Home Office,Central,Office Supplies,Binders,Acco Binder Value,112.03,6.0,0.1,58.96
5579,US-2021-102286,"October 26, 2021",10/30/2021,Mateo Kumar,Corporate,South,Technology,Accessories,Logitech Mouse Pro,59.33,1.0,0.0,30.17
5580,US-2021-102728,06/20/2021,24/06/2021,Ananya Rodriguez,Consumer,East,Office Supplies,Supplies,Elmer's Glue Pack Standard,33.08,2.0,0.15,15.95
5581,US-2022-102005,07-Apr-2022,2022-04-12,Sofia Brown,Consumer,East,Office Supplies,Labels,Sharpie Label Tape Standard,25.77,5.0,0.3,12.82
5582,US-2023-102937,04/03/2023,06/04/2023,Olivia Smith,Consumer,East,Technology,Phones,Cisco IP Phone Standard,566.29,4.0,0.4,-71.83
5583,US-2022-100595,2022-10-19,"October 25, 2022",Lucas Chen,Consumer,South,Technology,Phones,Apple iPhone Accessory Value,899.14,2.0,0.1,211.45
5584,US-2021-101186,10/09/2021,12/10/2021,,Consumer,West,Office Supplies,Storage,Fellowes File Cart Pro,303.42,5.0,0.3,69.8
5585,US-2022-102573,29-Jun-2022,2022-07-02,Ravi Clark,Consumer,South,Furniture,Furnishings,Fellowes Wall Clock Classic,51.63,1.0,0.0,22.96
5586,US-2023-100096,09/28/2023,29/09/2023,Mia Davis,Consumer,West,Furniture,Furnishings,Fellowes Wall Clock Classic,137.19,2.0,0.0,63.45
5587,US-2024-102873,"March 12, 2024",03/15/2024,Kenji Wright,Home Office,Central,Office Supplies,Paper,Boise Copy Paper Deluxe,65.12,5.0,0.15,38.55
5588,US-2024-100889,2024-07-19,"July 23, 2024",Maria Anderson,Consumer,East,Furniture,Bookcases,Bush Classic Bookcase Value,1146.89,5.0,0.0,329.54
5589,US-2021-102314,"September 30, 2021",10/03/2021,Noah Wilson,Consumer,South,Furniture,Bookcases,O'Sullivan Bookcase Standard,543.13,2.0,0.2,65.07
5590,US-2021-103111,2021-04-14,"April 16, 2021",James Wright,Corporate,Central,Office Supplies,Supplies,Elmer's Glue Pack Deluxe,21.46,1.0,0.2,9.25
5591,US-2024-101568,"October 21, 2024",10/24/2024,Grace Lee,Consumer,South,Technology,Copiers,Hewlett Packard Copier Standard,4616.67,3.0,0.0,846.08
5592,US-2024-102080,12/28/2024,01/01/2025,Liam Martinez,Consumer,West,Office Supplies,Storage,SAFCO Storage Bin Deluxe,63.1,2.0,0.5,-13.19
5593,US-2021-100611,09/20/2021,23/09/2021,Yusuf Davis,Corporate,Central,Furniture,Bookcases,Sauder Bookcase Pro,738.48,3.0,0.2,76.46
5594,US-2022-101847,"May 15, 2022",05/19/2022,Kavya King,Consumer,East,Office Supplies,Fasteners,Bostitch Staples Standard,5.84,1.0,0.15,3.65
5595,US-2023-102377,"October 18, 2023",10/23/2023,Laura Davis,Consumer,East,Furniture,Chairs,Harbour Creations Chair Standard,180.3,1.0,0.3,7.92
5596,US-2022-100941,2022-09-10,"September 13, 2022",Ananya Smith,Corporate,South,Office Supplies,Art,Sharpie Marker Set Deluxe,49.0,5.0,0.1,27.85
5597,US-2024-101169,2024-11-20,"November 25, 2024",Yusuf Young,Corporate,West,Office Supplies,Envelopes,Kraft Clasp Envelope Standard,16.34,1.0,0.0,10.21
5598,US-2024-101895,25-Aug-2024,2024-08-29,Grace Lee,Consumer,East,Technology,Copiers,Canon imageCLASS Copier Pro,,1.0,0.7,-605.58
5599,US-2023-100021,28/09/2023,03-Oct-2023,James Patel,Consumer,East,Office Supplies,Labels,Sharpie Label Tape Deluxe,28.45,4.0,0.3,18.17
5600,US-2023-102410,19/12/2023,26-Dec-2023,Liam Clark,Corporate,Central,Office Supplies,Labels,Avery Label Set Standard,16.48,5.0,0.5,5.25
5601,US-2021-100461,2021-10-09,"October 16, 2021",Isabella Brown,Consumer,South,Office Supplies,Fasteners,Bostitch Staples Pro,3.88,1.0,0.3,2.06
5602,US-2021-101531,05/04/2021,07/05/2021,Noah Smith,Corporate,South,Office Supplies,Paper,HP Premium Paper Classic,14.11,1.0,0.0,9.45
5603,US-2022-100876,"May 29, 2022",06/02/2022,Nina Rodriguez,Home Office,East,Office Supplies,Storage,SAFCO Storage Bin Deluxe,169.33,2.0,0.0,66.67
5604,US-2022-103264,05/31/2022,03/06/2022,Laura Kumar,Consumer,West,Technology,Phones,Apple iPhone Accessory Deluxe,471.72,2.0,0.5,-209.21
5605,US-2021-100815,"June 27, 2021",07/01/2021,Priya Davis,Home Office,Central,Furniture,Chairs,Harbour Creations Chair Pro,278.9,3.0,0.5,-100.33
5606,US-2022-101567,19-Aug-2022,2022-08-22,,Corporate,South,Technology,Copiers,Hewlett Packard Copier Deluxe,2127.72,2.0,0.1,226.02
5607,US-2024-101697,03/01/2024,09-Jan-2024,Noah Patel,Consumer,South,Office Supplies,Supplies,Stanley Hole Punch Standard,74.96,4.0,0.3,28.93
5608,US-2024-101220,03/28/2024,01/04/2024,Amit Garcia,Consumer,West,Office Supplies,Envelopes,Poly String Envelope Classic,15.29,1.0,0.0,9.58
5609,US-2021-100139,10/21/2021,22/10/2021,Emma Rodriguez,Corporate,East,Technology,Phones,Samsung Galaxy Dock Pro,1260.39,6.0,0.2,91.56
5610,US-2024-101235,03/25/2024,31/03/2024,Maria Chen,Consumer,East,Office Supplies,Envelopes,Kraft Clasp Envelope Pro,17.28,1.0,0.0,10.18
5611,US-2021-101413,"July 30, 2021",08/03/2021,Mia Anderson,Consumer,Central,Technology,Phones,Cisco IP Phone Classic,658.68,2.0,0.15,128.57
5612,US-2023-100350,2023-02-18,"February 22, 2023",Hannah Garcia,Consumer,West,Office Supplies,Art,Sharpie Marker Set Pro,20.21,3.0,0.15,10.29
5613,US-2024-101457,2024-10-25,"November 01, 2024",Liam Rodriguez,corporate,South,Office Supplies,Appliances,Avanti Refrigerator Classic,379.99,4.0,0.2,100.35
5614,US-2021-103206,"December 26, 2021",12/31/2021,Grace Garcia,Corporate,South,Technology,Copiers,Canon imageCLASS Copier Standard,783.63,1.0,0.6,-828.42
5615,US-2023-101731,"May 22, 2023",05/26/2023,Yusuf Nair,Consumer,West,Office Supplies,Appliances,Hoover Vacuum Value,231.08,2.0,0.0,88.16
5616,US-2023-100383,01/20/2023,23/01/2023,Mateo Brown,Consumer,East,Office Supplies,Fasteners,ACCO Fasteners Pro,9.8,1.0,0.0,7.02
5617,US-2022-102344,2022-01-03,"January 05, 2022",Noah Brown,Consumer,West,Office Supplies,Fasteners,ACCO Fasteners Classic,6.37,1.0,0.2,3.8
5618,US-2023-102146,02/18/2023,24/02/2023,Maria Nair,Consumer,East,Technology,Phones,Samsung Galaxy Dock Pro,1194.37,5.0,0.2,147.14
5619,US-2024-101924,21-Dec-2024,2024-12-22,Mia Anderson,Home Office,South,Furniture,Chairs,Harbour Creations Chair Value,,4.0,0.1,157.93
5620,US-2024-100907,"October 18, 2024",10/21/2024,Laura Thomas,Consumer,Central,Office Supplies,Paper,Xerox Multipurpose Paper Deluxe,15.17,2.0,0.0,10.08
5621,US-2022-100757,10-Mar-2022,2022-03-14,,Corporate,West,Office Supplies,Supplies,Elmer's Glue Pack Value,25.55,1.0,0.0,13.8
5622,US-2023-101132,12/02/2023,15-Feb-2023,Priya Wright,Corporate,East,Office Supplies,Fasteners,Bostitch Staples Classic,9.0,3.0,0.0,6.19
5623,US-2023-102787,"July 19, 2023",07/23/2023,Noah Garcia,Consumer,West,Technology,Copiers,Canon imageCLASS Copier Standard,2978.71,3.0,0.2,-99.83
5624,US-2024-101804,2024-02-17,"February 21, 2024",James Thomas,Corporate,Central,Office Supplies,Fasteners,ACCO Fasteners Classic,41.01,4.0,0.0,28.08
5625,US-2022-101642,21/07/2022,25-Jul-2022,Laura Wright,Consumer,East,Furniture,Tables,Bretford Conference Table Classic,633.55,2.0,0.0,166.24
5626,US-2022-100109,14/08/2022,17-Aug-2022,Hannah Anderson,Home Office,West,Office Supplies,Fasteners,ACCO Fasteners Deluxe,4.48,1.0,0.1,2.84
5627,US-2021-101074,06/06/2021,10/06/2021,Kenji Johnson,Consumer,East,Furniture,Bookcases,O'Sullivan Bookcase Classic,1313.52,5.0,0.0,338.11
5628,US-2021-100582,2021-01-27,"January 31, 2021",Carlos Wilson,Corporate,West,Technology,Machines,Zebra Label Printer Classic,456.16,1.0,0.1,54.16
5629,US-2023-101652,25-Jan-2023,2023-01-29,Maria Anderson,Consumer,Central,Office Supplies,Binders,Wilson Jones Binder Standard,7.27,2.0,0.8,
5630,US-2023-101224,12-Mar-2023,2023-03-16,Wei Young,Consumer,Central,Office Supplies,Appliances,Honeywell Fan Value,915.67,5.0,0.0,376.31
5631,US-2022-101532,"January 20, 2022",01/24/2022,Priya Patel,Consumer,West,Office Supplies,Supplies,Elmer's Glue Pack Pro,60.81,3.0,0.3,19.67
5632,US-2023-100647,29-Jan-2023,2023-02-01,Mia Young,Home Office,Central,Office Supplies,Labels,Sharpie Label Tape Deluxe,5.47,1.0,0.0,3.5
5633,US-2021-100273,06/03/2021,11-Mar-2021,Kavya Patel,Consumer,East,Technology,Accessories,SanDisk USB Drive Deluxe,36.68,1.0,0.1,16.11
5634,US-2023-101742,28/08/2023,01-Sep-2023,Carlos Young,Corporate,Central,Technology,Phones,Apple iPhone Accessory Pro,525.33,2.0,0.0,159.2
5635,US-2022-102898,"June 04, 2022",06/05/2022,Isabella Rodriguez,Consumer,South,Technology,Copiers,Canon imageCLASS Copier Standard,3775.26,4.0,0.15,187.24
5636,US-2024-102472,22-Mar-2024,2024-03-27,Kenji Clark,Home Office,West,Office Supplies,Supplies,Elmer's Glue Pack Deluxe,94.17,4.0,0.0,48.82
5637,US-2024-102031,2024-02-25,"February 26, 2024",Mia Nair,Corporate,Central,Office Supplies,Storage,Fellowes File Cart Classic,106.58,2.0,0.4,-2.43
5638,US-2023-102730,2023-04-12,"April 17, 2023",Hannah Wright,Home Office,East,Office Supplies,Labels,Avery Label Set Pro,23.35,2.0,0.0,15.58
5639,US-2022-100705,21/03/2022,26-Mar-2022,Mateo Clark,Consumer,South,Technology,Phones,Apple iPhone Accessory Standard,1176.74,3.0,0.1,263.54
5640,US-2024-103016,11/05/2024,12/11/2024,Priya Brown,Consumer,West,Technology,Copiers,Canon imageCLASS Copier Classic,1838.52,1.0,0.0,384.33
5641,US-2021-103161,06/07/2021,11/06/2021,Noah Rodriguez,Corporate,East,Office Supplies,Labels,Avery Label Set Pro,24.7,3.0,0.0,16.62
5642,US-2021-101456,"March 23, 2021",03/26/2021,Chloe Anderson,Home Office,East,Office Supplies,Art,Sharpie Marker Set Value,8.44,1.0,0.4,2.46
5643,US-2022-101569,29-Sep-2022,2022-10-05,Sofia King,Consumer,East,Office Supplies,Envelopes,Poly String Envelope Classic,80.97,5.0,0.15,42.81
5644,US-2021-101426,08/29/2021,02/09/2021,Hannah Garcia,Consumer,West,Furniture,Furnishings,Fellowes Wall Clock Standard,51.79,1.0,0.1,18.46
5645,US-2024-100457,31/10/2024,03-Nov-2024,Isabella Kumar,Consumer,West,Furniture,Tables,Bretford Conference Table Deluxe,599.58,1.0,0.0,171.88
5646,US-2022-101003,2022-12-21,"December 24, 2022",Maria Davis,Home Office,East,Furniture,Chairs,Hon Task Chair Pro,355.22,2.0,0.0,113.49
5647,US-2022-100076,2022-09-04,"September 07, 2022",Nina Lee,Home Office,East,Furniture,Chairs,Global Deluxe Chair Deluxe,285.97,1.0,0.0,92.63
5648,US-2023-101753,01/08/2023,05-Aug-2023,Wei Davis,Consumer,Central,Office Supplies,Envelopes,Poly String Envelope Deluxe,70.21,5.0,0.2,35.2
5649,US-2022-101903,06/11/2022,15/06/2022,Liam Thomas,Consumer,West,Furniture,Tables,Bevis Table Standard,819.16,2.0,0.2,27.18
5650,US-2023-102069,26/09/2023,30-Sep-2023,Yusuf Johnson,Consumer,West,Furniture,Tables,Bretford Conference Table Standard,223.3,1.0,0.4,-60.98
5651,US-2023-103316,"January 05, 2023",01/08/2023,Nina King,Consumer,South,Office Supplies,Art,Sharpie Marker Set Standard,41.11,3.0,0.15,20.22
5652,US-2021-102657,05/30/2021,05/06/2021,Laura Nair,Corporate,West,Office Supplies,Labels,Avery Label Set Value,12.25,2.0,0.4,5.81
5653,US-2023-103174,13/04/2023,16-Apr-2023,Laura Anderson,Consumer,West,Office Supplies,Storage,SAFCO Storage Bin Standard,280.56,3.0,,
5654,US-2023-100270,11/05/2023,12/11/2023,Zoe Walker,Consumer,West,Furniture,Furnishings,Fellowes Wall Clock Value,18.44,1.0,0.3,4.86
5655,US-2022-101858,18-Sep-2022,2022-09-21,Mateo Walker,Consumer,East,Office Supplies,Labels,Avery Label Set Deluxe,54.02,5.0,0.0,35.1
5656,US-2024-102272,08-Jul-2024,2024-07-09,Omar Chen,Consumer,East,Office Supplies,Fasteners,Bostitch Staples Classic,13.88,2.0,0.3,8.22
5657,US-2022-103092,07/08/2022,15/07/2022,Chloe Martinez,Consumer,West,Office Supplies,Supplies,Elmer's Glue Pack Standard,87.69,5.0,0.0,50.94
5658,US-2021-103111,04/14/2021,16/04/2021,James Wright,Corporate,Central,Furniture,Chairs,Global Deluxe Chair Standard,708.93,3.0,0.1,168.6
5659,US-2021-103203,2021-11-22,"November 27, 2021",Isabella Chen,Consumer,Central,Furniture,Bookcases,Sauder Bookcase Value,194.61,2.0,0.0,55.92
5660,US-2022-100513,2022-08-07,"August 10, 2022",James Lee,Consumer,West,Office Supplies,Paper,HP Premium Paper Classic,42.13,4.0,0.0,28.72
